218.137238,-72.444056,11.136364,3.425262,5.430944,-0.062500,0.054196,-0.024038,0.103584,217.248252,-0.062500,-0.062500,2.877622,0.398601,0.346154,0.369318,-0.062500,-0.062500,1.000000
218.161713,-72.482168,11.146591,2.718969,4.816696,-0.062500,0.012587,-0.060752,-0.026748,217.247028,-0.062500,-0.062500,2.315822,0.636713,0.371416,0.319318,-0.062500,-0.062500,1.000000
218.183275,-72.517366,11.156818,2.144376,4.336043,-0.062500,-0.033537,-0.087413,-0.127360,217.247844,-0.062500,-0.062500,1.877855,0.837821,0.398135,0.271212,-0.062500,-0.062500,1.000000
218.201923,-72.549650,11.167045,1.701486,3.988986,-0.062500,-0.084178,-0.104021,-0.198252,217.250699,-0.062500,-0.062500,1.563724,1.001923,0.426311,0.225000,-0.062500,-0.062500,1.000000
218.217657,-72.579021,11.177273,1.390297,3.775524,-0.062500,-0.139336,-0.110577,-0.239423,217.255594,-0.062500,-0.062500,1.373427,1.129021,0.455944,0.180682,-0.062500,-0.062500,1.000000
218.230478,-72.605478,11.187500,1.210810,3.695659,-0.062500,-0.199009,-0.107080,-0.250874,217.262529,-0.062500,-0.062500,1.306964,1.219114,0.487034,0.138258,-0.062500,-0.062500,1.000000
218.232226,-72.623689,11.195221,1.146125,3.596300,-0.062500,-0.292686,-0.091200,-0.252768,217.269522,-0.062500,-0.062500,1.413899,1.255536,0.500583,0.068765,-0.062500,-0.062500,1.000000
218.243590,-72.643357,11.200029,1.254516,3.679487,-0.062500,-0.385927,-0.062209,-0.156031,217.283800,-0.062500,-0.062500,1.626020,1.243153,0.547640,0.027098,-0.062500,-0.062500,1.000000
218.256410,-72.659965,11.212267,1.461976,4.132721,-0.062500,-0.444930,-0.021562,-0.068619,217.302448,-0.062500,-0.062500,1.915501,1.208916,0.572552,0.000583,-0.062500,-0.062500,1.000000
218.262529,-72.686043,11.225233,1.724942,4.740967,-0.062500,-0.465181,0.013258,0.011655,217.322552,-0.062500,-0.062500,2.161422,1.270251,0.604021,-0.003642,-0.062500,-0.062500,1.000000
218.270833,-72.715618,11.237471,2.063811,5.339598,-0.062500,-0.464452,0.032780,0.059441,217.335956,-0.062500,-0.062500,2.428467,1.376020,0.644231,0.015880,-0.062500,-0.062500,1.000000
218.290210,-72.765006,11.247523,2.397873,5.728293,-0.062500,-0.432692,0.035548,0.078817,217.351544,-0.062500,-0.062500,2.467366,1.609266,0.660839,0.052448,-0.062500,-0.062500,1.000000
218.312500,-72.820221,11.253934,2.589744,5.836393,-0.062500,-0.405303,0.006847,-0.024621,217.364948,-0.062500,-0.062500,2.375146,1.873543,0.697844,0.100233,-0.062500,-0.062500,1.000000
218.329545,-72.867279,11.255245,2.638403,5.644376,-0.062500,-0.382721,-0.016463,-0.206002,217.379808,-0.062500,-0.062500,2.465763,2.004371,0.703526,0.164773,-0.062500,-0.062500,1.000000
218.344988,-72.917249,11.250000,2.689248,5.261509,-0.062500,-0.361451,-0.036859,-0.350962,217.394522,-0.062500,-0.062500,2.745192,2.049825,0.723922,0.241113,-0.062500,-0.062500,1.000000
218.324301,-72.946970,11.276224,3.447844,5.732663,-0.125437,-0.312354,-0.020105,-0.461976,217.374563,-0.062500,-0.062500,3.709790,1.825903,0.734266,0.343969,-0.025787,-0.015297,1.000000
218.356061,-72.993444,11.269668,3.855186,5.405303,-0.093969,-0.249854,-0.030449,-0.480915,217.408508,-0.062500,-0.062500,4.128642,1.509324,0.684295,0.381993,-0.034965,-0.006119,1.000000
218.441288,-73.053904,11.237617,3.853001,4.575175,-0.015734,-0.166958,-0.051573,-0.402535,217.492133,-0.062500,-0.062500,4.080857,1.137821,0.575758,0.383159,-0.079837,-0.069056,1.000000
218.546911,-73.121795,11.187354,3.409382,3.500874,0.084353,-0.104895,-0.076195,-0.302010,217.609411,-0.062500,-0.062500,3.533654,0.849796,0.407488,0.317599,-0.186917,-0.253351,1.000000
218.658362,-73.197261,11.126166,2.685460,2.176719,0.173660,-0.056964,-0.103584,-0.126894,217.732517,-0.062500,-0.062500,2.595280,0.716492,0.247815,0.235577,-0.263403,-0.386655,1.000000
218.774330,-73.264860,11.061334,1.681381,0.693328,0.282488,-0.088869,-0.168561,0.002914,217.846882,-0.062500,-0.062500,1.360577,0.782488,0.124126,0.137529,-0.309295,-0.468969,1.000000
218.881702,-73.323864,11.005390,0.551282,-0.629371,0.378934,-0.156906,-0.254516,0.066579,217.956439,-0.062500,-0.062500,-0.058421,1.027681,0.085664,0.031906,-0.324592,-0.500291,1.000000
218.955565,-73.366987,10.959062,-0.625437,-1.733537,0.597465,-0.269668,-0.339889,-0.089452,218.031031,-0.062500,-0.062500,-1.411276,1.354604,0.133887,-0.025495,-0.325029,-0.480624,1.000000
218.984266,-73.380390,10.924534,-1.663024,-2.592657,0.699446,-0.398893,-0.359120,-0.282634,218.059003,-0.062500,-0.062500,-2.237325,1.574883,0.230478,-0.022436,-0.275204,-0.409965,1.000000
218.969406,-73.359703,10.900204,-2.137092,-2.987034,0.684878,-0.491696,-0.332605,-0.398893,218.041958,-0.062500,-0.062500,-2.516754,1.739802,0.398747,0.053030,-0.179487,-0.288316,1.000000
218.914044,-73.310023,10.897727,-1.842512,-2.671329,0.553759,-0.481935,-0.191725,-0.460519,217.982955,-0.062500,-0.062500,-2.012383,1.655157,0.564394,0.165501,-0.042249,-0.115676,1.000000
218.898456,-73.282925,10.867716,-1.827943,-3.317016,0.465181,-0.416958,0.028263,-0.416375,217.962267,-0.062500,-0.062500,-1.971008,1.655886,0.661713,0.230332,0.044580,-0.011364,1.000000
218.879808,-73.265734,10.844697,-1.685606,-4.028555,0.260490,-0.311334,0.277681,-0.354312,217.937063,-0.062500,-0.062500,-1.642191,1.673368,0.659237,0.297931,0.101836,0.005682,1.000000
218.866259,-73.228875,10.804341,-1.407051,-4.577797,0.109994,-0.207605,0.440851,-0.227127,217.923514,-0.062500,-0.062500,-1.283508,1.557110,0.632284,0.313811,0.092803,-0.062500,1.000000
218.852710,-73.182547,10.745047,-1.034091,-4.855332,0.028555,-0.115676,0.534237,-0.029283,217.916521,-0.062500,-0.062500,-0.868881,1.324009,0.616550,0.308275,0.126311,-0.025787,1.000000
218.842075,-73.128934,10.683712,-0.750146,-4.797057,0.085082,-0.062646,0.506993,0.167686,217.910985,-0.062500,-0.062500,-0.565122,1.070076,0.589161,0.247232,0.106643,-0.034965,1.000000
218.842512,-73.070221,10.620192,-0.605041,-4.453089,0.234411,-0.031031,0.404429,0.259033,217.909819,-0.062500,-0.062500,-0.392628,0.820659,0.563811,0.163899,0.046329,-0.069347,1.000000
218.831876,-73.016608,10.554341,-0.652826,-3.969988,0.524330,-0.070221,0.250000,0.238782,217.902681,-0.062500,-0.062500,-0.464161,0.653992,0.528263,0.083916,-0.064394,-0.147582,1.000000
218.818328,-72.970280,10.489802,-0.852855,-3.548805,0.697261,-0.112034,0.097028,0.253351,217.901515,-0.062500,-0.062500,-0.614365,0.566288,0.486014,0.008304,-0.191434,-0.286713,1.000000
218.804779,-72.920163,10.434003,-1.074446,-3.276369,0.823427,-0.173077,-0.052156,0.221300,217.895979,-0.062500,-0.062500,-0.954545,0.618298,0.452360,-0.053904,-0.279866,-0.380682,1.000000
218.799388,-72.885490,10.389132,-1.391463,-3.092657,0.890443,-0.244318,-0.090763,0.203380,217.888986,-0.062500,-0.062500,-1.377331,0.752622,0.419872,-0.085082,-0.325321,-0.429487,1.000000
218.780012,-72.863199,10.365385,-1.705420,-3.048660,0.889714,-0.316725,-0.060169,0.151515,217.870192,-0.062500,-0.062500,-1.828671,1.089161,0.383450,-0.068036,-0.323427,-0.433129,1.000000
218.754808,-72.850233,10.364948,-1.894814,-3.086976,0.804633,-0.372669,-0.041812,-0.018939,217.846300,-0.062500,-0.062500,-2.028118,1.449155,0.345571,-0.023601,-0.283071,-0.391608,1.000000
218.739948,-72.820804,10.350233,-1.901952,-2.959353,0.792395,-0.397436,-0.056527,-0.119901,217.837267,-0.062500,-0.062500,-2.145979,1.583625,0.351253,0.011218,-0.222611,-0.304924,1.000000
218.721300,-72.795017,10.329545,-1.760344,-2.741841,0.794289,-0.396270,-0.055798,-0.177885,217.828963,-0.062500,-0.062500,-2.068182,1.579691,0.403846,0.059441,-0.131556,-0.173077,1.000000
218.707022,-72.782488,10.317745,-1.564685,-2.511655,0.833188,-0.348339,-0.073864,-0.182692,217.812500,-0.062500,-0.062500,-1.892191,1.461393,0.443036,0.155449,-0.076195,-0.088869,1.000000
218.700029,-72.762529,10.294143,-1.319056,-2.318910,0.834499,-0.278846,-0.053030,-0.203671,217.796037,-0.062500,-0.062500,-1.601836,1.228147,0.442599,0.242716,-0.037587,-0.025787,1.000000
218.689977,-72.744755,10.268357,-1.030012,-2.099650,0.806527,-0.194930,-0.017483,-0.181381,217.782488,-0.062500,-0.062500,-1.285985,0.949155,0.415938,0.312500,-0.036276,-0.020542,1.000000
218.688811,-72.738782,10.244755,-0.691725,-1.887821,0.748397,-0.110431,0.015297,-0.148456,217.774767,-0.062500,-0.062500,-0.922057,0.752331,0.397436,0.353293,-0.062500,-0.062500,1.000000
218.686189,-72.723922,10.227710,-0.464161,-1.783071,0.688083,-0.059149,0.045309,-0.106206,217.762529,-0.062500,-0.062500,-0.681672,0.563666,0.337704,0.357809,-0.062500,-0.062500,1.000000
218.685023,-72.709790,10.213578,-0.367279,-1.626311,0.635052,-0.021270,0.063520,-0.049388,217.752477,-0.062500,-0.062500,-0.584936,0.368590,0.246066,0.362762,-0.062500,-0.062500,1.000000
218.674971,-72.692745,10.198718,-0.461684,-1.571241,0.680216,-0.033071,0.051428,-0.031031,217.751311,-0.062500,-0.062500,-0.661568,0.225962,0.128059,0.350962,-0.062500,-0.062500,1.000000
218.667978,-72.674388,10.192745,-0.653700,-1.680653,0.667832,-0.023747,0.028409,-0.067745,217.748689,-0.062500,-0.062500,-0.824738,0.078380,0.014277,0.302448,-0.062500,-0.062500,1.000000
218.653700,-72.647290,10.174971,-0.943036,-2.064394,0.606498,-0.031760,0.011364,-0.066434,217.747523,-0.062500,-0.062500,-1.097611,-0.023164,-0.087413,0.268357,-0.062500,-0.062500,1.000000
218.635052,-72.617279,10.155012,-1.210227,-2.647873,0.435169,-0.054341,0.010635,-0.065268,217.737471,-0.062500,-0.062500,-1.354458,-0.062500,-0.143065,0.239656,-0.062500,-0.062500,1.000000
218.614948,-72.595425,10.142483,-1.468677,-3.197844,0.343240,-0.075466,-0.000291,-0.053904,217.725233,-0.062500,-0.062500,-1.488782,-0.088578,-0.172786,0.260490,-0.062500,-0.062500,1.000000
218.601544,-72.562500,10.116696,-1.599796,-3.661131,0.294726,-0.074155,0.049825,-0.045746,217.712267,-0.062500,-0.062500,-1.544872,-0.073718,-0.183858,0.247232,-0.062500,-0.062500,1.000000
218.585956,-72.529575,10.087267,-1.662150,-3.942016,0.282488,-0.073864,0.049825,0.037587,217.705274,-0.062500,-0.062500,-1.485140,-0.017045,-0.175699,0.231935,-0.062500,-0.062500,1.000000
218.572552,-72.507721,10.058566,-1.679196,-4.005390,0.298223,-0.109411,0.015006,0.049971,217.693910,-0.062500,-0.062500,-1.417978,0.141463,-0.101836,0.208625,-0.062500,-0.062500,1.000000
218.552448,-72.477710,10.040210,-1.685315,-3.867133,0.398019,-0.174534,-0.024184,0.014714,217.681090,-0.062500,-0.062500,-1.396125,0.292541,-0.057401,0.147582,-0.062500,-0.062500,1.000000
218.539044,-72.450612,10.024767,-1.660402,-3.491113,0.574592,-0.227564,-0.084790,-0.053030,217.669726,-0.062500,-0.062500,-1.363928,0.388986,-0.028700,0.100524,-0.062500,-0.062500,1.000000
218.523456,-72.437500,10.010052,-1.597028,-3.099942,0.810315,-0.280303,-0.128497,-0.113491,217.662733,-0.062500,-0.062500,-1.308566,0.384470,-0.011364,0.044143,-0.062500,-0.062500,1.000000
218.510052,-72.419143,9.993881,-1.499563,-2.773747,0.935169,-0.274913,-0.147290,-0.166667,217.649767,-0.062500,-0.062500,-1.290355,0.369027,0.031614,0.028555,-0.062500,-0.062500,1.000000
218.495192,-72.398601,9.974068,-1.358100,-2.651369,0.971882,-0.263986,-0.155449,-0.199301,217.642774,-0.062500,-0.062500,-1.258596,0.345425,0.106935,0.064103,-0.062500,-0.062500,1.000000
218.475233,-72.373689,9.948427,-1.218531,-2.652244,0.969697,-0.255536,-0.125146,-0.215181,217.631410,-0.062500,-0.062500,-1.235431,0.357226,0.197698,0.122815,-0.062500,-0.062500,1.000000
218.454545,-72.350233,9.922786,-1.124272,-2.714744,0.941871,-0.212704,-0.064540,-0.199592,217.618590,-0.062500,-0.062500,-1.212995,0.362325,0.280449,0.193765,-0.062500,-0.062500,1.000000
218.437500,-72.326049,9.894959,-1.102418,-2.862325,0.835373,-0.134178,0.015297,-0.154866,217.612471,-0.062500,-0.062500,-1.253205,0.415210,0.355478,0.259324,-0.067745,-0.062500,1.000000
218.420455,-72.304196,9.862762,-1.217949,-3.265152,0.657343,-0.074446,0.064394,-0.051573,217.604167,-0.062500,-0.062500,-1.378205,0.482226,0.394231,0.327943,-0.066434,-0.062500,1.000000
218.399767,-72.283945,9.837267,-1.402681,-3.750437,0.445221,-0.041084,0.140297,-0.040210,217.584790,-0.062500,-0.062500,-1.594551,0.591638,0.422640,0.362034,-0.054779,-0.062500,1.000000
218.385052,-78.289481,10.630682,-1.620629,-4.377040,0.253934,-0.040355,0.222174,-0.046766,217.562500,-0.062500,-0.062500,-1.821678,0.760344,0.398456,0.381847,-0.046037,-0.062500,1.000000
218.368881,-76.738928,10.396125,-1.910111,-5.180361,0.092512,-0.034528,0.293124,-0.072990,217.545455,-0.062500,-0.062500,-2.003934,0.910256,0.354458,0.381556,-0.040210,-0.062500,1.000000
218.343823,-69.317890,9.371941,-2.138840,-6.005536,-0.040793,-0.026078,0.375728,-0.065122,217.524767,-0.062500,-0.062500,-2.116113,1.010490,0.271270,0.368735,-0.042541,-0.062500,1.000000
218.324738,-57.698718,7.777972,-2.301865,-6.652972,-0.113636,-0.018648,0.436334,-0.043124,217.504808,-0.062500,-0.062500,-2.195659,1.148310,0.202506,0.335810,-0.035985,-0.062500,1.000000
218.304196,-43.570804,5.851107,-2.387821,-6.964161,-0.130682,-0.056527,0.423368,-0.032051,217.495192,-0.062500,-0.062500,-2.249417,1.287587,0.130828,0.304633,-0.033800,-0.062500,1.000000
218.274767,-28.605041,3.809732,-2.466346,-7.062646,-0.072990,-0.127185,0.364802,-0.009470,217.475233,-0.062500,-0.062500,-2.283362,1.407197,0.046911,0.241696,-0.035985,-0.062500,1.000000
218.246066,-14.489365,1.889277,-2.511946,-6.819056,-0.096591,-0.215326,0.296766,0.005099,217.454545,-0.062500,-0.062500,-2.301573,1.440559,-0.003642,0.188374,-0.042541,-0.062500,1.000000
218.227710,-2.906469,0.319930,-2.528700,-6.134470,-0.092949,-0.292395,0.175408,-0.024330,217.442745,-0.062500,-0.062500,-2.276807,1.447407,-0.011218,0.137238,-0.053467,-0.062500,1.000000
218.212267,4.474213,-0.681381,-2.515880,-5.249126,0.015589,-0.375874,0.027244,-0.186772,217.419143,-0.062500,-0.062500,-2.330565,1.353875,0.002040,0.102127,-0.055507,-0.062500,1.000000
218.197552,5.979458,-0.880682,-2.513112,-4.206002,0.096445,-0.420309,-0.082022,-0.309878,217.398601,-0.062500,-0.062500,-2.394085,1.151661,0.034819,0.075612,-0.052448,-0.062500,1.000000
218.181381,-0.062500,-0.062500,-2.553030,-3.608974,0.149621,-0.412442,-0.125874,-0.393648,217.373689,-0.062500,-0.062500,-2.531469,1.001311,0.073864,0.075321,-0.061334,-0.062500,1.000000
218.156323,-0.062500,-0.062500,-2.664627,-3.357372,0.175117,-0.361742,-0.103001,-0.453817,217.350233,-0.062500,-0.062500,-2.663753,0.942745,0.134761,0.087121,-0.065122,-0.062500,1.000000
218.131993,-0.062500,-0.062500,-2.744318,-3.584062,0.125728,-0.263403,0.008741,-0.454691,217.320804,-0.062500,-0.062500,-2.746212,0.888840,0.180070,0.133450,-0.065268,-0.062500,1.000000
218.118007,-0.062500,-0.062500,-2.830711,-4.260781,0.112908,-0.159965,0.167686,-0.357226,217.300262,-0.062500,-0.062500,-2.807984,0.971591,0.219697,0.144376,-0.049971,-0.062500,1.000000
218.093677,-0.062500,-0.062500,-2.908362,-5.259907,0.153700,-0.099213,0.314685,-0.194202,217.281177,-0.062500,-0.062500,-2.848631,1.158800,0.225524,0.143648,-0.032488,-0.062500,1.000000
218.068619,-0.062500,-0.062500,-2.975087,-6.334790,0.142045,-0.085519,0.424971,0.030594,217.261364,-0.062500,-0.062500,-2.827943,1.443328,0.219260,0.115530,-0.026078,-0.062500,1.000000
218.052448,-0.062500,-0.062500,-3.023164,-7.293998,0.104458,-0.087850,0.513403,0.208188,217.238636,-0.062500,-0.062500,-2.799971,1.818036,0.228293,0.098193,-0.018939,-0.062500,1.000000
218.037733,-0.062500,-0.062500,-3.010781,-7.815851,0.083916,-0.106935,0.544289,0.289773,217.218823,-0.062500,-0.062500,-2.763258,2.240093,0.221300,0.096591,-0.012529,-0.062500,1.000000
218.017045,-0.062500,-0.062500,-2.930944,-7.697407,0.139569,-0.143502,0.495192,0.233974,217.199738,-0.062500,-0.062500,-2.790647,2.576632,0.211684,0.120484,-0.003059,-0.062500,1.000000
218.000000,-0.062500,-0.062500,-2.907343,-7.085664,0.133304,-0.142774,0.453963,0.209936,217.179196,-0.062500,-0.062500,-2.859266,2.793124,0.178759,0.174388,-0.003788,-0.062500,1.000000
217.982955,-0.062500,-0.062500,-2.887383,-6.254516,0.097465,-0.104749,0.410548,0.149476,217.155012,-0.062500,-0.062500,-2.964307,2.987325,0.128351,0.243007,-0.014714,-0.062500,1.000000
217.978001,-0.062500,-0.062500,-2.945659,-5.094988,0.094551,-0.068473,0.290938,0.042104,217.140734,-0.062500,-0.062500,-3.222028,3.174679,0.074301,0.346737,-0.022582,-0.062500,1.000000
217.954108,-0.062500,-0.062500,-3.037296,-4.295892,0.024038,-0.081585,0.250000,-0.038316,217.106789,-0.062500,-0.062500,-3.399038,3.286422,0.019959,0.406469,-0.031177,-0.062500,1.000000
217.920017,-0.062500,-0.062500,-3.115530,-3.710810,0.052448,-0.123543,0.238054,-0.063374,217.063374,-0.062500,-0.062500,-3.432838,3.376311,-0.008013,0.422203,-0.039044,-0.062500,1.000000
217.876457,-0.062500,-0.062500,-3.170017,-3.484848,0.131847,-0.188957,0.248689,-0.060897,217.007430,-0.062500,-0.062500,-3.306381,3.361742,-0.026515,0.388258,-0.044726,-0.062500,1.000000
217.824155,-0.062500,-0.062500,-3.185315,-3.190705,0.155449,-0.271125,0.243735,-0.041958,216.952943,-0.062500,-0.062500,-3.071678,3.346737,-0.017920,0.316288,-0.060023,-0.062500,1.000000
217.771853,-0.062500,-0.062500,-3.163462,-3.116259,0.150350,-0.344551,0.256410,-0.041812,216.900641,-0.062500,-0.062500,-2.859848,3.320221,-0.008159,0.222028,-0.066434,-0.062500,1.000000
217.715035,-0.062500,-0.062500,-3.176865,-3.031323,0.141026,-0.394231,0.287150,-0.038024,216.851253,-0.062500,-0.062500,-2.583188,3.257284,0.008159,0.196096,-0.067745,-0.062500,1.000000
217.666230,-0.062500,-0.062500,-3.008159,-2.599650,0.148164,-0.376603,0.310897,-0.042395,216.813520,-0.062500,-0.062500,-2.179633,3.038607,0.020688,0.228875,-0.062500,-0.062500,1.000000
217.632721,-0.062500,-0.062500,-2.776661,-1.858246,0.149330,-0.308712,0.340472,-0.049679,216.782925,-0.062500,-0.062500,-1.739510,2.654720,0.022873,0.309586,-0.062500,-0.062500,1.000000
217.627040,-0.062500,-0.062500,-2.437791,-1.035548,0.144376,-0.220862,0.351690,-0.059878,216.771999,-0.062500,-0.062500,-1.383450,2.211684,0.011946,0.385781,-0.062500,-0.062500,1.000000
217.631410,-0.062500,-0.062500,-2.103147,-0.393065,0.183275,-0.129516,0.305653,-0.072990,216.774767,-0.062500,-0.062500,-1.203526,1.752914,-0.012092,0.453817,-0.062500,-0.062500,1.000000
217.618590,-0.062500,-0.062500,-1.848339,-0.379808,0.192890,-0.097611,0.318182,-0.062500,216.762529,-0.062500,-0.062500,-0.980478,1.346445,-0.035985,0.439831,-0.062500,-0.062500,1.000000
217.607226,-0.062500,-0.062500,-1.552739,-0.562354,0.291812,-0.065122,0.335519,-0.062500,216.757721,-0.062500,-0.062500,-0.856352,1.032488,-0.037005,0.432838,-0.062500,-0.062500,1.000000
217.605478,-0.062500,-0.062500,-1.399913,-1.183858,0.345571,-0.050699,0.361451,-0.062500,216.750000,-0.062500,-0.062500,-0.875728,0.835664,-0.047786,0.399476,-0.062500,-0.062500,1.000000
217.591200,-0.062500,-0.062500,-1.417832,-1.952652,0.346737,-0.069056,0.379808,-0.062500,216.742279,-0.062500,-0.062500,-1.096882,0.826632,-0.056381,0.357663,-0.062500,-0.062500,1.000000
217.572552,-0.062500,-0.062500,-1.624563,-2.905886,0.304924,-0.132139,0.379516,-0.062500,216.742716,-0.062500,-0.062500,-1.490093,0.904138,-0.061334,0.328234,-0.062500,-0.062500,1.000000
217.557692,-0.062500,-0.062500,-2.073572,-3.885927,0.219551,-0.167541,0.434878,-0.062500,216.729167,-0.062500,-0.062500,-1.835519,0.989219,-0.061189,0.315851,-0.062500,-0.062500,1.000000
217.537733,-0.062500,-0.062500,-2.344843,-4.382867,0.144959,-0.177593,0.463869,-0.067745,216.709790,-0.062500,-0.062500,-2.030886,0.974942,-0.067745,0.349068,-0.062500,-0.062500,1.000000
217.517045,-0.062500,-0.062500,-2.547348,-4.485868,0.088724,-0.203817,0.496795,-0.061189,216.687500,-0.062500,-0.062500,-2.089015,0.861160,-0.020542,0.359994,-0.062500,-0.062500,1.000000
217.500000,-0.062500,-0.062500,-2.581002,-4.293561,0.044143,-0.233683,0.508596,-0.056090,216.665210,-0.062500,-0.062500,-2.017191,0.654720,-0.041521,0.326632,-0.062500,-0.062500,1.000000
217.482955,-0.062500,-0.062500,-2.464452,-3.867570,0.033800,-0.257139,0.497960,-0.052448,216.645833,-0.062500,-0.062500,-1.803322,0.387821,-0.090181,0.284674,-0.062500,-0.062500,1.000000
217.462267,-0.062500,-0.062500,-2.284237,-3.293561,0.083042,-0.307838,0.449301,-0.055507,216.637529,-0.062500,-0.062500,-1.499126,0.114219,-0.189248,0.218531,-0.062500,-0.062500,1.000000
217.442308,-0.062500,-0.062500,-2.046474,-2.768357,0.218240,-0.321387,0.403846,-0.063957,216.631410,-0.062500,-0.062500,-1.265152,-0.068473,-0.259178,0.166958,-0.062500,-0.062500,1.000000
217.432692,-0.062500,-0.062500,-1.868590,-2.366696,0.374854,-0.286422,0.315997,-0.055653,216.618590,-0.062500,-0.062500,-1.121358,-0.127914,-0.310460,0.152681,-0.062500,-0.062500,1.000000
217.412733,-0.062500,-0.062500,-1.816288,-2.230478,0.454254,-0.255973,0.274184,-0.034965,216.612471,-0.062500,-0.062500,-1.130973,-0.069639,-0.324738,0.186334,-0.062500,-0.062500,1.000000
217.397290,-0.062500,-0.062500,-1.883596,-2.465472,0.456439,-0.210519,0.259761,-0.001020,216.604167,-0.062500,-0.062500,-1.271707,0.055798,-0.293124,0.205128,-0.062500,-0.062500,1.000000
217.378934,-0.062500,-0.062500,-2.105915,-3.028846,0.381410,-0.149913,0.348922,0.014277,216.584790,-0.062500,-0.062500,-1.529138,0.247960,-0.204254,0.188374,-0.062500,-0.062500,1.000000
217.355478,-0.062500,-0.062500,-2.388986,-3.691142,0.308712,-0.165647,0.388549,0.069639,216.562500,-0.062500,-0.062500,-1.792249,0.474796,-0.097902,0.199592,-0.062500,-0.062500,1.000000
217.324738,-0.062500,-0.062500,-2.656906,-4.479895,0.215618,-0.159091,0.483246,0.106789,216.540210,-0.062500,-0.062500,-2.022582,0.701340,0.025932,0.175699,-0.062500,-0.062500,1.000000
217.292541,-0.062500,-0.062500,-2.737179,-5.149767,0.097611,-0.180798,0.570221,0.115239,216.520833,-0.062500,-0.062500,-2.146707,0.920892,0.061189,0.192599,-0.067745,-0.062500,1.000000
217.264714,-0.062500,-0.062500,-2.654283,-5.634324,-0.019522,-0.242570,0.661568,0.110577,216.507284,-0.062500,-0.062500,-2.134470,1.023456,0.064685,0.198718,-0.082168,-0.062500,1.000000
217.233829,-0.062500,-0.062500,-2.493444,-5.863491,-0.084790,-0.332168,0.692890,0.058421,216.502477,-0.062500,-0.062500,-1.903118,0.955565,0.017191,0.194202,-0.066579,-0.062500,1.000000
217.209499,-0.062500,-0.062500,-2.232955,-5.938666,-0.104458,-0.362034,0.756119,0.034674,216.496066,-0.062500,-0.062500,-1.556964,0.847028,-0.010490,0.163607,-0.038607,-0.062500,1.000000
217.196096,-0.062500,-0.062500,-1.836393,-5.639569,-0.067162,-0.353875,0.790210,0.041230,216.494755,-0.062500,-0.062500,-1.089307,0.688666,-0.049825,0.164481,0.007867,-0.062500,1.000000
217.184732,-0.062500,-0.062500,-1.452069,-5.109557,-0.103438,-0.331002,0.918852,0.127040,216.500000,-0.062500,-0.062500,-0.672640,0.482226,-0.074301,0.125583,0.065851,0.031906,1.000000
217.188811,-0.062500,-0.062500,-1.157343,-4.626166,-0.144376,-0.315268,0.944639,0.219843,216.494755,-0.062500,-0.062500,-0.388695,0.366696,-0.078234,0.042541,0.086684,0.008304,1.000000
217.186189,-0.062500,-0.062500,-1.002331,-4.151369,-0.216638,-0.348048,0.917541,0.321241,216.496066,-0.062500,-0.062500,-0.208916,0.504662,-0.062500,-0.051136,0.059003,-0.122815,1.000000
217.185023,-0.062500,-0.062500,-0.974505,-3.813083,-0.307110,-0.432838,0.779429,0.484120,216.502477,-0.062500,-0.062500,-0.157925,0.886509,-0.062500,-0.155740,0.022582,-0.299825,1.000000
217.174971,-0.062500,-0.062500,-1.002768,-3.457168,-0.402681,-0.456731,0.644522,0.586247,216.512529,-0.062500,-0.062500,-0.261509,1.435169,-0.062500,-0.245047,-0.022582,-0.500874,1.000000
217.162733,-0.062500,-0.062500,-1.012092,-3.216055,-0.495484,-0.525204,0.495192,0.621503,216.524767,-0.062500,-0.062500,-0.490530,2.124563,-0.062500,-0.269085,-0.071241,-0.704108,1.000000
217.149767,-0.062500,-0.062500,-1.130682,-3.079254,-0.560606,-0.651952,0.373980,0.588287,216.537733,-0.062500,-0.062500,-0.649038,2.784674,-0.062500,-0.295309,-0.132430,-0.966346,1.000000
217.090326,-0.062500,-0.062500,-1.899184,-5.583333,-0.628351,-0.630536,0.385927,0.511218,216.471300,-0.062500,-0.062500,-1.203526,2.252331,-0.083479,-0.269231,-0.108392,-0.941871,1.000000
217.092075,-0.062500,-0.062500,-1.770542,-4.449883,-0.645688,-0.597611,0.450175,0.439248,216.490530,-0.062500,-0.062500,-0.723776,2.898601,-0.072990,-0.249563,-0.095862,-0.971591,1.000000
217.132867,5.984703,-1.032780,-1.101107,-0.517045,-0.597465,-0.604895,0.475816,0.301428,216.585227,-0.062500,-0.062500,0.429341,4.435752,-0.064394,-0.243298,-0.094843,-0.928176,1.000000
217.219406,4.493881,-0.805944,-0.096008,5.404575,-0.502768,-0.669289,0.496941,0.187937,216.737034,-0.062500,-0.062500,2.025641,6.759615,-0.047640,-0.305798,-0.111888,-0.920600,1.000000
217.343677,-2.876166,0.368153,1.078671,12.091200,-0.376894,-0.856061,0.422057,0.020105,216.941725,-0.062500,-0.062500,4.161276,9.794435,0.000000,-0.405303,-0.210373,-1.120338,1.000000
217.451486,-14.336247,2.114656,2.412879,18.256847,-0.263112,-1.152681,0.387238,0.082459,217.150204,-0.062500,-0.062500,6.787150,12.445367,0.083625,-0.587267,-0.345717,-1.352855,1.000000
217.606498,-28.522582,4.425408,3.766754,25.405886,-0.158800,-1.427448,0.276661,0.093094,217.429779,-0.062500,-0.062500,8.938666,16.228293,0.214452,-0.783362,-0.562063,-1.915210,1.000000
217.780886,-43.743007,7.024913,4.886364,32.248543,-0.077069,-1.649476,0.152098,0.069202,217.754516,-0.062500,-0.062500,10.401661,20.491696,0.344260,-0.824301,-0.689540,-2.221882,1.000000
217.951923,-63.608100,10.898019,5.470571,36.775204,-0.031031,-1.929633,0.075612,0.083916,218.035256,-0.062500,-0.062500,10.961976,24.895396,0.488928,-0.910693,-0.728147,-2.294726,1.000000
218.090035,-74.314831,12.968969,5.370921,40.055070,-0.020542,-2.104312,-0.058129,-0.390443,218.275932,1.248689,-0.062500,11.133596,28.665647,0.571533,-0.685460,-0.691142,-2.155594,1.000000
218.212413,-75.896853,13.237762,5.217366,43.157343,-0.062500,-1.793561,-0.093240,-0.711684,218.462413,0.894668,-0.062500,10.603584,31.043561,0.805070,-0.376311,-0.548223,-1.627477,1.000000
218.427156,-68.154866,11.704400,6.209790,51.059003,-0.062500,-1.390734,-0.164627,-0.930798,218.736742,-0.732809,-0.062500,11.100233,33.896853,1.248543,0.062500,-0.401224,-1.160256,1.000000
218.607226,-52.020688,8.368881,7.300991,58.186772,-0.062500,-1.122960,-0.163462,-1.078380,218.993153,-3.289918,-0.062500,12.162005,36.149767,1.753642,0.508887,-0.248689,-0.621358,1.000000
218.793706,-39.518939,5.683858,8.571387,66.046474,-0.062500,-0.929633,-0.105769,-1.098048,219.250437,-6.265880,-0.062500,12.887238,37.543561,2.392337,0.929924,-0.105041,-0.218240,1.000000
219.037150,-26.335227,2.988345,9.917104,75.097902,-0.062500,-0.768211,-0.005828,-0.979021,219.504808,-9.308275,-0.062500,13.376020,38.009470,2.957605,1.449738,-0.017920,0.069930,1.000000
219.262529,-14.200466,0.580274,10.718240,83.741404,0.671766,-0.388695,0.132139,-0.609557,219.706731,-12.054924,-0.062500,13.318765,37.090763,4.270688,2.225962,0.010927,0.184003,1.000000
219.534819,-5.192308,-0.933129,12.700903,93.746941,0.425262,0.203234,0.193765,-0.325758,219.912005,-14.169435,-0.062500,10.859557,36.808129,4.255390,3.217366,-0.062500,-0.062500,1.000000
219.816142,-0.979021,-1.279283,13.899767,101.577360,-0.456439,1.215472,0.223339,-0.024476,220.047348,-15.310897,-0.062500,6.608392,36.958188,4.450903,4.226836,-0.062500,-0.062500,1.000000
219.870192,2.792395,-13.389423,13.935315,104.609120,-1.702943,2.611888,0.002914,0.016171,220.156614,-16.138403,-0.062500,0.863054,33.674242,5.344551,5.285111,-0.214598,-0.230332,1.000000
219.564103,2.682255,-10.435315,13.885927,110.719697,-2.991404,3.618153,0.006993,-0.366696,220.000583,-14.066725,-0.062500,-3.488782,35.346445,5.271416,6.244901,-0.024476,-0.020542,1.000000
220.274767,-2.992424,5.921329,15.186043,117.102273,-4.906614,4.978584,0.119610,-0.206148,219.787005,-12.410256,-0.062500,-6.524913,40.900204,5.024038,6.994318,0.123397,0.142628,1.000000
221.762966,-13.070367,31.906469,14.732080,119.967220,-7.006847,6.297057,0.343823,0.355769,219.529283,-10.155740,-0.062500,-7.615385,49.026369,4.604604,7.586684,0.229021,0.259178,1.000000
223.522290,-31.072407,77.521999,12.058421,119.035693,-8.941288,7.310315,0.654429,1.266317,219.264714,-7.606789,-0.062500,-6.944930,59.520251,3.599942,7.813957,0.150787,-0.336976,1.000000
225.876603,-42.017920,107.993298,9.737179,117.583188,-10.643648,8.024330,0.946533,2.083333,219.061480,-4.930944,-0.062500,-5.539190,69.899330,2.806964,7.849505,0.238782,0.518939,1.000000
228.623252,-47.197115,123.320367,7.754516,115.743881,-11.943473,8.580565,1.266900,3.155886,218.922494,-2.470717,-0.062500,-3.560460,78.805070,2.356498,8.058858,0.351399,1.143211,1.000000
231.272436,-46.609994,123.503205,5.462413,112.581148,-12.005973,8.908508,1.574301,3.986597,218.867570,0.826049,-0.062500,-1.714452,86.255828,2.597902,8.914627,0.670455,1.535839,1.000000
233.644522,-40.256556,108.541812,4.176573,108.520833,-12.337267,9.364219,2.003059,4.907488,218.853147,1.670892,-0.062500,-1.355915,89.079108,2.018357,9.462995,0.837995,1.696824,1.000000
235.385490,-26.920017,78.436189,1.572990,103.168269,-11.569347,10.048077,2.209645,5.759033,218.898747,0.183858,-0.062500,-1.582605,86.397582,2.822990,9.718677,1.525350,1.626166,1.000000
236.279866,-9.411568,33.186334,-0.216929,96.779138,-10.858246,10.070804,1.941142,6.233537,218.963287,-3.332022,-0.062500,-2.977855,78.835082,4.235723,9.816725,0.487762,0.830857,1.000000
238.940851,-3.935752,6.479749,0.740822,96.685315,-11.451049,9.056964,2.125583,6.635927,219.008596,-7.232080,-0.062500,-3.655886,77.568036,4.821387,9.984994,0.011218,1.337413,1.000000
239.248397,-0.119464,-10.354021,1.817308,93.947552,-10.591638,8.445076,1.932110,6.261218,218.806090,-9.794726,-0.062500,-4.433566,74.506556,5.127914,9.100524,-0.568182,0.924097,1.000000
237.099359,-0.315122,-13.819493,0.256119,89.514569,-10.482226,7.440705,1.623689,5.701049,218.366987,-11.019959,-0.062500,-5.391900,70.326340,4.787879,7.866404,-1.074738,0.726399,1.000000
233.013112,-5.738491,-0.062500,-2.613491,84.224942,-9.612325,6.243153,1.056672,5.131119,217.772145,-10.907780,-0.062500,-6.932401,66.955565,3.682255,7.014860,-1.631993,1.054924,1.000000
228.072261,-5.728293,-0.062500,-4.265734,78.291230,-8.436917,5.338287,0.906614,3.996212,217.085373,-9.458188,-0.062500,-8.146999,62.636655,2.582459,5.384615,-1.561043,2.506265,1.000000
222.706731,-5.062500,-0.062500,-5.808421,71.898310,-7.030303,3.965763,0.782780,2.890734,216.387529,-6.671183,-0.062500,-9.275787,58.384324,1.492133,3.729895,-1.140443,2.784528,1.000000
217.443473,-3.741113,-0.062500,-8.021999,66.587413,-5.050117,1.765880,0.704254,1.609848,215.781760,-2.546766,-0.062500,-10.121941,55.802885,0.802885,2.311772,-0.359266,2.981935,1.000000
213.079108,-0.709936,-0.062500,-9.893357,62.112762,-2.047348,0.860868,1.108974,1.600670,215.305070,0.846154,-0.062500,-10.454691,52.082168,0.311626,1.132139,0.526224,3.370192,1.000000
210.108683,1.627622,-0.062500,-10.884033,57.941871,-0.010490,0.033217,0.874417,1.190997,215.001166,1.732517,-0.062500,-10.367133,47.438520,0.118298,-0.093823,1.175117,2.686626,1.000000
209.356498,1.802448,-14.370192,-7.672057,55.009324,-0.920163,-1.087995,-0.154429,0.115385,214.886218,0.340909,-0.062500,-10.785839,45.060752,0.144959,-0.899476,-0.093677,1.027972,1.000000
211.492424,-1.691434,-10.840472,-4.835373,53.828817,-1.900350,-2.205857,-0.540501,-2.749854,215.019522,-3.150204,-0.062500,-11.514714,44.163899,0.370484,-1.381119,0.231498,-1.501894,1.000000
211.296037,-5.637675,6.627040,-7.110140,50.667249,-1.904720,-2.220717,-0.917978,-5.267483,214.904866,-5.974650,-0.062500,-11.319347,40.298077,0.380682,-1.553759,0.513112,-3.741550,1.000000
211.052593,-10.513840,34.099942,-10.414627,46.648601,-4.926282,-2.140734,-1.133741,-5.935897,214.769959,-8.861742,-0.062500,-10.824738,35.418415,0.283071,-1.323718,0.462267,-4.766171,1.000000
210.769085,-15.644814,67.601690,-12.882284,41.380536,-6.324883,-1.723339,-1.508159,-6.223485,214.613199,-11.459936,-0.062500,-9.706148,30.775787,0.130099,-0.373106,0.300845,-3.977273,1.000000
210.481498,-20.435315,103.130390,-14.733537,35.787733,-6.834790,-1.403846,-1.334936,-7.542686,214.446241,-13.470862,-0.062500,-7.222611,25.916230,-0.078234,-0.776952,0.314248,-4.780012,1.000000
210.299388,-26.267920,151.218240,-19.019814,32.258304,-5.653555,-0.854021,-1.165355,-7.665793,214.362179,-14.538753,-0.062500,-5.708916,22.965763,-0.209353,-0.250146,0.620629,-4.570513,1.000000
210.079691,-27.932401,175.327360,-21.704691,29.105186,-4.618153,-1.089744,-1.053322,-5.921474,214.244464,-14.380536,-0.062500,-4.424242,19.411422,-0.062500,-0.122232,0.424679,-3.920746,1.000000
209.801136,-25.428759,175.457751,-22.361597,25.682838,-3.518794,-0.490239,-0.279138,-4.491550,214.072698,-12.765152,-0.062500,-3.400058,14.781323,-0.062500,0.368881,0.460664,-2.554196,1.000000
209.390880,-21.421766,151.609411,-19.992133,21.083770,-3.906614,-0.489656,-0.047348,-3.654429,213.830274,-12.592657,-0.062500,-2.712704,9.231352,-0.062500,0.180653,0.140006,-1.864365,1.000000
208.950758,-15.070513,103.782343,-14.266754,17.044289,-5.703963,-0.774184,0.132721,-3.181964,213.567308,-12.591200,-0.062500,-2.497086,4.527972,-0.062500,-0.129516,0.026661,-1.570367,1.000000
208.498397,-9.832605,68.143211,-10.747815,12.989802,-5.452652,-1.341492,0.723631,-4.009033,213.298223,-12.664336,-0.062500,-2.737908,0.083916,-0.062500,-0.549242,0.637092,-2.402244,1.000000
208.074592,-4.948572,34.478001,-9.204108,9.421474,-5.859266,-1.371212,1.166521,-3.107955,213.047786,-12.786422,-0.062500,-2.542978,-3.621795,-0.062500,-0.296474,0.805216,-1.667395,1.000000
207.716783,-0.983392,6.806527,-6.459936,5.941288,-6.353293,-1.627477,1.272727,-1.551136,212.853584,-12.916521,-0.062500,-2.528700,-6.545163,-0.062500,-0.570367,0.675117,-0.948864,1.000000
207.440997,1.525350,-10.866696,-3.182110,2.987471,-5.620921,-1.864802,1.093969,-0.999563,212.699155,-13.057401,-0.062500,-2.096445,-8.053030,-0.062500,-0.695804,0.655740,0.153263,1.000000
207.302885,1.998689,-14.517045,-1.360431,1.214452,-4.350379,-2.156614,0.886655,-1.362762,212.618153,-13.192599,-0.062500,-1.451486,-7.907925,-0.062500,-1.030449,0.583042,-0.333042,1.000000
207.302593,-0.062500,-0.062500,-2.433275,1.374854,-2.437063,-1.579691,0.668706,-0.683129,212.637529,-13.281323,-0.062500,-1.889423,-6.212267,-0.062500,-0.483100,0.645833,0.029720,1.000000
207.264569,-0.062500,-0.062500,-2.310897,0.548660,-1.800408,-1.661131,0.313083,0.236888,212.610431,-13.348485,-0.062500,-2.065559,-6.112179,-0.062500,-0.458479,0.324155,-0.211101,1.000000
207.215326,-0.062500,-0.062500,-2.701923,-0.178759,-1.623689,-1.571241,0.419435,-0.299679,212.570367,-13.438228,-0.062500,-2.084499,-6.218969,-0.062500,-0.179487,0.480624,-0.152098,1.000000
207.161276,-0.062500,-0.062500,-2.575175,-1.086538,-1.900932,-1.472319,0.541375,-0.111014,212.532343,-13.533217,-0.062500,-1.730041,-6.370338,-0.062500,-0.008159,0.614073,-0.071241,1.000000
207.104749,-0.062500,-0.062500,-2.142628,-1.845425,-2.821824,-1.421911,0.826486,0.131556,212.507430,-13.625291,-0.062500,-1.304050,-6.424679,-0.062500,0.009470,0.888112,0.702797,1.000000
207.047931,-0.062500,-0.062500,-1.648164,-3.014860,-2.772290,-1.204108,1.091055,-0.062500,212.477710,-13.695804,-0.062500,-0.915501,-6.940122,-0.267045,0.249854,1.037733,-0.223922,1.000000
207.016608,-0.062500,-0.062500,-0.999272,-3.131702,-2.314831,-1.345425,1.194930,-0.062500,212.476399,-13.769231,-0.062500,-0.676428,-6.813666,-0.215909,0.047057,1.069639,-0.881702,1.000000
207.018065,0.608829,-0.062500,-0.503934,-2.559732,-1.449446,-1.854895,1.105769,-0.062500,212.504953,-13.840763,-0.062500,-0.512238,-6.314540,0.034091,-0.347902,1.271270,-1.354458,1.000000
207.019814,-0.230332,-0.062500,-0.366404,-1.706002,-1.024621,-2.346737,1.013549,-0.062500,212.519814,-13.924534,-0.062500,-0.597902,-5.605186,0.478584,-0.911422,1.533800,-1.628934,1.000000
207.027244,-0.883013,-0.062500,-0.184732,-1.438520,-0.638840,-2.818473,0.816579,-0.062500,212.524621,-14.066434,-0.062500,-0.182401,-5.183858,0.670017,-1.319056,1.935752,-1.722174,1.000000
207.033800,-1.349213,-0.062500,-0.084499,0.550262,-0.351253,-3.407343,0.552885,-0.062500,212.562209,-14.142191,-0.062500,0.364073,-3.119755,1.179779,-2.075029,2.084207,-1.628934,1.000000
207.044726,-1.628934,-0.062500,-0.251894,4.201777,-0.154283,-4.250437,0.296329,-0.062500,212.622378,-14.102855,-0.062500,0.844988,0.608974,1.889860,-2.986160,2.013112,-1.349213,1.000000
207.060023,-1.722174,-0.062500,-0.802156,8.443765,-0.012675,-5.240822,0.050699,0.624563,212.684441,-14.018211,-0.062500,0.957896,4.541958,2.718969,-3.937791,1.571970,-0.195950,1.000000
207.066434,-1.628934,-0.062500,-1.297640,13.112034,0.020105,-5.977710,0.019085,0.442308,212.756556,-13.849359,-0.062500,1.203380,9.766026,3.466492,-4.956002,1.421911,-0.402098,1.000000
207.067745,-1.349213,-0.062500,-1.827797,17.976981,-0.015297,-6.880390,0.212850,-0.400058,212.837413,-12.246212,14.795892,1.454400,15.209936,4.003642,-5.896999,1.181090,-0.230915,1.000000
207.062500,-0.883013,-0.062500,-2.166812,22.406177,-0.062500,-7.505390,0.528118,-2.374126,212.907197,-12.249563,11.081294,1.875583,20.198572,4.233100,-6.597028,0.852127,-1.379371,1.000000
206.947115,-0.230332,-0.062500,-2.495192,24.850670,-0.482080,-9.014860,0.557255,-4.024184,212.821824,-14.665355,-21.937354,2.158071,23.324446,5.086684,-8.146416,0.474359,-1.665647,1.000000
206.965472,0.608829,-0.062500,-2.636072,29.646125,-0.613199,-8.999709,0.533654,-4.901807,212.930070,-16.618590,-46.701340,2.758159,28.369027,5.289773,-8.318765,0.285985,-1.761072,1.000000
207.103875,-0.062500,-0.062500,-2.630536,35.809732,-0.041375,-8.191579,0.499126,-4.919289,213.178759,-18.040647,-63.210664,3.462850,34.286859,4.899184,-7.695513,0.203234,-1.665647,1.000000
207.286713,-0.277535,-14.884178,-2.473776,42.593386,1.350233,-7.172640,0.477418,-4.239365,213.468823,-19.885781,-71.465326,4.487179,41.222902,3.451049,-6.424388,0.319493,-1.379371,1.000000
207.590326,-0.270979,-11.178759,-2.346445,50.568036,2.879953,-5.428904,0.533508,-2.564831,213.928467,-19.671183,-71.465326,5.537442,48.175117,2.702360,-4.670017,0.181090,-0.902244,1.000000
207.949301,-0.269085,6.926136,-2.460810,58.714889,4.027826,-3.534965,0.692016,0.668706,214.453380,-17.720862,-63.210664,6.534819,54.444784,2.297494,-2.287587,-0.012675,-0.234266,1.000000
208.364948,0.803904,50.169143,-2.043269,64.887238,5.028700,-1.266608,0.771125,3.857080,215.004808,-14.358829,-46.701340,7.778118,57.932110,2.136655,0.587995,-0.261801,0.624563,1.000000
208.857517,1.595717,81.057838,-2.918852,69.812791,5.339015,0.819347,0.672494,4.754808,215.572844,-10.081002,-21.937354,8.170017,60.832168,1.847319,3.044580,-0.219843,-0.649913,1.000000
209.217657,2.106352,99.592220,-3.798368,67.355478,4.958770,2.261801,0.695659,5.045017,215.953963,-4.468531,11.081294,7.640880,57.181672,1.574009,5.104458,-0.180507,-0.503059,1.000000
209.391317,2.335810,105.772290,-4.457751,58.293852,3.887966,3.197407,0.781614,4.402535,216.080128,-1.246212,14.795892,6.352710,48.103875,1.477564,6.348339,0.011801,0.235868,1.000000
209.337704,2.284091,99.598048,-4.954983,43.789336,2.126603,3.305944,1.097028,4.569347,215.920309,0.245338,-0.062500,4.432984,34.743444,1.743444,6.709936,0.428759,1.471882,1.000000
209.312937,1.951195,81.069493,-4.940559,30.955857,0.735286,4.351544,1.252185,4.330565,215.833625,2.180507,-0.062500,2.876311,23.469988,1.331876,7.498397,0.761801,2.788024,1.000000
209.207605,1.337121,50.186626,-4.512238,18.942453,0.007576,4.655594,1.302010,3.750583,215.670746,3.134470,-0.062500,1.636509,13.557401,0.688666,7.598048,0.990093,4.053759,1.000000
209.020105,0.441871,6.949446,-3.767628,9.298660,-0.110431,4.585810,0.797348,2.669872,215.429341,2.798368,-0.062500,0.853438,6.367133,-0.186189,7.236305,1.215909,5.611888,1.000000
208.874854,-0.190997,-11.176136,-2.833479,2.284382,-0.192308,4.671329,1.307255,2.312500,215.267628,3.383596,-0.062500,0.964307,0.919726,-0.311626,6.983974,1.266900,6.309003,1.000000
208.749563,-0.597465,-14.894668,-1.639714,-0.638840,-0.277535,4.511801,1.716492,2.732226,215.144522,3.756702,-0.062500,1.928904,-1.127185,-0.219843,6.813083,1.143065,6.145105,1.000000
208.706585,-0.062500,-0.062500,-0.211976,-0.301282,-0.062500,4.455128,1.740385,2.289044,215.113636,3.844988,-0.062500,3.643357,-0.635490,-0.062500,6.749854,0.844406,5.120192,1.000000
208.754808,-0.062500,-0.062500,-0.481206,2.511946,-0.062500,4.149330,1.424679,1.550554,215.150932,3.562500,-0.062500,4.459499,1.984266,-0.062500,6.474505,0.328963,2.809441,1.000000
208.739948,-0.062500,-0.062500,-0.440997,2.549679,-0.062500,3.968823,1.196533,1.764277,215.131119,3.578963,-0.062500,4.948135,2.293269,-0.062500,6.276515,0.088869,1.653555,1.000000
208.721300,-0.062500,-0.062500,-0.490385,2.481643,-0.062500,3.740967,1.109266,2.431818,215.109703,3.592512,-0.062500,4.828234,2.414773,-0.062500,6.123543,-0.022145,1.152244,1.000000
208.696533,-0.062500,-0.062500,-1.048660,3.363199,-0.031031,3.648164,1.111888,3.685023,215.085810,3.610723,-0.062500,3.864802,3.077797,0.063374,6.319784,0.085664,1.586101,1.083916
208.692162,-0.062500,-0.062500,-1.171911,3.019376,-0.070367,3.504662,0.991987,3.910839,215.074155,3.620338,-0.062500,2.478875,2.476544,0.031906,6.163753,0.123252,1.873980,1.062937
208.694930,-0.062500,-0.062500,-0.818473,1.608246,-0.100962,3.285111,0.796183,3.749126,215.079983,3.622815,-0.062500,0.850087,1.171911,-0.127185,5.919289,0.268794,2.256556,0.960373
208.708625,-0.062500,-0.062500,0.153409,-0.077943,-0.101836,2.540501,-0.007139,2.603293,215.090035,3.712704,-0.062500,-0.625437,-1.478293,-0.487762,4.844114,0.293269,2.819930,0.799534
208.731789,-0.062500,-0.062500,1.093677,-3.245775,-0.083479,1.915064,0.507284,1.706294,215.108100,3.677885,-0.062500,-2.149038,-3.639569,-0.744901,4.204983,0.376311,2.650204,0.603730
208.762966,-0.062500,-0.062500,2.328526,-8.889423,-0.180361,1.692890,0.879662,0.878205,215.132721,3.524184,-0.062500,-3.275787,-4.130536,-0.741259,3.919143,0.589598,2.241550,0.396270
208.787442,-0.062500,-0.062500,3.607955,-13.380390,-0.246649,1.952506,1.359848,0.112617,215.162442,3.276515,-0.062500,-3.717949,-7.205711,-0.988199,4.031031,0.783217,1.461393,0.200466
208.812791,-0.062500,-0.062500,4.893502,-17.503788,-0.282343,2.604749,1.811772,-0.452360,215.187791,2.985286,-0.062500,-3.524038,-8.185315,-0.925408,4.552010,1.015734,0.309732,0.039627
208.813811,-0.718094,-15.135927,5.063374,-15.482663,-0.486742,3.685315,1.744172,-0.717657,215.199301,2.639860,-0.062500,-2.937500,-13.010052,-1.081294,5.443619,0.962704,-0.144814,-0.062937
208.812646,-0.454545,-11.357080,4.787879,-20.132721,-0.212121,4.775932,2.164773,-0.660839,215.195513,2.153846,-0.062500,-2.477710,-11.511072,-0.960956,6.158508,1.204254,-0.192016,-0.083916
208.799679,0.374272,7.068619,4.007721,-21.525204,0.037733,5.854458,2.783071,-0.286859,215.169726,1.613199,-0.062500,-2.383013,-13.421183,-0.753205,6.685606,1.366259,0.166812,0.000000
208.814103,1.999417,51.002914,3.513549,-22.490239,0.183275,6.004808,3.212267,-0.176573,215.179779,2.031906,14.711976,-2.307692,-18.028263,-0.312354,6.556381,1.456585,0.112179,0.000000
208.846445,3.148164,82.383304,3.776807,-16.167541,0.211393,5.556381,2.963869,-0.045455,215.183712,1.728147,-3.756119,-2.022727,-31.397727,-1.039918,5.893648,1.310023,-0.481789,0.000000
208.859848,3.820513,101.209790,4.561917,-15.035256,0.093240,4.422640,2.628205,-0.111597,215.230624,1.200758,-16.850962,-2.875291,-40.732663,-1.631847,4.710519,1.059003,-0.438957,0.000000
208.857226,4.016463,107.482372,6.074592,-22.471008,0.348193,3.490239,2.443328,0.095862,215.153700,-1.613928,-27.428322,-3.701195,-44.783508,-1.821970,3.680070,0.892483,0.113928,0.000000
208.836247,3.736014,101.201049,8.033217,-43.949301,1.082314,2.412296,2.171474,0.438228,214.995484,-7.150058,-36.404866,-4.212558,-37.545746,-0.870775,2.517628,0.597611,1.248980,0.000000
208.806381,4.091055,82.365822,10.881847,-48.262383,1.293415,1.432401,1.985140,0.839307,214.811626,-13.222611,-40.572261,-4.081876,-45.480186,-1.971445,1.389714,0.221882,2.783800,0.000000
208.780886,2.684732,50.976690,12.516317,-57.100379,1.406323,0.636946,1.197698,1.882430,214.530886,-16.932692,-39.930507,-3.688083,-45.488928,-2.438374,0.997523,0.179633,3.391171,0.000000
208.746503,-0.410111,7.033654,12.518794,-66.627768,1.861305,0.318036,0.052156,1.917395,214.193328,-18.370192,-34.479604,-3.212558,-35.007721,-2.231498,0.635635,-0.302156,3.967949,0.000000
208.728293,-3.098631,-11.361014,12.198427,-94.395396,3.111014,0.119172,-0.042541,2.444202,213.844260,-17.630828,-24.219551,-2.727710,-25.805944,-2.138840,-0.325758,-0.810315,4.815268,0.000000
208.734266,-7.308858,-15.120192,11.069639,-104.429924,3.619464,-0.012675,0.076195,3.193619,213.525204,-11.253059,-7.912587,-2.057547,-29.768794,-2.337267,-1.079691,-1.257576,4.908508,0.000000
208.813083,-6.114365,-14.611451,9.175991,-101.198864,3.585956,-0.332896,0.075466,3.581439,214.147290,-8.959353,10.418561,-1.807401,-39.823427,-2.808129,-1.134761,-1.461538,4.252914,0.000000
207.647145,-11.896707,3.574738,7.832168,-84.931090,3.010490,-0.224796,0.009033,4.821678,213.659237,-8.829254,-3.443910,-1.242570,-67.645542,-5.612617,-0.788170,-1.566434,2.848485,0.000000
207.917541,-15.362617,17.719551,6.467220,-61.002768,2.520396,0.054487,0.552010,5.459790,212.549388,-7.813520,-1.482955,-1.700321,-79.586976,-6.823281,-0.105624,-1.320221,1.981206,0.000000
209.325903,-16.512092,27.822990,6.155012,-59.077943,1.591055,0.262529,0.919143,4.757284,210.907488,-3.678322,-0.438374,-1.356643,-81.191579,-6.964598,0.138258,-1.033508,1.204108,0.000000
211.534819,-14.222756,33.885052,5.825029,-56.503642,0.851107,0.585956,1.197115,5.075758,208.948427,-11.546037,-3.433275,-2.128351,-65.950758,-5.097756,0.609994,-0.801428,0.501603,0.000000
214.123980,-12.142337,35.905740,6.650932,-36.460664,-0.452069,1.003788,1.179050,4.338432,207.119172,-17.029429,-4.469843,-1.166958,-72.689540,-6.448135,1.274913,-0.306235,0.599068,0.000000
216.818910,-10.244318,33.885052,7.071387,-29.011218,-1.229895,1.404138,0.747378,4.061772,205.716492,-18.741259,-4.817308,-0.463578,-61.619318,-5.847174,2.037005,0.332605,0.003934,0.000000
219.335810,-7.990822,27.822990,8.083770,-28.083625,-1.243735,1.831294,0.519376,3.604312,204.897582,-17.824883,-4.475670,0.483100,-34.622378,-3.363054,2.055070,0.434003,0.111888,0.000000
221.344988,-5.614948,17.719551,9.401369,-36.110140,-0.845717,2.136509,0.547348,3.621795,204.840035,-8.217366,11.439685,2.036422,-24.444347,-2.388986,1.685023,0.183566,0.635052,0.000000
222.627477,-2.516026,3.574738,10.619464,-32.260198,-0.705857,2.337121,0.387966,3.447552,205.539190,-8.448427,-5.446241,3.664918,-25.136946,-2.379808,1.698135,0.159528,0.676573,0.000000
222.814685,0.498252,-14.611451,12.114365,-26.014860,-0.472756,2.715181,0.649767,3.094114,207.217949,-15.588141,-20.637238,5.003934,-36.207168,-3.879516,2.163170,0.251748,0.629808,0.000000
221.370484,-3.668852,-0.062500,12.758304,-13.763695,-0.529283,2.671329,0.685897,3.160985,208.116696,-18.939540,-30.110577,6.494172,-52.189394,-5.785693,2.262821,-0.006556,0.506556,0.000000
221.084936,-3.716200,-0.062500,12.348922,-2.802448,-0.013986,1.869755,0.463287,2.366259,209.141463,-17.651661,-35.104021,7.394522,-53.822115,-5.940122,1.932255,-0.201486,0.305361,0.000000
220.806527,-3.121066,-0.062500,11.357809,-15.970280,0.029138,1.143502,0.230915,1.063083,210.053030,-13.030449,-35.617570,7.665355,-49.235868,-5.255390,1.323135,-0.393502,0.030012,0.000000
220.511801,-1.883450,-0.062500,9.644522,-25.898310,1.257284,0.472756,0.253497,1.026807,210.603875,-17.113782,-34.793269,6.677302,-38.242424,-3.731498,0.762092,-0.358100,-0.170163,0.000000
220.166812,-2.840472,-0.062500,7.840763,-33.505099,2.141608,-0.176573,-0.170746,-0.152535,211.323135,-14.424388,-28.591346,6.626748,-38.059586,-3.741550,0.226253,-0.369172,0.141900,0.000000
219.876603,-2.344406,-0.062500,6.205857,-36.879371,2.592949,-0.876603,-0.497232,-0.465618,212.168706,-9.724505,-18.254808,5.650204,-27.964161,-2.234411,-0.540647,-0.452214,-0.213287,0.000000
219.676719,-1.517628,-0.062500,5.058275,-38.686043,2.811917,-1.510198,-0.654283,-0.148601,212.912587,-3.014132,-3.783654,5.195221,-13.785693,-0.148893,-1.354167,-0.535693,-0.616259,0.000000
219.568182,-0.360140,-0.062500,4.409819,-38.796766,2.773747,-2.013549,-0.791521,-0.427448,213.508887,5.706731,14.822115,5.465472,-9.005390,0.513112,-1.901515,-0.621358,-0.896125,0.000000
219.603147,1.128059,-0.062500,4.719406,-36.545600,2.579545,-2.127768,-0.827506,-0.444784,213.834645,1.112325,-0.062500,6.290501,-9.637821,0.566871,-2.025204,-0.757867,-1.153992,0.000000
219.672203,-0.062500,-0.062500,5.523310,-32.899038,1.884615,-1.926719,-0.353730,-0.320367,214.075903,-0.062500,-0.062500,6.606061,-13.112325,-0.019231,-1.952069,-0.755245,-1.167104,0.000000
219.681090,-0.062500,-0.062500,4.996941,-24.438811,0.781760,-1.991841,-0.167104,0.053759,214.400787,-0.062500,-0.062500,6.161568,-13.057255,-0.042541,-2.107372,-0.990822,-0.746795,0.000000
219.675699,-0.062500,-0.062500,3.314103,-19.396562,0.238782,-2.474068,-0.285985,1.035548,214.577506,-0.062500,-0.062500,4.810023,-13.438374,-0.269814,-2.420746,-1.006847,-0.485868,0.000000
219.600962,1.232955,-0.062500,2.938957,-18.675699,-0.047057,-2.305216,0.182984,1.557255,214.525058,-0.062500,-0.062500,4.509615,-12.800845,-0.530303,-2.376166,-0.878205,-0.130973,0.000000
219.629516,0.909091,-0.062500,2.802885,-20.002768,0.314977,-2.147145,0.577943,2.153846,214.482955,-0.062500,-0.062500,4.169289,-10.864073,-0.611597,-2.167978,-0.433566,0.164481,0.000000
219.746941,-0.674242,-0.062500,2.213869,-16.082314,0.155886,-1.684586,0.435460,2.100379,214.726690,-0.062500,-0.062500,3.797931,-8.369755,-0.576632,-1.686334,-0.305653,0.365822,0.000000
219.928322,-3.151952,-0.062500,2.058421,-9.813228,-0.046474,-1.180361,0.283362,1.841783,215.076777,-0.062500,-0.062500,3.699301,-5.578671,-0.369027,-1.214161,-0.198281,0.313811,0.000000
220.157780,-6.175991,-0.062500,2.465035,-4.722028,-0.084790,-0.718386,0.160985,1.545892,215.487325,-0.062500,-0.062500,4.040501,-2.666812,-0.025204,-0.819784,-0.186772,0.375291,0.000000
220.406177,-9.390297,-0.062500,3.071970,-0.920017,0.018502,-0.504225,0.087704,1.175699,215.912442,-0.062500,-0.062500,4.826923,0.240530,0.407925,-0.502768,-0.274621,0.462704,0.000000
220.639132,-12.416521,-0.062500,3.875291,1.091055,0.312209,-0.372960,0.023747,1.060897,216.319493,-0.062500,-0.062500,5.816288,2.900204,0.901807,-0.306527,-0.468240,0.545746,0.000000
220.849796,-16.207314,-0.062500,4.661568,-0.078234,0.453089,-0.446824,0.035548,1.078817,216.640297,-0.062500,-0.062500,5.827069,4.373397,1.180798,-0.391754,-0.550408,0.743735,0.000000
220.983974,-17.474796,-0.062500,4.364073,2.422203,0.558129,-0.442599,-0.044435,1.351690,216.846008,-0.062500,-0.062500,5.121649,5.519814,1.531323,-0.595134,-0.647582,1.115822,0.000000
221.019231,-16.218969,-0.062500,2.977855,5.503059,0.673514,-0.755973,-0.197698,1.557110,216.894522,-0.062500,-0.062500,4.052448,6.678322,1.732809,-0.887529,-0.677885,0.736014,0.000000
220.947844,-12.439831,-0.062500,2.608683,5.858974,0.863199,-0.948718,-0.023164,1.207605,216.824738,-0.062500,-0.062500,4.064103,8.830711,1.974213,-0.789481,-0.729021,0.470571,0.000000
220.936334,-9.412005,-0.062500,1.450466,8.294143,1.138112,-1.130390,-0.211684,1.063374,216.862617,-0.062500,-0.062500,3.404720,11.363199,2.325321,-0.706439,-0.819202,0.063374,0.000000
220.912733,-6.199883,-0.062500,0.157634,10.102855,1.444930,-1.092075,-0.344697,0.897436,216.893502,-0.062500,-0.062500,2.541667,13.358829,2.635490,-0.836684,-1.118298,-0.296183,0.000000
220.873397,-3.163316,-0.062500,-1.180070,12.987179,1.630973,-0.948572,-0.514860,0.751603,216.918269,-0.062500,-0.062500,1.814103,15.055507,2.932110,-0.888403,-1.272145,-0.577797,0.000000
220.825612,-0.675408,-0.062500,-2.037442,16.631993,1.924679,-0.706294,-0.627185,0.511364,216.923660,-0.062500,-0.062500,1.047057,17.053759,3.200466,-0.792978,-1.307255,-0.704254,0.000000
220.771562,0.907780,-0.062500,-2.029429,19.109120,2.393065,-0.599796,-0.616404,0.086830,216.930798,-0.062500,-0.062500,0.315122,18.492424,3.358246,-0.609120,-1.213141,-0.730332,0.000000
220.703089,1.238199,-0.062500,-2.727273,21.454837,2.562500,-0.560460,-0.646416,-0.360140,216.873252,-0.062500,-0.062500,-0.642774,20.495484,3.462558,-0.445367,-1.013403,-0.608537,0.000000
220.529866,-0.062500,-0.062500,-3.421183,19.533217,3.229895,-0.848776,-0.860577,-1.098485,216.812791,6.210227,-14.952360,-0.539627,20.730041,3.714598,-0.578526,-0.760344,-0.455420,0.000000
220.445950,1.138549,-0.062500,-3.924971,23.851253,2.914627,-0.420163,-0.897582,-1.611160,216.751166,-1.630682,3.659965,-0.104895,23.752622,3.571241,-0.139277,-0.411422,-0.217075,0.000000
220.363199,-0.362762,-0.062500,-6.110140,33.015297,0.989219,-0.629662,-0.939831,-2.038753,216.679779,-7.729167,18.136218,-1.366841,29.386218,3.024476,0.309586,-0.012383,-0.223485,0.000000
220.542686,-1.530449,-0.062500,-8.696678,46.094406,-1.414627,-0.240676,-0.790355,-2.229312,216.348339,-12.085227,28.476399,-3.498980,37.242570,2.670455,1.021416,0.185315,-0.020542,0.000000
220.823135,-1.231643,-0.062500,-9.608100,63.819493,-4.720571,0.781323,-0.558129,-2.082896,215.957605,-9.679633,49.586101,-7.156760,46.692308,3.097756,1.612617,0.198864,-0.392920,0.000000
221.418998,1.839598,-14.039773,-10.290064,81.884761,-6.990676,1.660839,-0.295746,-1.346737,215.259324,-11.947261,47.896270,-10.481789,57.103875,3.158654,2.045163,0.143211,-0.352273,0.000000
222.106643,-5.663316,3.431818,-11.280303,98.805216,-8.222611,2.806964,0.186189,-0.394231,214.404720,-22.052885,12.744027,-12.748980,67.915793,2.943619,2.691871,0.177448,0.569202,0.000000
223.078526,-11.132430,17.020833,-10.055798,112.684003,-8.133741,3.315122,0.059878,0.769522,213.320513,-27.666958,-18.272145,-14.035548,77.501166,1.931527,2.958770,0.162442,0.792249,0.000000
224.184586,-14.567745,26.727273,-8.340618,120.489948,-6.894231,3.167832,1.173368,1.726399,212.066434,-28.789481,-45.152244,-14.701049,83.991404,1.776369,2.899621,0.149330,1.833916,0.000000
225.213724,-15.969260,32.551136,-8.407488,122.896416,-3.914044,2.694056,2.188374,2.958188,210.824738,-25.420455,-67.896270,-15.067308,87.551428,2.323281,2.402244,0.098339,2.514277,0.000000
226.065705,-15.336976,34.492424,-8.392628,116.031906,-0.826923,1.963869,2.633013,3.380536,209.697698,-17.559878,-86.504225,-13.127331,87.314394,3.131410,1.661276,0.009470,2.833333,0.000000
228.562500,-9.046766,18.295892,-5.418269,110.644522,-1.568473,1.913899,2.924534,3.567745,208.827214,-19.957168,-63.337850,-9.122378,87.491404,2.943182,1.379516,0.015297,2.791084,0.000000
228.840035,-8.530157,16.004371,-6.890589,106.213287,-2.205857,0.429341,2.754808,3.278555,207.435460,-12.214161,-45.451777,-7.498106,86.164336,3.606789,1.113345,0.302885,2.203963,0.000000
227.513840,-10.636655,38.015589,-6.638549,104.161568,-4.347465,0.018648,2.485577,1.994901,206.832896,-9.533508,-22.302739,-6.027681,84.038170,4.682838,0.491696,-0.081002,1.668561,0.000000
224.775495,-11.527535,48.215909,-4.898310,103.237179,-6.524330,-0.020105,1.712850,1.767920,207.149621,-0.690851,24.269668,-5.293561,82.239073,5.186626,0.519814,-0.454691,0.720862,0.000000
221.249854,-11.335373,46.605332,-5.394668,100.687791,-7.102710,-0.145833,0.972756,1.868881,208.035985,-3.163462,23.333042,-4.108392,80.862034,5.087995,0.866259,-0.573427,0.461247,0.000000
217.256119,-18.986305,68.515297,-5.894959,97.088432,-6.827360,0.127040,0.238928,1.224359,209.460810,-14.299825,-24.942162,-2.709353,79.779429,4.592949,1.165210,-0.704691,0.351399,0.000000
213.506993,-19.402972,68.519668,-8.446678,93.572115,-5.698281,-0.441871,-0.747378,0.756119,211.044580,-18.096445,-49.760781,-1.551719,77.976544,3.601107,0.785256,-0.564103,-0.986742,0.000000
210.308129,-16.277681,60.595717,-13.862179,90.420017,-3.715472,-1.785839,-0.386364,0.414481,212.618590,-19.430944,-65.996941,-1.295746,75.155012,3.658800,0.055216,-0.594843,0.646707,0.000000
208.130973,-12.582896,44.743444,-18.492133,87.058275,-0.878934,-2.364510,-0.129079,0.549388,214.084790,-18.303322,-73.650641,-1.922348,72.600816,3.893794,-0.303176,-0.510198,1.723339,0.000000
207.544143,-7.891900,20.962850,-20.552885,82.621212,0.345425,-2.218969,0.070950,0.239073,215.115093,-14.713578,-72.721882,-2.052302,71.663024,4.141171,-0.055798,-0.329254,2.418269,0.000000
209.077069,-1.776952,-10.746066,-19.383013,79.399038,-0.252622,-1.490676,0.261509,-0.144085,215.559441,-8.661713,-63.210664,-1.288753,71.596591,4.195950,0.453089,0.258596,2.731498,0.000000
209.036568,-3.005828,-14.349213,-20.015589,77.106789,0.697990,-1.315997,0.514860,-0.600087,215.021562,-2.945076,-45.116987,-2.102273,70.838141,4.943036,0.489948,0.815851,2.663024,0.000000
209.039481,-8.953526,-0.062500,-17.269522,78.802156,-0.062500,-1.207459,0.781177,-1.128934,214.973193,-2.275350,-7.015589,-2.182401,72.257284,5.221008,-0.693910,0.456294,2.676865,0.000000
209.044580,-12.316142,-0.062500,-13.791230,77.401078,-0.062500,-0.500291,0.940997,-0.152972,214.961247,2.112762,22.131993,-1.725233,71.398019,4.582459,-0.765443,0.533071,1.825029,0.000000
209.045600,-12.965181,-0.062500,-10.867424,74.130245,-0.062500,0.382430,1.454691,0.178759,215.028555,1.547931,7.734703,-0.855186,68.206585,4.355478,-0.912150,0.704254,1.123689,0.000000
209.061189,-11.981061,-0.062500,-8.150058,70.490967,-0.062500,0.891754,1.756119,-0.121503,215.130245,-2.041958,-35.425554,0.727855,63.018502,4.047348,-0.844988,0.923951,0.522436,0.000000
209.067745,-9.379516,-14.910402,-8.865967,66.458042,-0.062500,0.745921,2.013258,0.107226,215.238345,-3.869755,-69.990530,2.421329,55.937500,3.711684,-0.806818,1.304779,-0.051865,0.000000
209.036276,-5.644376,-11.287587,-10.050117,63.829837,-0.576486,0.451049,2.267920,0.277681,215.339452,-6.422203,-121.444493,4.737908,49.286276,3.477564,-0.673805,1.545309,1.414044,0.000000
209.042832,-2.886364,6.882139,-9.911568,58.042104,-0.447990,-0.028846,2.509033,0.389860,215.466055,-7.922786,-152.321533,5.539627,42.420163,3.210810,0.438520,1.762675,2.051136,0.000000
209.069639,-0.188374,35.439103,-9.540501,51.136801,0.479167,0.057255,2.564977,0.443765,215.602855,-8.371503,-162.621649,5.291084,35.428322,2.980332,1.990676,1.786568,2.256119,0.000000
209.121212,2.078234,70.252477,-9.337267,43.679779,1.525932,0.515297,2.375291,0.439394,215.726544,-7.768357,-152.344843,4.162442,28.753205,2.707168,3.315414,1.989219,2.082168,0.000000
209.162587,4.118881,122.134761,-9.701486,37.596882,2.315268,1.156906,2.164044,0.271853,215.787587,-6.113345,-121.491113,2.480769,23.796183,2.408945,4.220862,1.815705,1.876166,0.000000
209.244027,4.292832,153.288607,-9.541812,33.239365,2.875146,1.115093,1.801865,0.224359,215.834936,-3.406469,-70.060460,0.809878,21.407634,2.292104,4.166958,1.361305,1.605478,0.000000
209.333770,4.909091,163.714015,-8.874709,27.466638,3.163753,1.802448,1.406614,0.219260,215.940268,-1.802302,-35.479021,-1.018357,18.032634,2.113054,4.498252,1.015734,1.145688,-0.083916
209.451195,4.913462,153.410985,-7.960373,21.695221,3.063957,2.133159,1.136946,0.105478,216.044143,-0.423223,-7.066871,-2.004516,14.309732,1.847465,4.178613,0.647436,1.337558,-0.062937
209.575903,4.305944,122.379516,-6.895396,16.693328,2.581731,1.717512,0.813520,0.204983,216.142337,0.537879,11.053759,-2.021125,10.484411,1.566579,3.894522,0.500437,1.629808,0.039627
209.692745,3.086538,70.619610,-5.442016,12.795455,1.736014,1.989073,0.218240,0.337850,216.213578,0.873106,14.759178,-1.199446,7.586101,1.245629,3.349796,0.444930,1.902098,0.200466
209.769522,1.295017,35.663462,-3.752185,10.709790,0.460519,1.946387,0.622960,0.334936,216.255099,0.404138,-0.062500,0.656323,6.485140,0.979312,2.711393,0.488491,2.337704,0.396270
209.853584,0.232517,7.012966,-2.347174,7.948281,0.054487,0.846591,0.892045,0.285402,216.310606,0.656906,-0.062500,1.729458,5.175554,0.747086,1.897290,0.487617,2.706731,0.603730
209.907051,-0.471591,-11.271853,-1.307692,5.422786,0.146707,0.683421,1.032343,0.189248,216.340035,0.899476,-0.062500,2.652098,2.976399,0.409237,1.448427,0.395396,2.584207,0.799534
209.936772,-0.628934,-15.015297,-0.830857,2.972756,0.124272,0.899621,1.104312,0.046474,216.333770,1.102710,-0.062500,3.108829,0.511218,0.025350,1.337121,0.404866,2.142483,0.960373
209.915501,-0.062500,-0.062500,-0.950175,1.227418,0.001166,1.479458,1.130390,-0.142920,216.287442,1.237471,-0.062500,2.951486,-1.865093,-0.447698,1.769814,0.370921,1.764277,1.062937
209.900787,-0.062500,-0.062500,-0.870629,-0.702652,-0.037879,1.889423,0.979167,-0.113782,216.268211,1.279866,-0.062500,2.293415,-3.949009,-0.862471,2.093677,0.273456,1.351107,1.083916
209.864948,-0.062500,-0.062500,-1.023310,-2.001020,-0.044872,2.458916,0.666084,-0.297203,216.240967,1.188957,-0.062500,1.035256,-5.254516,-1.153992,2.673514,0.126166,0.887529,1.000000
209.851544,-0.062500,-0.062500,-1.150641,-3.903700,0.148601,2.702214,0.384761,-0.260490,216.210082,1.194202,-0.062500,-0.086830,-7.419289,-1.810460,2.969843,0.035693,0.009033,1.000000
209.835956,-0.062500,-0.062500,-1.178759,-5.603730,0.100087,2.781177,0.071241,0.037150,216.185169,1.194639,-0.062500,-1.251894,-9.457751,-2.180361,3.255682,-0.031760,-0.397582,1.000000
209.827797,-0.062500,-0.062500,-1.238054,-6.903992,-0.175408,3.355041,-0.278846,0.456294,216.158800,1.178613,-0.062500,-2.246212,-10.911713,-2.259761,3.492570,-0.081294,-0.095280,1.000000
209.806381,-0.062500,-0.062500,-1.294580,-7.793269,-0.617279,3.186480,0.284091,1.008304,216.142045,1.155886,-0.062500,-2.777535,-11.659965,-2.043415,3.658945,-0.083479,0.775204,1.000000
209.786568,-0.062500,-0.062500,-1.236742,-7.999272,-1.154866,2.988054,0.583625,1.687354,216.128934,1.094551,-0.062500,-2.819056,-11.736160,-1.531323,3.517774,0.086976,2.043706,1.000000
209.760927,-0.062500,-0.062500,-0.993298,-8.772436,-2.017337,3.052739,0.831439,2.416958,216.100233,1.018211,-0.062500,-2.718677,-12.367861,-0.748252,3.767628,0.199301,3.271125,1.000000
209.777244,-0.062500,-0.062500,-0.580565,-8.626748,-2.253351,3.429487,1.194930,3.509615,216.112762,0.963578,-0.062500,-2.502331,-13.480769,-0.688520,4.211684,0.361014,5.004079,1.000000
209.738928,-0.062500,-0.062500,0.203089,-9.615239,-2.506702,3.512383,1.355915,4.010781,216.081731,0.840472,-0.062500,-2.017774,-14.302593,-0.605915,4.381847,0.452797,5.916812,1.000000
209.660693,-0.062500,-0.062500,0.975670,-11.532634,-2.672348,3.355186,1.314394,3.920455,216.011364,0.678030,-0.062500,-1.372232,-14.738345,-0.532780,4.303904,0.474650,6.009324,1.000000
209.548223,-0.062500,-0.062500,1.692599,-15.500291,-3.081731,3.009615,1.070367,3.238636,215.911131,0.492133,-0.062500,-0.693328,-14.817308,-0.583479,4.046766,0.426573,5.281614,1.000000
209.420455,-0.062500,-0.062500,2.247232,-18.139714,-2.899621,2.406323,0.769668,2.561917,215.790501,0.315705,-0.062500,-0.201049,-14.531906,-0.853438,3.581585,0.308566,3.733683,1.000000
209.288316,-0.062500,-0.062500,2.504662,-19.779429,-2.709353,1.817890,0.503205,1.759615,215.672203,0.163170,-0.062500,0.010490,-12.770979,-0.363199,3.008450,0.160402,2.439394,1.000000
209.167978,-0.062500,-0.062500,2.401807,-20.341638,-2.384033,1.239073,0.249126,0.885927,215.553904,0.039481,-0.062500,0.044435,-12.766463,-0.336101,2.598485,0.050262,1.224505,1.000000
209.069056,-0.728584,-15.141171,2.275204,-18.465035,-1.454108,0.748252,-0.106643,-0.428322,215.462267,-0.048077,-0.062500,-0.127331,-16.718386,-1.111160,2.358537,-0.066434,0.195659,1.000000
209.001311,-0.441434,-11.371503,1.511218,-17.080857,-1.130099,0.496649,-0.230332,-0.187063,215.388549,-0.108392,-0.062500,-0.854021,-16.037879,-0.981789,2.147290,-0.091346,-0.455857,1.000000
208.932838,0.379225,7.063228,1.146416,-17.301428,-1.358683,0.458770,-0.167686,0.258596,215.317890,-0.109703,-0.062500,-1.455420,-20.381993,-1.788899,2.128642,-0.119610,-0.586976,1.000000
208.890006,1.535985,35.967949,1.099942,-21.034382,-1.878788,0.793706,0.145833,1.033217,215.271416,-0.062500,-0.062500,-1.926719,-23.504225,-2.909382,2.540647,-0.064685,-0.062500,1.000000
208.789336,2.841638,71.149038,1.524767,-24.194930,-2.475379,1.044580,0.444202,1.271416,215.165647,-0.062500,-0.062500,-2.024476,-22.131410,-2.810460,2.910548,-0.044435,-0.062500,1.000000
208.692890,4.339452,108.424825,2.735577,-26.859994,-2.953380,1.566871,0.869610,1.350816,215.062646,0.839598,14.848339,-2.057401,-26.051719,-3.414336,3.577360,0.129516,-0.062500,1.000000
208.557838,5.377477,143.575758,3.360140,-28.976544,-3.481935,1.856789,1.307255,1.271416,214.932838,0.671766,11.120629,-2.378205,-23.321533,-2.934586,4.252185,0.366259,-0.062500,1.000000
208.496795,6.780740,172.505973,3.318036,-28.129516,-3.280886,2.452797,1.594260,1.033217,214.887529,-1.405012,-22.014569,-2.599942,-28.097465,-3.126894,5.314248,0.519959,-0.062500,1.000000
208.323572,6.306090,190.846882,3.929196,-25.748689,-2.680653,2.441434,1.651078,0.636218,214.715618,-2.964598,-46.865967,-2.403846,-29.558858,-2.625728,5.158508,0.590618,-0.062500,1.000000
208.077360,4.241987,194.452506,5.213432,-21.944784,-1.681235,1.669289,1.477710,0.080420,214.448864,-4.006993,-63.433566,-1.797494,-27.479749,-2.091200,4.218677,0.788024,0.173514,1.000000
207.806381,0.753642,179.153263,6.445076,-16.256410,-0.282634,0.305507,1.074155,-0.634178,214.141317,-2.471008,-56.853730,-1.249126,-29.827069,-2.333042,2.331148,0.640152,0.114510,1.000000
207.524330,-3.280157,193.829837,7.664336,-10.387092,-0.003497,-0.844551,0.705565,-0.062500,213.849213,-3.781031,-75.433275,-0.320950,-31.973048,-2.184441,0.327214,0.009324,-0.409965,1.000000
207.216929,-6.245775,189.821241,8.244610,-12.374417,0.489510,-2.919143,0.322698,-0.062500,213.512966,-6.868881,-81.600233,-0.488054,-38.707459,-3.016317,-2.563520,-0.488928,0.701923,1.000000
206.935606,-7.963869,171.302739,8.510344,-16.907925,0.302885,-5.177448,0.000146,-0.062500,213.134470,-8.512966,-75.354604,-0.519814,-39.775058,-3.164044,-5.956002,-0.844406,-0.004808,1.000000
206.725087,-7.232080,142.453380,7.959353,-18.547203,0.510490,-8.431235,-0.165647,-0.062500,212.797640,-8.713287,-56.696387,-0.859411,-35.813811,-3.316579,-10.553030,-1.078963,-3.872960,1.000000
205.456439,-6.546620,107.450758,8.223048,-11.591200,0.472465,-11.192599,-0.217220,-0.062500,213.328526,-7.469843,-25.625583,-1.678904,-34.679633,-3.265006,-13.692745,-1.016171,-5.718823,1.000000
205.687354,-5.870192,70.444493,7.114219,-21.413899,0.717220,-12.074009,-0.095280,-0.062500,212.819639,-7.062937,-19.833479,-2.806964,-39.818036,-3.634324,-14.163316,-0.831731,-6.748834,1.000000
207.135198,-4.837995,35.630099,5.548223,-28.636946,0.833770,-10.920309,-0.035256,-0.062500,211.591055,-6.986888,-28.551136,-3.859411,-48.702652,-4.519814,-12.248689,-0.603001,-6.962995,1.000000
209.256847,-5.626166,6.975233,4.834790,-32.987034,0.822115,-8.825758,0.063374,-1.426136,209.701195,-5.024476,-18.229167,-4.086538,-40.580857,-3.289918,-9.563811,-0.272290,-6.361305,1.000000
211.812646,-7.348193,-11.279720,4.557401,-34.611014,0.682255,-5.736160,0.163899,0.278409,207.546037,-2.135490,-3.778409,-3.790938,-42.105041,-3.331439,-5.767045,0.160402,-4.943765,1.000000
214.524038,-11.327214,-15.004808,4.395833,-33.246649,0.414190,-2.068619,0.226544,1.604167,205.372960,6.416084,15.923514,-3.222756,-45.710082,-3.610286,-1.382284,0.164773,-3.306964,1.000000
217.063811,-14.539773,-0.062500,4.704108,-29.099068,0.017920,1.628059,0.214598,1.203234,203.446241,4.842657,0.779283,-2.458479,-48.365967,-3.616987,3.222756,-0.107663,-1.280449,1.000000
219.094406,-14.802739,-0.062500,4.191579,-28.094260,0.249126,4.388695,0.247378,3.456294,201.928759,-2.161276,-0.592512,-2.851253,-45.725087,-3.185752,6.309149,-0.052302,1.666812,1.000000
220.396707,-11.922057,-0.062500,3.180653,-23.223631,0.136218,6.325321,0.232080,4.956148,200.868007,-16.247815,-3.866113,-3.203526,-32.749854,-1.694493,7.857663,-0.049388,1.493881,1.000000
220.500146,-8.381119,-0.062500,3.445221,-8.491404,0.172203,6.510052,0.158217,5.702797,200.890589,-26.322115,-6.204400,-2.761655,-31.059732,-2.532343,7.512675,-0.072990,-0.539773,1.000000
219.118444,-6.802885,-0.062500,4.746358,-0.950466,-0.095280,6.696678,-0.003059,5.696241,202.105769,-32.384178,-7.607372,-1.946678,-29.872378,-2.351399,7.467949,-0.062500,-0.062500,1.000000
218.843677,-7.397582,-0.062500,4.917249,-18.777681,-0.134470,7.462413,0.014423,4.280886,202.572990,-34.434003,-8.075029,-1.554633,-29.439685,-2.124272,8.011801,-0.062500,-0.062500,1.000000
218.541521,-7.414918,-0.062500,4.938666,-33.835373,-0.495047,7.989802,0.033654,3.587413,203.110431,-32.471591,-7.607372,-1.307692,-26.708333,-1.983392,8.138549,-0.062500,-0.062500,1.000000
218.232372,-7.296911,-0.062500,4.735431,-51.999417,-0.935169,8.425991,0.143502,1.958625,203.663316,-26.496941,-6.204400,-0.990822,-26.651952,-2.363491,8.204983,-0.062500,-0.062500,1.000000
217.937500,-7.527389,-0.062500,4.263258,-78.281906,-1.674534,8.866259,0.251020,2.484848,204.126166,-15.497815,-3.866113,-0.580565,-51.110723,-6.141463,8.192599,-0.062500,-0.062500,1.000000
217.704545,-2.342366,-13.520542,3.925408,-94.354604,-2.129808,8.587850,0.420892,1.505245,204.580565,-1.688811,-0.592512,-0.328234,-61.893502,-7.872232,8.010635,-0.125437,-0.387675,1.000000
217.533654,-2.289044,-10.056381,4.044289,-99.729604,-2.300991,7.283945,0.568910,0.302739,204.986888,3.160985,0.779283,0.130390,-65.132867,-8.431672,7.312937,-0.109703,-0.306381,1.000000
217.453380,-7.107809,6.467075,4.868881,-87.708625,-2.104167,6.315559,0.694056,2.153118,205.295017,2.493153,1.059878,0.828817,-61.482663,-7.819784,6.501020,0.024913,0.169726,1.000000
217.461684,-20.319784,45.373689,4.433566,-79.473339,-1.812063,5.287296,0.968677,3.454108,205.351107,-6.176428,-0.062500,0.360868,-50.600087,-6.036568,5.675699,0.136364,1.019814,1.000000
217.447990,-31.697990,73.148310,6.920455,-58.444493,-1.212558,4.725816,1.058275,4.082022,205.696970,-8.723048,-0.062500,1.970571,-49.088287,-5.786568,5.222611,0.211393,1.620775,1.000000
217.473922,-40.274038,89.790938,9.637092,-44.577652,-0.796183,4.617279,0.968386,3.879516,206.098776,-10.040064,-0.062500,4.080128,-36.042978,-3.592512,4.804924,0.250000,1.972611,1.000000
217.518065,-46.222611,95.301573,12.615967,-32.372669,-0.383013,4.886072,0.892191,3.357955,206.513112,-10.127477,-0.062500,6.204254,-13.816871,0.110286,4.704254,0.252185,2.075321,1.000000
217.588724,-47.704254,89.680216,15.453817,-23.837413,-0.117861,5.232809,0.728438,3.776807,206.896270,-8.985286,-0.062500,7.640152,-8.334645,1.100524,4.614365,0.217949,1.928904,1.000000
217.671620,-42.787296,72.926865,18.906469,-18.655012,-0.216346,6.379371,0.498397,3.005390,207.121066,0.786859,-15.109703,9.826049,-13.305070,0.060023,5.336101,0.147290,1.533362,1.000000
217.820221,-31.471737,45.041521,20.636218,-26.715326,-0.176136,6.600962,0.271125,1.699301,207.510198,2.548660,-11.347902,11.488491,-24.936043,-1.913462,5.237034,0.134615,0.731352,1.000000
217.999126,-13.757576,6.024184,20.290064,-22.143794,-0.532197,5.292832,0.103293,0.518794,208.107372,-4.205565,7.053613,10.861888,-28.731935,-2.239510,4.030449,-0.126894,0.034237,1.000000
218.169289,-4.917541,-10.106206,16.796037,-19.038607,0.427885,3.675262,-0.021416,0.017483,208.695804,-16.897727,35.922931,9.906906,-30.599359,-2.917686,2.987034,-0.171329,-0.091783,1.000000
218.262238,-0.773601,-13.321241,13.487179,-11.871941,1.056381,1.974942,-0.162879,-0.035111,209.393065,-33.846445,71.017628,8.626311,-29.721591,-3.192308,1.378351,-0.218531,0.024038,1.000000
218.281031,-3.123397,-0.062500,9.314394,-19.802156,1.437500,-0.479167,-0.043561,0.740239,210.075758,-53.401078,108.157780,6.390589,-25.816142,-3.063374,-0.434003,-0.377914,0.242861,1.000000
218.269406,-1.576399,-0.062500,7.168182,-20.956031,1.671591,-1.531818,-0.061364,0.672465,210.650000,-64.958129,131.490297,5.294143,-22.089073,-2.791696,-1.120717,-0.421941,0.205507,1.000000
218.214073,-0.434266,-0.062500,5.450000,-21.942657,1.837500,-2.279545,-0.082955,0.523689,211.214773,-75.494056,152.708304,4.374126,-16.571503,-2.234615,-1.488811,-0.448339,0.122990,1.000000
218.115035,0.303001,-0.062500,4.159848,-22.762034,1.935227,-2.722348,-0.108333,0.293910,211.770076,-85.008858,171.811801,3.630536,-9.263432,-1.392133,-1.538287,-0.457110,-0.004691,1.000000
217.972290,0.635402,-0.062500,3.297727,-23.414161,1.964773,-2.860227,-0.137500,-0.016871,212.315909,-93.502535,188.800787,3.063374,-0.164860,-0.264248,-1.269143,-0.448252,-0.177535,1.000000
217.785839,0.562937,-0.062500,2.863636,-23.899038,1.926136,-2.693182,-0.170455,-0.408654,212.852273,-100.975087,203.675262,2.672640,10.724213,1.149038,-0.681381,-0.421766,-0.395542,1.000000
