114.366259,-0.062500,-0.062500,-0.864948,0.438374,-0.062500,-0.067745,0.342220,0.004371,67.375000,-0.062500,-0.062500,-0.677448,-0.338724,-0.105769,-0.224213,-0.694930,0.576923,1.000000
114.374913,-0.062500,-0.062500,-0.867570,0.703759,-0.062500,0.038811,0.359615,-0.009615,67.375000,-0.062500,-0.062500,-0.661888,-0.419580,-0.169580,-0.103322,-0.505245,0.351224,1.000000
114.380507,-0.062500,-0.062500,-0.869610,0.918881,-0.062500,0.126865,0.378322,-0.017337,67.375000,-0.062500,-0.062500,-0.638170,-0.473631,-0.219843,-0.007780,-0.349505,0.174038,1.000000
114.383042,-0.062500,-0.062500,-0.871066,1.083741,-0.062500,0.196416,0.398339,-0.018794,67.375000,-0.062500,-0.062500,-0.606294,-0.500874,-0.256556,0.062413,-0.227710,0.045367,1.000000
114.382517,-0.062500,-0.062500,-0.871941,1.198339,-0.062500,0.247465,0.419668,-0.013986,67.375000,-0.062500,-0.062500,-0.566259,-0.501311,-0.279720,0.107255,-0.139860,-0.034790,1.000000
114.378934,-0.062500,-0.062500,-0.872232,1.262675,-0.062500,0.280012,0.442308,-0.002914,67.375000,-0.062500,-0.062500,-0.518065,-0.474942,-0.289336,0.126748,-0.085956,-0.066434,1.000000
114.372523,-0.062500,-0.062500,-0.819930,1.200466,-0.062500,0.328963,0.482080,0.016900,67.375000,-0.062500,-0.062500,-0.415938,-0.377331,-0.302739,0.114948,-0.043561,-0.070367,1.000000
114.362471,-0.062500,-0.062500,-0.797494,1.168852,-0.062500,0.326049,0.516026,0.045163,67.375000,-0.062500,-0.062500,-0.330711,-0.298951,-0.289044,0.064394,-0.079837,0.050262,1.000000
114.350233,-0.062500,-0.062500,-0.801136,1.118881,-0.062500,0.289773,0.546474,0.088869,67.375000,-0.062500,-0.062500,-0.285693,-0.242716,-0.249709,0.006702,-0.170892,0.195804,1.000000
114.337267,-0.062500,-0.062500,-0.838141,1.047640,-0.062500,0.205857,0.569202,0.153700,67.375000,-0.062500,-0.062500,-0.252622,-0.169726,-0.221737,-0.025058,-0.193473,0.254808,1.000000
114.325029,-0.062500,-0.062500,-0.876603,1.036131,-0.062500,0.096882,0.540647,0.181381,67.375000,-0.062500,-0.062500,-0.264860,-0.155303,-0.177739,-0.070221,-0.200029,0.274476,1.000000
114.314977,-0.062500,-0.062500,-0.873834,1.210664,-0.062500,0.075029,0.512092,0.193182,67.375000,-0.062500,-0.062500,-0.325466,-0.166667,-0.119318,-0.078526,-0.190559,0.254808,1.000000
114.308566,-0.062500,-0.062500,-0.809295,1.490530,-0.062500,0.055070,0.470862,0.211830,67.375000,-0.062500,-0.062500,-0.366113,-0.216929,-0.060315,-0.071824,-0.165064,0.195804,1.000000
114.307255,-0.062500,-0.062500,-0.730624,1.749417,-0.062500,0.054633,0.406177,0.157197,67.375000,-0.062500,-0.062500,-0.379079,-0.330565,-0.037296,-0.048660,-0.123543,0.097465,1.000000
114.312500,-0.062500,-0.062500,-0.655303,2.140297,-0.062500,0.074155,0.324301,0.090763,67.375000,-0.062500,-0.062500,-0.409382,-0.510198,-0.060460,0.036713,-0.039773,-0.134615,1.000000
114.312500,-0.062500,-0.062500,-0.572990,2.335810,-0.062500,0.141171,0.274621,0.077797,67.375000,-0.062500,-0.062500,-0.348631,-0.582314,-0.036859,0.060460,-0.025787,-0.168706,1.000000
114.312500,-0.062500,-0.062500,-0.449592,2.287442,-0.062500,0.189394,0.225962,0.069493,67.375000,-0.062500,-0.062500,-0.194784,-0.588869,0.002914,0.037442,-0.053904,-0.044143,1.000000
114.312500,-0.062500,-0.062500,-0.300845,2.075466,-0.062500,0.239219,0.216783,0.057255,67.375000,-0.062500,-0.062500,-0.011509,-0.571387,0.037442,-0.016171,-0.110723,0.194493,1.000000
114.312500,-0.062500,-0.062500,-0.184149,1.743298,-0.062500,0.254516,0.231498,0.100816,67.375000,-0.062500,-0.062500,0.164190,-0.451195,0.057110,-0.081439,-0.175699,0.369464,1.000000
114.312500,-0.062500,-0.062500,-0.051136,1.268357,-0.062500,0.244027,0.261072,0.152972,67.375000,-0.062500,-0.062500,0.283945,-0.228875,0.062646,-0.149913,-0.311917,0.620775,1.000000
114.312500,-0.062500,-0.062500,0.032488,0.814540,-0.062500,0.250583,0.307838,0.157051,67.375000,-0.062500,-0.062500,0.316871,0.024621,0.083625,-0.210810,-0.400058,0.762821,1.000000
114.312500,-0.062500,-0.062500,0.084499,0.548223,-0.062500,0.301428,0.389714,0.160111,67.375000,-0.062500,-0.062500,0.275641,0.281906,0.119318,-0.233974,-0.440122,0.795600,1.000000
114.312500,-0.062500,-0.062500,0.066288,0.486742,-0.062500,0.310606,0.454545,0.126603,67.375000,-0.062500,-0.062500,0.171911,0.503788,0.186189,-0.211976,-0.432110,0.719114,1.000000
114.312500,-0.062500,-0.062500,-0.016171,0.603147,-0.062500,0.339161,0.500000,0.064540,67.375000,-0.062500,-0.062500,0.045309,0.600962,0.229749,-0.118881,-0.376020,0.533362,1.000000
114.312500,-0.062500,-0.062500,-0.126603,0.993590,-0.062500,0.362762,0.518939,0.043998,67.375000,-0.062500,-0.062500,-0.128934,0.551719,0.230041,0.051573,-0.235140,0.180653,1.000000
114.312500,-0.062500,-0.062500,-0.160839,1.245629,-0.062500,0.416812,0.524621,0.028846,67.375000,-0.062500,-0.062500,-0.182692,0.490967,0.235723,0.134324,-0.163607,-0.012529,1.000000
114.312500,-0.062500,-0.062500,-0.212267,1.306527,-0.062500,0.434003,0.485868,0.025787,67.375000,-0.062500,-0.062500,-0.189394,0.360868,0.245338,0.147436,-0.151952,0.063666,1.000000
114.312500,-0.062500,-0.062500,-0.241404,1.239365,-0.062500,0.448427,0.427010,0.014569,67.375000,-0.062500,-0.062500,-0.178176,0.220862,0.215326,0.136655,-0.141171,0.130536,1.000000
114.312500,-0.062500,-0.062500,-0.256993,1.116696,-0.062500,0.421620,0.327797,0.029575,67.375000,-0.062500,-0.062500,-0.135635,0.120338,0.160256,0.106643,-0.124563,0.105769,1.000000
114.312500,-0.062500,-0.062500,-0.228438,0.889132,-0.057255,0.387529,0.204837,0.054924,67.375000,-0.062500,-0.062500,-0.071678,0.099359,0.134033,0.047931,-0.188666,0.244464,1.000000
114.312500,-0.062500,-0.062500,-0.216055,0.676136,-0.063811,0.377622,0.128642,0.126603,67.375000,-0.062500,-0.062500,-0.000583,0.148893,0.131410,-0.033800,-0.235431,0.354167,1.000000
114.312500,-0.062500,-0.062500,-0.231352,0.460519,-0.074155,0.390297,0.104895,0.221445,67.375000,-0.062500,-0.062500,0.056964,0.218677,0.129079,-0.103438,-0.293706,0.478293,1.000000
114.312500,-0.062500,-0.062500,-0.275058,0.205711,-0.071241,0.407925,0.146999,0.256119,67.375000,-0.062500,-0.062500,0.131410,0.334499,0.154866,-0.168998,-0.362179,0.619610,1.000000
114.312500,0.608829,-0.062500,-0.326632,-0.078380,-0.068328,0.469697,0.207751,0.264714,67.375000,-0.062500,-0.062500,0.214889,0.458042,0.180653,-0.193910,-0.478730,0.795163,1.000000
114.312500,-0.230332,-0.062500,-0.390297,-0.282488,-0.044435,0.534382,0.268794,0.232809,67.375000,-0.062500,-0.062500,0.278700,0.604021,0.223776,-0.167104,-0.442599,0.722174,1.000000
114.312500,-0.883013,-0.062500,-0.390443,-0.492570,-0.036276,0.605478,0.289190,0.183858,67.375000,-0.062500,-0.062500,0.349650,0.767191,0.313374,-0.170309,-0.500000,0.735286,1.000000
114.312500,-1.349213,-0.062500,-0.415355,-0.731935,-0.061626,0.631556,0.354895,0.217366,67.375000,-0.062500,-0.062500,0.370338,0.893939,0.420892,-0.185460,-0.660402,0.959499,1.000000
114.312500,-1.628934,-0.062500,-0.521416,-0.933566,-0.106498,0.586684,0.439248,0.184586,67.380245,-0.062500,-0.062500,0.357372,1.004662,0.487617,-0.167832,-0.685897,0.916521,1.000000
114.312500,-1.722174,-0.062500,-0.624563,-0.985868,-0.173951,0.492570,0.517191,0.093823,67.378934,-0.062500,-0.062500,0.309732,1.066288,0.497378,-0.088724,-0.607955,0.706002,1.000000
114.312500,-1.628934,-0.062500,-0.775495,-1.017774,-0.290501,0.400787,0.522436,0.092512,67.372523,-0.062500,-0.062500,0.255828,1.108392,0.512092,-0.006847,-0.519376,0.540064,1.000000
114.312500,-1.349213,-0.062500,-0.832605,-0.700029,-0.334645,0.369318,0.514714,0.224796,67.362471,-0.062500,-0.062500,0.173951,1.082022,0.472465,0.044143,-0.420163,0.371358,1.000000
114.312500,-0.883013,-0.062500,-0.820367,-0.440414,-0.394231,0.336976,0.475233,0.327214,67.350233,-0.062500,-0.062500,0.076486,0.983246,0.383596,0.085956,-0.291958,0.135490,1.000000
114.312500,-0.230332,-0.062500,-0.782780,-0.377477,-0.425991,0.277681,0.388112,0.292395,67.337267,-0.062500,-0.062500,0.031177,0.884470,0.317745,0.092949,-0.208333,0.054050,1.000000
114.312500,0.608829,-0.062500,-0.748980,-0.550408,-0.448718,0.210373,0.263549,0.254808,67.325029,-0.062500,-0.062500,0.004371,0.794143,0.282780,0.114948,-0.167541,0.091492,1.000000
114.312500,-0.062500,-0.062500,-0.640589,-0.765006,-0.414336,0.117279,0.093094,0.231061,67.309732,-0.062500,-0.062500,0.016026,0.654429,0.299971,0.023747,-0.083770,0.167978,1.000000
114.312500,-0.062500,-0.062500,-0.429341,-1.077797,-0.377914,0.054924,-0.033217,0.210810,67.304633,-0.062500,-0.062500,0.071387,0.653846,0.349942,-0.025058,-0.115530,0.335664,1.000000
114.312500,-0.062500,-0.062500,-0.229312,-1.452506,-0.366987,0.010198,-0.039481,0.189831,67.309732,-0.062500,-0.062500,0.170163,0.750000,0.426282,-0.060023,-0.213578,0.533945,1.000000
114.312500,-0.062500,-0.062500,-0.205565,-1.735431,-0.390297,-0.030594,-0.008450,0.097319,67.325029,-0.062500,-0.062500,0.250146,0.951777,0.471008,-0.072407,-0.224505,0.574009,1.000000
114.312500,-0.062500,-0.062500,-0.193619,-1.870629,-0.448572,-0.013986,0.045017,-0.008741,67.337267,-0.062500,-0.062500,0.261364,1.166812,0.483974,-0.008450,-0.216492,0.539773,1.000000
114.312500,-0.062500,-0.062500,-0.293852,-1.800845,-0.605478,0.069347,0.091783,-0.021853,67.350233,-0.062500,-0.062500,0.214744,1.359703,0.454983,0.095862,-0.189540,0.431235,1.000000
114.312500,-0.062500,-0.062500,-0.379516,-1.322407,-0.619318,0.211830,0.152244,0.020105,67.362471,-0.062500,-0.062500,0.144814,1.449446,0.369027,0.188666,-0.112179,0.169726,1.000000
114.312500,-0.062500,-0.062500,-0.550262,-0.905886,-0.632867,0.306527,0.190122,-0.011509,67.372523,-0.062500,-0.062500,0.054341,1.464452,0.251894,0.256847,-0.055216,-0.067745,1.000000
114.312500,-0.062500,-0.062500,-0.798368,-0.519231,-0.589307,0.377331,0.222611,-0.055944,67.378934,-0.062500,-0.062500,-0.026078,1.430798,0.131119,0.293998,-0.089161,-0.096154,1.000000
114.312500,-0.062500,-0.062500,-1.050845,-0.228730,-0.507867,0.386364,0.261509,-0.005973,67.380245,-0.062500,-0.062500,-0.075321,1.243298,0.028992,0.272582,-0.136364,0.032343,1.000000
114.312500,-0.062500,-0.062500,-1.221154,0.085227,-0.318328,0.315997,0.317162,0.093531,67.375000,-0.062500,-0.062500,-0.052739,0.960082,-0.016900,0.090181,-0.202652,0.304924,1.000000
114.312500,-0.062500,-0.062500,-1.327943,0.247960,-0.202506,0.254662,0.442162,0.178613,67.375000,-0.062500,-0.062500,0.033654,0.800991,-0.020542,-0.060752,-0.218531,0.531906,1.000000
114.312500,-0.062500,-0.062500,-1.358974,0.211976,-0.136655,0.179487,0.586538,0.232517,67.375000,-0.062500,-0.062500,0.153700,0.746795,0.022582,-0.254225,-0.211538,0.708188,1.000000
114.312500,-0.062500,-0.062500,-1.320076,0.106935,-0.167395,0.096591,0.677885,0.306964,67.375000,-0.062500,-0.062500,0.233683,0.782634,0.068182,-0.403263,-0.203817,0.851690,1.000000
114.312500,-0.062500,-0.062500,-1.166375,-0.100524,-0.220717,0.044726,0.709062,0.370338,67.375000,-0.062500,-0.062500,0.269085,0.853730,0.133596,-0.471154,-0.175262,0.935315,1.000000
114.312500,-0.062500,-0.062500,-1.023164,-0.212704,-0.325903,0.030449,0.715618,0.447552,67.375000,-0.062500,-0.062500,0.256702,0.959645,0.150350,-0.473776,-0.156906,0.954254,1.000000
114.317745,-0.062500,-0.062500,-0.922931,-0.246358,-0.336101,0.067890,0.641317,0.473048,67.375000,-0.062500,-0.062500,0.215035,1.104167,0.134178,-0.445950,-0.171474,0.952069,1.000000
114.316434,-0.062500,-0.062500,-0.870921,-0.178176,-0.314248,0.144668,0.506702,0.487034,67.375000,-0.062500,-0.062500,0.115676,1.256847,0.086393,-0.378497,-0.218969,0.928759,1.000000
114.310023,-0.062500,-0.062500,-0.849796,-0.018794,-0.260344,0.266900,0.349796,0.480478,67.375000,-0.062500,-0.062500,0.002768,1.380973,0.029138,-0.263840,-0.276661,0.827506,1.000000
114.299971,-0.062500,-0.062500,-0.856061,0.135052,-0.174388,0.366841,0.177302,0.434441,67.375000,-0.062500,-0.062500,-0.092366,1.401369,0.003059,-0.146125,-0.287005,0.683421,1.000000
114.287733,-0.062500,-0.062500,-0.896562,0.336247,-0.056381,0.443619,0.040793,0.341783,67.375000,-0.062500,-0.062500,-0.148747,1.415210,0.007139,-0.051865,-0.238199,0.417395,1.000000
114.274767,-0.062500,-0.062500,-0.964889,0.505390,-0.038899,0.471591,0.008450,0.267337,67.375000,-0.062500,-0.062500,-0.204691,1.413462,0.027244,-0.027244,-0.220717,0.355769,1.000000
114.262529,-0.062500,-0.062500,-1.021562,0.594988,-0.031031,0.441142,0.066142,0.206876,67.375000,-0.062500,-0.062500,-0.224213,1.433712,0.030740,-0.001020,-0.176282,0.176719,1.000000
114.252477,-0.062500,-0.062500,-0.985140,0.603875,-0.062500,0.378205,0.172786,0.207896,67.375000,-0.062500,-0.062500,-0.173660,1.427010,0.032197,0.011801,-0.149913,0.093531,1.000000
114.246066,-0.062500,-0.062500,-0.917395,0.556235,-0.062500,0.330128,0.312937,0.214598,67.375000,-0.062500,-0.062500,-0.078671,1.391900,0.069347,0.008596,-0.110431,0.096300,1.000000
114.244755,-0.062500,-0.062500,-0.899330,0.518502,-0.062500,0.269959,0.458188,0.264714,67.375000,-0.062500,-0.062500,0.040355,1.374709,0.103147,-0.018794,-0.103438,0.193619,1.000000
114.255245,-0.062500,-0.062500,-0.928613,0.457459,-0.062500,0.210664,0.551136,0.278555,67.375000,-0.062500,-0.062500,0.136509,1.378642,0.145688,-0.058712,-0.118153,0.466055,1.000000
114.253934,-0.062500,-0.062500,-1.013112,0.363345,-0.062500,0.158654,0.597319,0.289627,67.375000,-0.062500,-0.062500,0.199738,1.374854,0.188083,-0.074446,-0.097028,0.569493,1.000000
114.247523,-0.062500,-0.062500,-1.105769,0.268502,-0.062500,0.112325,0.608829,0.240385,67.375000,-0.062500,-0.062500,0.229312,1.374854,0.275495,-0.067599,-0.071533,0.582605,1.000000
114.237471,-0.062500,-0.062500,-1.198281,0.152535,-0.067745,0.052885,0.558421,0.154720,67.375000,-0.062500,-0.062500,0.225816,1.367861,0.368881,-0.029283,-0.041667,0.505390,1.000000
114.225233,-0.062500,-0.062500,-1.291375,0.101544,-0.066434,0.007284,0.485140,0.048805,67.375000,-0.062500,-0.062500,0.215909,1.370047,0.435897,0.037587,-0.007430,0.337850,1.000000
114.217512,-0.062500,-0.062500,-1.392045,0.157780,-0.054779,0.013403,0.458916,-0.017191,67.375000,-0.062500,-0.062500,0.166958,1.375437,0.490239,0.078526,-0.035111,0.292104,1.000000
114.203963,-0.062500,-0.062500,-1.428176,0.250437,-0.046037,0.061334,0.423805,-0.046037,67.375000,-0.062500,-0.062500,0.171766,1.343969,0.475962,0.143211,-0.039481,0.095425,1.000000
114.187500,-0.062500,-0.062500,-1.373543,0.316725,-0.040210,0.136364,0.412150,-0.054050,67.375000,-0.062500,-0.062500,0.257430,1.299971,0.438957,0.166667,-0.060023,-0.022436,1.000000
114.171037,-0.062500,-0.062500,-1.332605,0.361597,-0.037296,0.235723,0.402244,-0.057984,67.375000,-0.062500,-0.062500,0.344260,1.245047,0.391463,0.182547,-0.066434,-0.103147,1.000000
114.157488,-0.062500,-0.062500,-1.309441,0.400350,-0.037296,0.288024,0.394231,-0.037733,67.375000,-0.062500,-0.062500,0.426428,1.194056,0.328817,0.165647,-0.067745,-0.130682,1.000000
114.149767,-0.062500,-0.062500,-1.302302,0.384178,-0.040210,0.307547,0.380099,-0.032488,67.375000,-0.062500,-0.062500,0.505682,1.167249,0.247815,0.127768,-0.062500,-0.062500,1.000000
114.137529,-0.062500,-0.062500,-1.292686,0.301428,-0.051282,0.287587,0.378205,-0.025058,67.369755,-0.062500,-0.062500,0.557255,1.106643,0.175554,0.090181,-0.062500,-0.062500,1.000000
114.127477,-0.062500,-0.062500,-1.202943,0.230769,-0.063957,0.233246,0.410693,-0.032488,67.371066,-0.062500,-0.062500,0.567162,1.075612,0.160111,0.069056,-0.025787,-0.114948,1.000000
114.121066,-0.062500,-0.062500,-1.080420,0.200175,-0.062646,0.153409,0.453380,-0.042978,67.377477,-0.062500,-0.062500,0.575466,1.041084,0.132576,0.024184,-0.071678,-0.049388,1.000000
114.119755,-0.062500,-0.062500,-0.959499,0.256119,-0.043561,0.081002,0.521562,-0.035693,67.387529,-0.062500,-0.062500,0.567308,0.950466,0.122669,0.013986,-0.060169,-0.035111,1.000000
114.125000,-0.062500,-0.062500,-0.873252,0.395396,-0.023747,0.100670,0.556090,-0.047640,67.399767,-0.062500,-0.062500,0.546474,0.844697,0.114073,-0.017774,-0.144668,0.047203,1.000000
114.125000,-0.062500,-0.062500,-0.748106,0.543124,-0.015006,0.132430,0.546620,-0.031469,67.412733,-0.062500,-0.062500,0.515880,0.737617,0.094260,-0.036422,-0.205857,0.104749,1.000000
114.130245,-0.062500,-0.062500,-0.669580,0.668998,-0.012092,0.164627,0.516900,-0.017483,67.424971,-0.062500,-0.062500,0.477855,0.703234,0.071533,-0.039044,-0.243735,0.137529,1.000000
114.128934,-0.062500,-0.062500,-0.643939,0.798514,-0.015006,0.209207,0.447407,-0.004225,67.435023,-0.062500,-0.062500,0.427739,0.705128,0.038462,-0.041230,-0.258304,0.145542,1.000000
114.122523,-0.062500,-0.062500,-0.677010,0.863928,-0.023747,0.243590,0.396270,-0.003497,67.441434,-0.062500,-0.062500,0.382721,0.737179,0.004662,-0.037733,-0.249563,0.128788,1.000000
114.112471,-0.062500,-0.062500,-0.779138,0.758304,-0.038316,0.250437,0.367279,-0.010052,67.442745,-0.062500,-0.062500,0.360286,0.812646,-0.043998,-0.024767,-0.217512,0.087267,1.000000
114.100233,-0.062500,-0.062500,-0.871212,0.647873,-0.058712,0.208916,0.343386,-0.023893,67.437500,-0.062500,-0.062500,0.351399,0.857080,-0.055798,0.001457,-0.167395,0.020979,1.000000
114.087267,-0.062500,-0.062500,-0.896853,0.611742,-0.071678,0.164044,0.344843,-0.045017,67.437500,-0.062500,-0.062500,0.359848,0.956439,-0.053904,0.011946,-0.087413,-0.075321,1.000000
114.075029,-0.062500,-0.062500,-0.867279,0.608829,-0.067745,0.113491,0.392920,-0.060169,67.437500,-0.062500,-0.062500,0.398747,1.046329,-0.070950,-0.000146,-0.071824,-0.072990,1.000000
114.064977,-0.062500,-0.062500,-0.803176,0.694347,-0.062500,0.051136,0.461101,-0.059878,67.437500,-0.062500,-0.062500,0.437500,1.099796,-0.038607,0.048805,-0.002768,-0.108537,1.000000
114.058566,-0.062500,-0.062500,-0.687354,0.755682,-0.057255,0.048660,0.498689,-0.072990,67.437500,-0.062500,-0.062500,0.526515,1.183129,-0.046474,0.084207,-0.032488,-0.021562,1.000000
114.057255,-0.062500,-0.062500,-0.497378,0.700175,-0.074301,0.017191,0.548223,-0.062500,67.437500,-0.062500,-0.062500,0.607663,1.298660,-0.034091,0.148601,-0.026078,0.010344,1.000000
114.062500,-0.062500,-0.062500,-0.358246,0.566288,-0.082022,-0.013695,0.589161,-0.062500,67.437500,-0.062500,-0.062500,0.690997,1.401952,-0.000728,0.205857,-0.029429,0.030449,1.000000
114.062500,-0.062500,-0.062500,-0.233537,0.482517,-0.076777,-0.036859,0.623397,-0.062500,67.432255,-0.062500,-0.062500,0.786859,1.460519,0.055361,0.239802,-0.020396,0.049097,1.000000
114.062500,-0.062500,-0.062500,-0.137675,0.505245,-0.051136,-0.024330,0.637675,-0.062500,67.433566,-0.062500,-0.062500,0.909528,1.454983,0.097902,0.255536,0.012383,0.073864,1.000000
114.062500,-0.062500,-0.062500,-0.068473,0.563228,-0.010927,-0.014423,0.644376,-0.062500,67.439977,-0.062500,-0.062500,0.994318,1.472465,0.155012,0.263403,0.023893,0.067745,1.000000
114.062500,-0.062500,-0.062500,0.026952,0.830711,0.027535,-0.007576,0.564977,-0.062500,67.450029,-0.062500,-0.062500,1.077069,1.477418,0.212558,0.248689,0.025932,0.054341,1.000000
114.062500,-0.062500,-0.062500,0.102564,1.247523,0.082022,0.028846,0.476253,-0.062500,67.462267,-0.062500,-0.062500,1.107080,1.501603,0.266754,0.186189,0.035548,0.041230,1.000000
114.062500,-0.062500,-0.062500,0.165647,1.763112,0.117570,0.047348,0.393211,-0.062500,67.475233,-0.062500,-0.062500,1.069784,1.547931,0.333188,0.125874,0.035693,0.015152,1.000000
114.062500,-0.062500,-0.062500,0.176282,2.275787,0.179196,0.075321,0.345134,-0.062500,67.487471,-0.062500,-0.062500,0.934295,1.598485,0.444493,0.115239,0.027826,0.012092,1.000000
114.062500,-0.062500,-0.062500,0.181818,2.575612,0.236451,0.121649,0.332022,-0.062500,67.497523,-0.062500,-0.062500,0.812209,1.692162,0.531614,0.173660,0.013403,0.022145,1.000000
114.062500,-0.062500,-0.062500,0.125874,2.661859,0.307110,0.133159,0.351399,-0.062500,67.503934,-0.062500,-0.062500,0.711976,1.795017,0.619318,0.241550,-0.019376,-0.001894,1.000000
114.062500,-0.062500,-0.062500,0.015152,2.671183,0.433566,0.143357,0.421620,-0.062500,67.505245,-0.062500,-0.062500,0.628788,1.883159,0.706731,0.314831,-0.052010,-0.025787,1.000000
114.062500,-0.062500,-0.062500,-0.102564,2.658071,0.604312,0.152972,0.525058,-0.062500,67.500000,-0.062500,-0.062500,0.598485,1.939248,0.762821,0.342075,-0.067016,-0.050554,1.000000
114.062500,-0.062500,-0.062500,-0.118590,2.714015,0.789627,0.182692,0.630390,-0.062500,67.500000,-0.062500,-0.062500,0.669726,1.961976,0.767045,0.352418,-0.084936,-0.049679,1.000000
114.062500,-0.062500,-0.062500,-0.135635,2.793706,0.945804,0.233537,0.679924,-0.062500,67.500000,-0.062500,-0.062500,0.756556,1.988782,0.760927,0.314831,-0.083625,-0.061480,1.000000
114.062500,-0.062500,-0.062500,-0.190997,2.846737,1.023164,0.250291,0.736597,-0.062500,67.500000,-0.062500,-0.062500,0.925117,1.984994,0.738782,0.215763,-0.053322,-0.055653,1.000000
114.067745,-0.062500,-0.062500,-0.284091,2.830274,0.996649,0.226981,0.814103,-0.062500,67.494755,-0.062500,-0.062500,1.107955,2.008887,0.678467,0.081002,0.027535,-0.024184,1.000000
114.061189,-0.062500,-0.062500,-0.404138,2.732372,0.860140,0.162879,0.896270,-0.067745,67.496066,-0.062500,-0.062500,1.250437,2.055216,0.578526,-0.071387,0.138112,-0.021125,1.000000
114.056090,-0.062500,-0.062500,-0.555070,2.472028,0.663316,0.073281,0.977855,-0.061189,67.502477,-0.062500,-0.062500,1.311043,2.114510,0.513840,-0.166521,0.215909,-0.002040,1.000000
114.052448,-0.062500,-0.062500,-0.702214,2.203671,0.431090,-0.060460,1.097028,-0.056090,67.512529,-0.062500,-0.062500,1.364656,2.212850,0.443182,-0.199155,0.264714,0.048223,1.000000
114.050262,-0.062500,-0.062500,-0.656614,2.101399,0.278992,-0.147145,1.155303,-0.057692,67.524767,-0.062500,-0.062500,1.382867,2.338432,0.380099,-0.208042,0.271270,0.076632,1.000000
114.049534,-0.062500,-0.062500,-0.538753,2.116550,0.210810,-0.133304,1.176428,-0.080420,67.537733,-0.062500,-0.062500,1.363636,2.471591,0.418706,-0.120921,0.235577,0.083188,1.000000
114.050262,-0.062500,-0.062500,-0.192453,2.394522,0.255245,-0.077214,1.125437,-0.066725,67.549971,-0.062500,-0.062500,1.327797,2.558566,0.488199,-0.028992,0.204837,0.062646,1.000000
114.047203,-0.062500,-0.062500,0.419143,2.874417,0.342075,0.057838,1.054341,-0.004371,67.560023,-0.062500,-0.062500,1.260198,2.606206,0.608683,0.063666,0.086101,0.053322,1.000000
114.052156,-0.062500,-0.062500,1.103730,3.179050,0.456002,0.175991,0.874563,0.045455,67.566434,-0.062500,-0.062500,1.143357,2.566142,0.784237,0.147436,-0.086976,0.032925,1.000000
114.058421,-0.062500,-0.062500,1.795600,3.270396,0.591346,0.198718,0.658217,0.107372,67.567745,-0.062500,-0.062500,1.069202,2.394231,0.949301,0.097319,-0.229604,0.011946,1.000000
114.076340,-0.062500,-0.062500,2.408362,3.011364,0.634324,0.199446,0.483974,0.141608,67.562500,-0.062500,-0.062500,1.025495,2.535111,1.056381,0.029575,-0.293269,-0.008159,1.000000
114.084499,-0.062500,-0.062500,2.824592,2.252477,0.584936,0.170892,0.370192,0.148164,67.562500,-0.062500,-0.062500,0.998252,2.724213,1.090618,-0.047057,-0.303322,-0.042978,1.000000
114.108829,-0.062500,-0.062500,3.024621,1.417832,0.479895,0.093823,0.327214,0.140297,67.562500,-0.062500,-0.062500,0.994318,2.994755,1.074738,-0.088287,-0.306818,-0.046037,1.000000
114.134470,-0.062500,-0.062500,3.136509,0.999709,0.390006,0.018648,0.401078,0.100962,67.562500,-0.062500,-0.062500,1.004808,3.158362,1.014423,-0.129953,-0.276078,-0.027244,1.000000
114.168852,-0.062500,-0.062500,3.292395,1.041812,0.328671,0.018939,0.449446,0.035402,67.562500,-0.062500,-0.062500,1.027389,3.358100,0.947115,-0.090763,-0.222902,-0.033800,1.000000
114.206148,-0.062500,-0.062500,3.432984,1.448864,0.302739,0.087413,0.465472,-0.043124,67.562500,-0.062500,-0.062500,1.070076,3.556527,0.976690,0.033071,-0.142045,-0.044726,1.000000
114.240530,-0.062500,-0.062500,3.514132,2.172931,0.347611,0.154575,0.447698,-0.072115,67.562500,-0.062500,-0.062500,1.132430,3.752331,0.988491,0.132284,-0.033508,-0.060023,1.000000
114.260927,-0.062500,-0.062500,3.523893,2.954254,0.436334,0.274330,0.386801,-0.069056,67.562500,-0.062500,-0.062500,1.171474,3.857372,1.028700,0.234266,0.009615,-0.082168,1.000000
114.286568,-0.062500,-0.062500,3.372815,3.555070,0.569639,0.284528,0.290938,-0.093969,67.562500,-0.062500,-0.062500,1.168269,3.877185,1.055798,0.266754,-0.016608,-0.090035,1.000000
114.306381,-0.062500,-0.062500,3.040210,4.304050,0.672786,0.211393,0.134470,-0.084790,67.562500,-0.062500,-0.062500,1.133450,3.820367,1.043998,0.154575,-0.059149,-0.062937,1.000000
114.327797,-0.062500,-0.062500,2.497232,4.956294,0.662879,0.139569,0.116113,-0.062937,67.562500,-0.062500,-0.062500,1.125000,4.060023,1.009615,0.062209,-0.145542,-0.014714,1.000000
114.341200,-0.062500,-0.062500,1.742570,5.347756,0.607517,0.048514,0.157197,0.006265,67.557255,-0.062500,-0.062500,1.128059,4.258887,0.939977,-0.038316,-0.228584,0.056527,1.000000
114.360723,-0.062500,-0.062500,0.897436,5.746649,0.571678,-0.021999,0.228147,0.056527,67.558566,-0.062500,-0.062500,1.155303,4.392774,0.832751,-0.171911,-0.333479,0.093823,1.000000
114.366404,-0.062500,-0.062500,0.155449,6.286568,0.546911,-0.054487,0.312646,0.087850,67.564977,-0.062500,-0.062500,1.175845,4.469551,0.766026,-0.292395,-0.445659,0.131119,1.000000
114.370047,-0.062500,-0.062500,-0.405157,6.668415,0.528700,-0.056527,0.362179,0.100233,67.575029,-0.062500,-0.062500,1.197115,4.624709,0.716492,-0.400787,-0.603001,0.183566,1.000000
114.366404,-0.062500,-0.062500,-0.759178,6.816725,0.549534,-0.016171,0.363199,0.093677,67.587267,-0.062500,-0.062500,1.208333,4.852418,0.750437,-0.405303,-0.672931,0.198135,1.000000
114.355478,-0.062500,-0.062500,-1.065997,6.619901,0.638258,0.042978,0.327069,0.068182,67.600233,-0.062500,-0.062500,1.274913,5.160839,0.803467,-0.370921,-0.655449,0.174825,1.000000
114.332022,-0.062500,-0.062500,-1.167395,6.176428,0.758159,0.138112,0.249417,0.023747,67.612471,-0.062500,-0.062500,1.335227,5.396416,0.881847,-0.215763,-0.550554,0.113636,1.000000
114.321096,-0.062500,-0.062500,-1.050262,5.706148,0.841055,0.167541,0.221154,-0.039627,67.622523,-0.062500,-0.062500,1.384761,5.559149,0.974359,-0.074446,-0.424534,0.054341,1.000000
114.317453,-0.062500,-0.062500,-0.681235,5.668124,0.793706,0.153118,0.161276,-0.082168,67.623689,-0.062500,-0.062500,1.490385,5.595862,1.030449,0.083188,-0.311480,0.012092,1.000000
114.321096,0.608829,-0.062500,-0.204983,5.884761,0.662879,0.128788,0.160402,-0.088724,67.626311,-0.062500,-0.062500,1.681964,5.588432,1.063083,0.266463,-0.161568,-0.011072,1.000000
114.326777,-0.230332,-0.062500,0.268502,6.210664,0.501311,0.141608,0.136655,-0.062500,67.627477,-0.062500,-0.062500,1.914627,5.510198,1.030303,0.408362,-0.076777,-0.027681,1.000000
114.346300,-0.883013,-0.062500,0.640734,6.554050,0.330565,0.105186,0.108683,-0.062500,67.632284,-0.062500,-0.062500,2.148893,5.353730,0.934149,0.387383,-0.058712,-0.097756,1.000000
114.275787,-1.349213,-0.062500,1.021707,6.909674,0.159091,-0.049825,0.134033,-0.062500,67.603875,-0.062500,-0.062500,2.519814,5.293706,0.863636,0.216055,-0.121358,-0.103730,1.000000
114.318182,-1.628934,-0.062500,1.388549,7.229021,0.019085,-0.151369,0.138986,-0.062500,67.633741,-0.062500,-0.062500,2.605186,5.204545,0.720280,-0.018502,-0.226253,-0.082022,1.000000
114.445804,-1.722174,-0.062500,1.587267,7.478438,-0.074301,-0.156614,0.129371,-0.062500,67.707314,-0.062500,-0.062500,2.446824,5.261364,0.553904,-0.145251,-0.255390,-0.079837,1.000000
114.625728,-1.628934,-0.062500,1.669435,7.576340,-0.100670,-0.100816,0.111014,-0.062500,67.810023,-0.062500,-0.062500,2.118735,5.251020,0.380245,-0.216638,-0.261218,-0.076195,1.000000
114.836830,-1.349213,-0.062500,1.675262,7.475233,-0.092657,0.037296,0.089744,-0.062500,67.927302,-0.062500,-0.062500,1.654720,5.130973,0.225524,-0.179633,-0.243735,-0.071096,1.000000
115.075029,-0.883013,-0.062500,1.685023,7.290355,-0.067745,0.162005,0.071387,-0.062500,68.044580,-0.062500,-0.062500,1.136509,4.957751,0.115967,-0.107663,-0.202943,-0.064540,1.000000
115.300699,-0.230332,-0.062500,1.740676,7.186626,-0.062500,0.298951,0.016754,-0.067745,68.147290,-0.062500,-0.062500,0.671766,4.758596,0.011509,0.039773,-0.138840,-0.056527,1.000000
115.491259,0.608829,-0.062500,1.736597,7.062791,-0.062500,0.418852,-0.058129,-0.061189,68.228875,-0.062500,-0.062500,0.333770,4.473485,-0.042686,0.233537,-0.025204,-0.047057,1.000000
115.627914,-0.062500,-0.062500,1.643648,6.976836,-0.062500,0.515297,-0.103293,-0.056090,68.282780,-0.062500,-0.062500,0.160985,4.166958,-0.093969,0.361597,-0.027098,-0.049388,1.000000
115.691871,-0.062500,-0.062500,1.449009,6.897290,-0.062500,0.410402,-0.078234,-0.073427,68.294435,-0.062500,-0.062500,0.140443,3.839744,-0.104458,0.368881,-0.069639,-0.057255,1.000000
115.636801,-0.062500,-0.062500,1.331876,6.900204,-0.062500,0.173368,0.018211,-0.060752,68.257284,-0.062500,-0.062500,0.358683,3.596445,-0.062500,0.250291,-0.152681,-0.066434,1.000000
115.681090,-0.062500,-0.062500,1.275641,7.065559,-0.062500,0.032343,0.125874,-0.025204,68.270833,-0.062500,-0.062500,0.522436,3.498689,-0.062500,0.111597,-0.190705,-0.081731,1.000000
115.721591,-0.062500,-0.062500,1.289336,7.207896,-0.062500,-0.076632,0.201486,0.010490,68.284965,-0.062500,-0.062500,0.751166,3.528118,-0.062500,-0.002477,-0.206148,-0.092657,1.000000
115.761364,-0.062500,-0.062500,1.361160,7.381556,-0.062500,-0.134324,0.305798,0.033071,68.303322,-0.062500,-0.062500,1.040938,3.590618,-0.062500,-0.118444,-0.195221,-0.099213,1.000000
115.777244,-0.062500,-0.062500,1.677448,6.926865,-0.062500,-0.238054,0.383450,0.042541,68.322844,-0.062500,-0.062500,1.451486,3.657197,-0.062500,-0.185460,-0.202652,-0.101399,1.000000
115.832751,-0.062500,-0.062500,2.012821,7.179779,-0.109703,-0.395542,0.467220,0.038899,68.361305,-0.062500,-0.062500,1.723922,5.410548,-0.062500,-0.235723,-0.189103,-0.099213,1.000000
115.948718,-0.062500,-0.062500,2.370629,6.796037,-0.286713,-0.565559,0.521270,0.022145,68.399476,-0.062500,-0.062500,1.801719,3.593240,-0.062500,-0.409965,-0.029575,-0.092657,1.000000
116.012529,-0.062500,-0.062500,1.811189,8.101107,-0.197552,-0.584207,0.516754,0.005536,68.452214,-0.062500,-0.062500,1.823427,3.236742,-0.062500,-0.248397,0.116841,-0.081731,1.000000
116.033800,-0.062500,-0.062500,0.341346,10.983537,0.127622,-0.488928,0.501748,-0.027972,68.521125,1.264423,-0.062500,1.767774,4.031323,-0.062500,0.117424,0.183858,-0.066434,1.000000
115.994755,-0.062500,-0.062500,-1.801428,14.619027,0.618881,-0.187646,0.579108,-0.073135,68.590763,0.916958,-0.062500,1.584790,5.556818,-0.062500,0.738782,0.190414,-0.046766,1.000000
115.902826,-0.062500,-0.062500,-4.207459,19.142628,1.206294,0.331148,0.644959,-0.076923,68.650932,-0.721882,-0.062500,1.366550,7.717803,-0.062500,1.326777,0.168998,-0.062500,1.000000
115.781614,-0.062500,-0.062500,-6.594697,23.289336,1.987762,0.970134,0.760635,-0.067745,68.720425,-3.303613,-0.062500,1.408654,9.806090,-0.062500,1.437937,0.140734,-0.062500,1.000000
115.618298,-0.062500,-0.062500,-8.555507,27.766900,2.515734,1.656177,0.748397,-0.062500,68.755099,-6.349213,-0.062500,1.347174,13.351544,-0.062500,1.768794,0.091346,-0.062500,1.000000
115.475233,-0.062500,-0.062500,-9.155157,31.463141,2.751166,2.182547,0.699009,-0.062500,68.783508,-9.564977,-0.062500,1.171474,16.946241,-0.062500,2.190559,0.022290,-0.062500,1.000000
115.290355,-0.062500,-0.062500,-9.805944,34.422348,2.748106,2.570513,0.575758,-0.062500,68.736160,-12.429633,-0.062500,0.680944,20.904575,-0.062500,2.578817,-0.078234,-0.062500,1.000000
115.138549,-0.062500,-0.062500,-10.589015,37.380973,2.436917,3.114510,0.442016,-0.062500,68.654866,-14.601544,-0.062500,-0.126020,24.959936,-0.062500,2.811480,-0.125437,-0.062500,1.000000
115.007139,-0.062500,-0.062500,-11.312500,39.216929,1.808129,3.689394,0.252040,-0.062500,68.539336,-15.720134,-0.062500,-1.007139,25.315268,0.635052,3.127185,-0.062500,-0.062500,1.000000
114.787879,1.044143,-0.062500,-13.900058,41.432838,1.291667,4.367133,-0.050554,-0.256556,68.347611,-11.672931,0.970717,-2.649184,27.987325,-0.236888,3.994901,-0.419143,-0.246066,1.000000
114.164044,0.935315,-0.062500,-14.320513,45.387675,0.804050,5.332459,-0.085664,-0.444056,68.091492,-15.634178,-0.320804,-1.745484,29.711976,-0.915064,5.180798,0.026661,-0.016608,1.000000
114.097902,-0.501166,-0.062500,-14.065997,49.168269,0.399476,6.270688,0.076195,-0.116404,68.145105,-18.628497,-1.325321,-0.908945,31.755682,-1.399476,6.099359,0.373397,0.161859,1.000000
114.493444,-2.864073,-0.062500,-13.433275,52.858974,0.147873,6.945513,0.241987,0.536131,68.451777,-19.657780,-2.042832,-0.086684,33.319639,-1.716346,6.462267,0.621066,0.289336,1.000000
115.287150,-1.918124,-13.908654,-12.232372,55.852564,0.119172,7.402389,0.500000,1.801428,68.996941,-17.800699,-2.473339,0.848048,34.014714,-1.806672,6.403263,0.769668,0.365822,1.000000
116.326049,-10.826195,3.399038,-11.695804,58.358100,-0.040938,7.669435,0.556672,2.540793,68.845425,-13.663024,-1.326632,0.741259,35.526661,-1.819347,6.324155,0.887383,0.239219,1.000000
117.333916,-17.020105,16.860577,-10.812354,58.115676,-0.141317,7.209499,0.594260,2.954837,69.537879,-12.737471,-1.500437,0.776515,35.003788,-1.332896,5.662879,0.689685,0.162587,1.000000
118.157488,-20.499854,26.475962,-10.522582,56.060169,-0.118881,6.137675,0.608537,3.219551,70.777244,-14.054779,-2.642920,0.630390,33.660985,-0.584062,4.397436,0.369901,0.262821,1.000000
118.731935,-21.265443,32.245192,-10.076632,52.195367,-0.067745,4.755390,0.587267,3.408654,72.358246,-16.922640,-4.400787,0.532343,31.423951,0.197407,2.844114,0.218677,0.622378,1.000000
118.966929,-19.316871,34.168269,-9.343240,47.049679,-0.062500,3.192308,0.548368,3.068765,74.044143,-20.561917,-6.424534,0.600379,28.865822,1.126894,1.463724,0.133887,1.046183,1.000000
118.801865,-14.654138,32.245192,-8.803613,41.303613,-0.062500,1.749709,0.480332,2.369172,75.590181,-24.307984,-8.351399,0.623543,25.824155,0.583042,0.288607,0.150787,1.371503,1.000000
118.172203,-10.074592,26.475962,-5.560169,37.710227,-0.062500,0.841055,0.647582,1.850670,76.945221,-37.086101,-12.430361,3.087413,22.337850,0.547931,-0.740822,0.929050,1.993007,1.000000
118.038753,-5.203234,16.860577,-2.427739,34.752331,-0.062500,-0.207168,0.305944,1.643794,78.212267,-43.186917,-14.977418,4.584936,20.360723,0.692016,-2.123689,0.921037,2.141754,1.000000
118.050845,-0.120192,3.399038,-0.215618,33.381847,-0.062500,-0.993444,0.059149,1.575758,79.103293,-46.252040,-16.585664,5.120338,18.965326,1.440851,-2.727127,0.682984,2.241113,1.000000
118.233392,4.909528,-13.908654,0.993153,33.430070,-0.062500,-1.222174,-0.043706,1.813811,79.409091,-45.285985,-16.890734,4.771562,18.317890,2.092075,-2.896416,0.542104,2.184441,1.000000
118.454983,-0.062500,-0.062500,0.216492,34.066434,-0.062500,-0.973631,-0.219406,1.516754,78.784965,-42.498834,-15.546766,3.143211,18.355624,2.839015,-2.737617,0.367133,1.955128,1.000000
118.589889,-0.062500,-0.062500,-0.965618,33.916230,-0.062500,-0.790210,-0.278118,1.343823,78.873834,-42.150495,-15.452214,1.759324,17.607517,3.685315,-2.527244,0.146562,1.739365,1.000000
118.710373,-0.062500,-0.062500,-2.035693,33.612179,-0.062500,-0.794726,-0.305507,1.306381,78.971591,-41.761946,-15.344114,0.295746,16.889714,4.219114,-2.388112,-0.057255,1.585082,1.000000
118.835227,1.238199,-0.062500,-2.534091,33.501020,-0.062500,-1.012383,0.012238,1.279866,79.091346,-44.788607,-16.482372,-0.629662,16.366841,4.500291,-2.231643,-0.302156,1.587558,1.000000
118.932255,0.897290,-0.062500,-3.303613,32.334062,-0.062500,-1.200466,0.359703,0.982226,79.162442,-43.594260,-16.067745,-1.776369,15.529866,4.241841,-2.105186,-0.210373,1.459645,1.000000
119.001603,-0.704254,-0.062500,-4.248980,30.694347,-0.062500,-1.251020,0.569202,0.786713,79.181964,-39.195513,-14.457751,-2.905740,14.410839,3.442890,-2.029283,0.575903,1.188083,1.000000
119.005682,-3.189831,-0.062500,-5.210664,28.526369,-0.062500,-1.346591,0.655012,0.644231,79.135198,-32.553467,-12.015152,-4.038753,12.947407,2.398893,-2.377914,1.046329,0.815414,1.000000
118.967803,-6.202943,-0.062500,-5.821970,26.085810,-0.062500,-1.681235,0.546183,0.328234,79.033945,-24.640589,-9.102710,-4.922494,11.458770,1.717949,-3.130536,0.871503,0.354895,1.000000
118.884761,-9.324592,-0.062500,-7.115822,23.802593,-0.062500,-2.265443,0.621649,0.044435,78.957751,-16.173077,-5.990385,-6.493444,10.097028,1.388840,-3.475524,0.892483,0.115093,1.000000
118.847319,-12.346445,-0.062500,-9.244610,22.388840,-0.198864,-2.845134,0.651078,-0.134324,78.898310,-4.793269,-1.889860,-8.363636,10.428759,0.975087,-3.399330,1.156031,-0.031614,1.000000
118.665647,-14.644522,-0.062500,-10.483100,20.863928,-0.180507,-3.557692,0.551136,-0.152972,78.806818,0.908071,0.217512,-9.383741,8.578089,0.501311,-3.397727,1.259033,-0.058712,1.000000
118.407051,-15.907925,-0.062500,-11.283654,19.336830,-0.146270,-4.322407,0.212558,0.598339,78.703526,0.966638,0.308129,-9.353001,5.707459,-0.164044,-3.692162,1.146125,-0.101836,1.002853
118.099505,-15.806381,-0.062500,-10.236888,17.734703,0.168415,-5.238782,0.107372,-0.236888,78.625728,-4.723922,-1.603730,-8.386946,1.160693,-0.323864,-4.188811,0.801573,-0.114948,1.008182
117.801282,-14.037587,-0.062500,-7.577069,16.259907,0.636218,-6.284528,0.346882,-0.915064,78.589452,-16.130536,-5.538316,-6.651661,-4.375146,0.142774,-5.048223,0.416230,-0.062500,1.008723
117.508450,-13.588578,-0.062500,-4.745921,14.118153,1.298951,-7.292978,0.682838,-1.399476,78.531177,-24.635490,-8.364365,-5.396999,-12.183858,0.309586,-6.098922,0.606352,0.629808,0.980051
117.300408,-13.175554,-0.062500,-1.300117,11.992424,2.001748,-7.763112,0.831585,-1.690122,78.484411,-32.745921,-11.024476,-3.861888,-17.607663,0.343823,-7.203526,1.209790,0.456731,0.958653
117.220134,-12.824301,-0.062500,2.569784,8.996795,2.672786,-7.626603,0.966929,-1.787005,78.407780,-39.397582,-13.211684,-2.768357,-21.785256,0.380099,-8.243298,1.674534,-1.081731,0.969702
117.236742,-12.617861,-0.062500,5.276078,6.434441,3.320804,-7.771707,1.304487,-0.955857,78.417104,-43.888986,-14.564103,-1.358537,-22.942162,0.629225,-9.635781,1.801282,-2.235577,0.995156
118.674971,-13.575466,-0.062500,5.846008,1.453671,4.139569,-8.367861,0.984120,-1.583042,78.519376,-48.829983,-15.884761,-1.424679,-22.515006,1.093969,-10.709353,1.759761,-3.004808,0.975296
118.477855,-13.403263,-0.062500,4.535111,2.687209,4.292541,-8.755828,0.625146,-1.812500,78.657197,-44.993298,-14.363054,-1.237179,-14.310606,1.380973,-11.009615,1.855186,-3.389423,0.882522
116.818328,-12.109266,-0.062500,2.995484,7.448135,4.099359,-9.179779,0.251166,-1.644231,78.763695,-40.956585,-12.942162,-0.116841,-3.995192,1.019085,-11.511801,1.733392,-3.389423,0.740145
114.165647,-10.101107,-0.062500,0.654283,14.841492,3.478875,-9.664918,-0.223048,-1.078234,78.836247,-34.308858,-10.767920,1.701923,8.408362,0.718531,-11.955420,1.401661,-3.004808,0.571473
110.915501,-7.649621,-0.062500,-0.902972,24.937500,2.845134,-9.810169,-0.359994,-1.877768,78.923660,-26.127185,-8.114510,3.305798,21.667104,0.717803,-12.055070,1.217949,-2.235577,0.392606
107.467366,-5.053030,-0.062500,-2.200612,36.859266,2.144522,-9.627768,-0.345280,-1.775787,79.006119,-17.316871,-5.319056,4.756410,34.807838,1.652098,-12.016608,1.629953,-1.045017,0.213641
104.169726,-2.597611,-0.062500,-3.120047,49.158654,1.546037,-9.731789,-0.312063,-1.695367,79.088724,-8.893939,-2.697698,6.492570,45.383741,0.468240,-11.974650,1.621212,0.059441,0.047459
101.561917,-0.568182,-0.062500,-3.261509,60.185023,0.994172,-8.563520,-0.088578,-1.192016,79.087558,-1.899038,-0.566579,7.659237,55.932255,-0.578526,-11.098339,1.767045,0.236160,-0.044615
99.997232,0.738636,-0.062500,-2.712995,67.925991,0.663899,-6.650932,0.231789,-0.197261,79.011509,2.685752,0.771416,8.348631,63.132139,-1.533508,-9.556527,2.284382,0.452943,-0.053706
99.802156,0.991696,-0.062500,-2.630828,71.982226,0.696970,-5.059441,0.697115,1.253351,78.971737,3.587850,1.049388,9.051136,67.398164,-1.932692,-8.240239,2.218094,1.140589,-0.020140
101.331585,-0.062500,-0.062500,-2.657343,70.878351,1.094697,-3.543561,0.733537,1.451486,78.931235,-0.062500,-0.062500,8.751311,68.066142,-1.895396,-6.900787,1.762238,1.061334,0.000000
101.483829,-0.062500,-0.062500,-2.567016,72.251894,1.125728,-1.880973,0.892191,2.080857,78.860431,-0.062500,-0.062500,9.276661,70.548951,-1.851690,-5.572261,1.556818,1.426719,0.000000
101.616404,-0.062500,-0.062500,-2.429196,72.161422,1.073572,-0.432547,0.981643,2.407197,78.786131,-0.062500,-0.062500,9.825175,71.473631,-1.612762,-4.693473,1.125291,2.089161,0.000000
101.715472,-0.062500,-0.062500,-2.313957,70.795746,0.988636,0.556235,0.922203,2.430507,78.707605,-0.062500,-0.062500,10.500000,71.039773,-0.993007,-4.005390,0.591492,3.556235,0.000000
101.777972,1.080857,-0.062500,-2.315268,70.923660,0.786276,1.290938,0.653555,1.961976,78.654866,1.044143,-0.062500,10.079691,72.072844,-0.708333,-3.164481,-0.036859,4.329837,0.000000
101.817890,0.758304,-0.062500,-2.491550,69.569639,0.934441,1.796037,0.335664,1.478875,78.637092,0.725524,-0.062500,9.471154,71.272436,0.388549,-2.599359,0.064685,4.409965,0.000000
101.814685,-0.666667,-0.062500,-2.879516,67.016317,1.329691,1.896707,-0.074155,0.842220,78.647436,-0.658508,-0.062500,8.854604,69.109557,0.089452,-2.166521,-0.242279,3.703817,0.000000
101.844697,-2.945659,-14.878934,-3.496212,65.612179,1.807838,2.910985,0.179779,0.618298,78.591638,-2.890880,14.879808,7.687209,68.200612,1.566725,-1.376457,0.034674,3.311772,0.000000
101.898893,-5.489073,-11.174825,-3.486888,61.988491,2.470717,3.881119,0.199592,0.538170,78.564103,-5.345280,11.154720,6.568619,65.563520,1.998543,-0.104895,0.381265,2.931527,0.000000
102.012092,-7.980041,6.934149,-3.019959,54.721154,3.328089,4.630682,0.459062,0.645542,78.623980,-7.679487,-7.110723,5.669435,58.386801,2.780012,0.886364,0.494610,1.786859,0.000000
102.103147,-10.021125,50.148747,-2.225962,46.018211,4.879225,5.187937,0.866841,0.959936,78.677448,-9.581439,-35.757721,5.415647,49.184441,4.350524,1.750583,0.936772,0.452360,0.000000
102.300699,-11.692162,81.016317,-0.997086,34.211538,5.656031,5.562500,0.974068,0.876894,78.864073,-11.007867,-70.644522,5.065559,39.063083,4.584790,2.334936,1.203963,-0.051136,0.000000
102.525787,-13.750728,99.536859,-0.029429,24.769085,5.394814,5.402826,1.298951,0.674388,79.118153,-11.496066,-122.574155,4.239365,27.381265,5.376166,2.759615,1.356498,-0.229895,0.000000
102.806964,-13.545309,105.710373,1.689831,11.650058,4.848922,4.825758,1.390734,0.352418,79.466783,-11.382576,-153.736014,3.769522,13.460956,5.275204,2.697844,0.921329,0.630099,0.000000
103.101253,-11.075903,99.536859,3.711393,-2.529138,4.033071,3.879662,1.249417,-0.089015,79.848048,-10.309586,-164.130099,3.258304,-0.172640,4.350962,2.571241,0.381556,0.779429,0.000000
103.405449,-9.232663,81.016317,5.946096,-21.509907,3.719406,3.347028,1.060606,-0.172640,80.225087,-10.782197,-153.756410,3.291667,-16.729167,3.582605,2.127185,0.230769,0.810752,0.000000
103.670455,-7.097028,50.148747,8.071096,-29.053904,2.924534,2.868007,0.811043,-0.167395,80.549242,-12.885635,-122.614948,3.678904,-23.787005,2.933858,2.136655,0.153846,0.404138,0.000000
103.859120,-4.920309,6.934149,9.308275,-35.253059,2.152535,2.745775,0.655594,-0.062500,80.756265,-13.709499,-70.705711,4.028118,-28.455420,2.322261,1.660111,-0.121066,0.268939,0.000000
104.002040,-2.678467,-11.174825,10.194639,-42.997378,1.660839,2.702943,0.206148,-0.062500,80.897436,-13.142337,-35.799534,3.909528,-33.900495,0.494901,1.118007,-0.670600,0.276952,0.000000
104.085810,-0.704691,-14.878934,10.423223,-56.173805,1.768502,2.852855,0.007284,-0.062500,80.972465,-11.473922,-7.131265,3.682692,-40.314248,-0.363782,0.226253,-0.986160,0.809441,0.000000
104.073572,2.743444,-14.684878,10.001894,-60.733392,2.282488,3.089889,-0.054633,-0.062500,80.925991,-8.974359,11.156031,3.455420,-44.436334,-0.703526,-0.627040,-0.984411,1.657488,0.000000
104.101981,1.693182,3.593094,9.432838,-60.202069,1.848339,3.361160,-0.309003,-0.408654,80.934149,-4.056964,29.853584,2.728147,-51.005973,-2.372378,-1.375583,-1.165647,2.427302,0.000000
104.079545,-1.553613,17.809295,7.528992,-51.744610,1.058712,3.304341,-0.150350,-0.348339,80.863928,-1.459499,11.145542,0.724068,-53.255828,-2.388840,-1.744172,-0.899184,3.170017,0.000000
104.066725,-5.733392,27.963724,5.861742,-44.338287,0.642774,3.186189,-0.057838,0.076049,80.793998,-1.577652,-7.144376,-1.297640,-52.797203,-2.622232,-2.229458,-0.845425,4.247086,0.000000
104.034965,-8.660256,34.056381,4.218969,-29.046037,0.093240,3.071824,0.096737,0.809586,80.702214,-3.961247,-35.803759,-3.367133,-45.298805,-2.465035,-2.131993,-0.540501,4.943619,0.000000
104.000437,-10.334207,36.087267,2.850816,-22.472756,0.141900,3.220425,0.436334,1.659528,80.603147,-8.487325,-70.682110,-5.237908,-41.069930,-2.122086,-1.698864,0.004953,5.390006,0.000000
103.962267,-10.755245,34.056381,1.689248,-14.791521,0.103875,3.186334,0.700466,2.511509,80.516608,-15.008887,-107.618590,-6.865967,-33.536859,-1.613491,-1.099213,0.577360,5.345134,0.000000
103.924825,-9.923368,27.963724,0.334353,-20.522873,0.573718,3.228438,0.859703,3.340181,80.418852,-20.186917,-142.444784,-8.592949,-32.993007,-1.102855,-1.126457,0.808712,5.533217,0.000000
103.892483,-7.838578,17.809295,-0.665793,-34.479458,1.297057,3.268211,0.921620,4.418269,80.333479,-25.916521,-185.929633,-10.077797,-36.154283,-0.460519,-1.373543,0.808275,5.379225,0.000000
102.647582,-3.320804,3.593094,-0.751748,-63.291958,2.486597,3.537879,0.859703,4.791230,80.294580,-29.663607,-200.381847,-10.874563,-46.633450,-0.015734,-1.412296,0.663462,5.031760,0.000000
102.970280,1.048223,-14.684878,-0.659528,-77.848339,3.118153,3.454837,0.673951,4.459062,80.268065,-28.882721,-185.801428,-10.743735,-54.884178,0.151078,-1.635344,0.196824,4.792832,0.000000
104.492716,0.395105,-0.062500,-0.383741,-83.383596,3.322844,3.252040,0.364365,3.421766,80.259615,-23.573864,-142.188374,-9.845425,-61.812791,-0.190122,-2.015880,-0.189685,3.873689,0.000000
107.084790,-1.627331,-0.062500,-1.104021,-77.919289,3.100670,2.490530,0.103293,2.554341,81.035839,-17.632721,-107.353293,-9.897873,-59.450758,-0.159528,-2.926136,-0.384324,3.449883,0.000000
109.783071,-5.826923,-0.062500,-1.334936,-59.822552,2.247086,1.951340,-0.065705,1.673077,80.770979,-12.530740,-70.466638,-9.473339,-50.075466,-0.108537,-2.996941,-0.576486,2.904575,0.000000
112.362325,-10.333770,-0.062500,-0.970280,-40.882284,1.426865,1.568182,-0.150204,0.868444,79.695804,-9.829400,-35.664481,-8.812354,-31.839889,-0.079108,-2.435023,-0.668998,2.260781,0.000000
114.540938,-13.073427,-0.062500,-0.486888,-29.367279,0.878642,1.463578,-0.068036,0.147290,78.069930,-7.047931,-7.093240,-7.742716,-20.864802,-0.066871,-1.611888,-0.549242,1.715035,0.000000
116.077069,-14.045892,-0.062500,0.074592,-17.500146,0.450029,1.488491,-0.075612,-0.345717,76.121212,-4.875437,11.120629,-6.423660,-15.189103,-0.104021,-0.770833,-0.462267,1.208916,0.000000
116.728875,-13.251166,-0.062500,0.803613,-12.679196,0.185315,1.637821,-0.124126,-0.440122,74.081294,-4.015589,14.848339,-5.106498,-12.325321,0.020396,0.190851,-0.280740,0.815268,0.000000
116.238782,-10.689248,-0.062500,1.621503,-18.415647,0.139277,1.917832,-0.158362,-0.062500,72.175117,-5.054050,-0.062500,-4.098048,-12.082168,0.219843,1.377040,-0.153555,0.370192,0.000000
114.395105,-6.360140,-0.062500,3.005682,-30.026369,0.381847,2.218386,0.014277,-0.114948,70.635490,-5.367570,-0.062500,-3.026078,-18.717220,0.157051,2.497086,0.015443,0.059878,0.000000
114.052448,-3.246795,-0.062500,3.703963,-32.196824,0.284965,2.137092,0.197844,-0.049388,69.678613,-3.980624,-0.062500,-1.795600,-20.789481,0.133013,3.013840,0.065851,0.016171,0.000000
114.009033,-0.682547,-0.062500,3.870484,-31.305361,0.142337,1.948572,0.326049,0.001603,69.547640,-1.900204,-0.062500,-0.855769,-22.076777,0.090035,2.806381,0.183858,-0.377185,0.000000
114.300117,0.885490,-0.062500,3.810023,-29.092512,-0.073572,1.387238,0.398893,0.038024,70.452797,0.873689,-0.062500,-0.449009,-23.894959,-0.019085,1.789044,0.115967,-0.062500,0.000000
114.358974,1.264423,-0.062500,3.780012,-22.196533,-0.325903,1.187500,0.416375,0.059878,70.560752,1.185752,-0.062500,0.263840,-21.278409,-0.040938,1.224359,0.098193,-0.062500,0.000000
114.460082,-0.062500,-0.062500,3.522145,-20.260635,-0.090035,0.994172,0.378497,0.067162,70.674534,-0.062500,-0.062500,0.773456,-14.750146,-0.094843,0.859848,0.123397,-0.062500,0.000000
114.539190,-0.062500,-0.062500,2.817890,-12.603001,-0.062500,0.858246,0.253788,-0.003059,70.779283,-0.062500,-0.062500,1.303613,-11.836538,-0.074738,0.812791,0.132867,-0.062500,0.000000
114.634324,-0.062500,-0.062500,1.768211,-1.359120,-0.058421,0.887092,0.134033,-0.114073,70.888986,-0.062500,-0.062500,1.683129,-8.435460,0.015589,0.797348,0.100087,-0.062500,0.000000
114.728001,-0.062500,-0.062500,0.560315,6.249126,-0.045455,1.145251,-0.023456,-0.047348,71.005390,-0.062500,-0.062500,1.855332,-1.772290,0.016171,0.754808,0.057110,-0.272290,0.000000
114.797494,-0.062500,-0.062500,-0.958479,11.670309,0.034091,1.434732,-0.095571,0.318328,71.099942,-0.062500,-0.062500,1.830711,6.208916,0.050262,0.846154,0.049242,-0.219843,0.000000
114.840181,1.196241,-0.062500,-1.523456,19.762383,0.118590,1.509907,-0.029575,0.249272,71.175845,1.175262,-0.062500,1.912296,11.057110,-0.266608,0.698281,0.120192,0.246358,0.000000
114.921620,0.844843,-0.062500,-2.120484,27.406177,0.171037,2.070367,0.024476,0.574301,71.255245,0.839598,-0.062500,2.121503,16.661568,-0.051573,0.761946,0.123834,0.596008,0.000000
115.008013,-0.715909,-0.062500,-2.553030,33.563957,0.191434,2.948135,0.125583,1.010781,71.315851,-0.666667,-0.062500,2.409965,21.338869,0.326632,1.054050,0.096882,0.829108,0.000000
115.027681,-4.266317,-0.062500,-2.261218,37.623252,0.166521,4.194202,0.197698,1.919872,70.613054,-0.783217,14.717220,3.117716,24.754516,1.034674,1.788316,0.039336,0.945659,0.000000
115.170309,-6.796911,-0.062500,-2.440851,41.898164,0.139860,5.332314,0.190851,2.143648,70.833625,-4.197990,11.027535,3.314831,28.076632,1.608537,2.334499,0.004225,0.945659,0.000000
115.377040,-8.307692,-0.062500,-2.295892,43.447990,0.098631,6.065559,0.108974,2.346882,71.754371,-9.925262,-7.032634,3.266608,29.946678,1.894814,2.935606,-0.046766,0.367570,0.000000
115.678176,-8.798660,-0.062500,-1.743007,42.584645,-0.012238,6.119901,0.234266,2.855332,73.182255,-20.379808,-50.158362,2.881702,29.526515,1.940705,3.487471,0.019085,0.711393,0.000000
115.922203,-8.269814,-0.062500,-2.650058,41.783071,-0.066725,5.939394,0.228730,2.693619,74.898747,-26.970717,-80.963287,1.979749,29.598631,1.746212,3.355478,-0.075321,0.212558,0.000000
116.078817,-6.721154,-0.062500,-3.431818,40.025641,-0.068619,5.453817,0.242133,2.647873,76.681090,-29.697990,-99.447407,1.119027,28.930944,1.311334,3.046037,-0.173951,0.237325,0.000000
116.143939,-4.152681,-0.062500,-3.652826,37.642191,-0.012675,4.859703,0.419435,2.622086,78.319930,-28.561626,-105.610723,0.204254,27.717512,0.631702,2.717366,0.094114,1.212850,0.000000
116.097902,-0.564394,-0.062500,-3.819493,35.783654,0.010927,4.375874,0.726690,2.350379,79.624417,-23.561626,-99.453234,-1.017337,25.246795,-0.152826,2.193765,0.549534,2.663462,0.000000
116.016754,0.861888,-0.062500,-4.664481,35.355915,0.015297,4.480769,1.004808,2.715618,80.403700,-17.826777,-80.974942,-1.914773,23.473631,-0.215618,2.027244,1.081148,3.798660,0.000000
116.922057,4.757430,-14.826486,-6.114365,37.033654,0.010927,5.457168,1.329545,3.263258,80.493153,-10.396853,-50.175845,-2.076632,23.762238,0.522727,2.464452,1.422057,5.104749,0.000000
116.400495,2.659528,-11.135490,-6.671183,36.736305,-0.002185,5.858974,1.409091,3.655012,79.648164,-1.634615,-7.055944,-2.025058,22.881119,0.355769,2.702797,1.559003,5.613928,0.000000
114.943619,-1.776369,6.909382,-6.931090,33.059295,-0.024038,5.179487,1.273601,3.109411,79.547931,2.502185,11.024913,-2.055361,19.598631,0.487762,2.258596,1.491987,5.326195,0.000000
112.797786,-8.732663,35.207022,-6.423223,27.457314,0.343969,3.749709,1.021125,2.744318,79.469697,3.336101,14.727710,-1.822261,14.610577,0.054633,1.101981,1.221008,4.241550,0.000000
110.278992,-17.201195,69.656323,-5.535693,20.568473,0.220717,1.670309,0.824009,2.415793,79.413170,-0.062500,-0.062500,-1.589744,8.600524,-0.763840,-0.647145,0.905157,3.526661,0.000000
107.544143,-26.173805,106.156177,-5.492861,13.719551,-0.653263,-0.584790,0.343969,1.325321,79.328817,-0.062500,-0.062500,-1.620775,2.660111,-2.297203,-2.780594,0.339889,1.681527,0.000000
104.976981,-34.642337,140.610723,-4.423514,7.018357,-1.332896,-2.887383,0.014569,0.503205,79.242861,-0.062500,-0.062500,-1.131847,-3.050117,-3.392045,-4.483537,-0.075466,1.046183,0.000000
102.881265,-41.598631,168.907051,-3.019522,1.525641,-1.388112,-4.633887,-0.109266,-0.128205,79.159091,-0.062500,-0.062500,-0.674388,-8.116259,-3.759907,-6.079691,-0.128205,0.293998,0.000000
101.535693,-46.034528,186.945513,-2.474213,-1.709353,-1.715763,-5.883596,-0.100524,-0.354895,79.084062,-0.062500,-0.062500,-0.848485,-12.063666,-4.126166,-7.413316,-0.241259,-0.886218,0.000000
101.241259,-46.936626,190.631702,-2.502622,-2.488199,-2.231352,-6.466200,-0.141171,-0.256556,79.037587,-0.062500,-0.062500,-0.956876,-13.418998,-3.493735,-8.047057,-0.230624,-1.578526,0.000000
102.280449,-43.308566,175.854167,-3.114510,-1.015734,-2.775641,-6.298514,-0.062500,-0.062500,79.022436,-0.062500,-0.062500,-1.048805,-11.946824,-2.458770,-7.795892,-0.296766,-1.592657,0.000000
102.234994,-43.314977,175.834790,-3.172931,-1.054924,-3.268794,-6.722902,-0.062500,-0.062500,78.988345,-0.062500,-0.062500,-1.689248,-11.335373,-2.418852,-7.795455,-0.336101,-1.790064,0.000000
102.183712,-43.325029,175.812500,-3.008013,-0.963141,-3.818765,-6.983974,-0.062500,-0.062500,78.962267,-0.062500,-0.062500,-2.320221,-10.704254,-1.612617,-7.509178,-0.343386,-1.787879,0.000000
102.125000,-43.332022,175.795455,-2.802010,-1.152535,-3.630099,-7.005245,-0.062500,-0.062500,78.931672,-0.062500,-0.062500,-2.936334,-10.037587,-1.617133,-7.259033,-0.318619,-1.586101,0.000000
102.066288,-43.341055,175.774767,-2.433712,-1.907634,-3.710373,-6.874854,-0.062500,-0.062500,78.901078,-0.062500,-0.062500,-3.309586,-9.448281,-1.940414,-7.095862,-0.261801,-1.184732,0.000000
102.015006,-43.361014,175.754808,-2.101690,-2.895542,-3.533508,-6.588141,-0.062500,-0.062500,78.869755,-0.062500,-0.062500,-3.546474,-8.961393,-2.759033,-6.826632,-0.172931,-0.583770,0.000000
101.969551,-43.382284,175.745192,-1.655740,-3.560023,-3.054924,-6.148456,-0.062500,-0.062500,78.844988,-0.062500,-0.062500,-3.145979,-9.016171,-2.969114,-6.400058,-0.052010,0.216783,0.000000
101.928322,-43.412296,175.725233,-1.348922,-3.957022,-1.986305,-5.707896,-0.062500,-0.062500,78.826049,-0.062500,-0.062500,-2.352418,-9.692745,-3.227710,-6.433858,0.021416,0.288899,0.000000
101.898747,-43.439977,175.704545,-1.190414,-4.570221,-1.057255,-5.543852,-0.062500,-0.062500,78.798951,-0.062500,-0.062500,-1.776515,-10.534674,-3.393502,-6.590472,-0.062500,-0.062500,0.000000
101.875000,-43.471300,175.687500,-1.233974,-5.043998,-0.631556,-5.546766,-0.062500,-0.062500,78.780012,-0.062500,-0.062500,-1.400932,-11.688374,-2.985286,-6.604604,-0.062500,-0.062500,0.000000
101.846008,-43.506993,175.665210,-1.427739,-5.201632,-0.617424,-5.729167,-0.062500,-0.062500,78.750000,-0.062500,-0.062500,-1.150204,-11.331439,-2.783217,-6.463578,-0.062500,-0.062500,0.000000
101.817745,-43.547786,175.651078,-1.670600,-4.574883,-1.079545,-5.865239,-0.062500,-0.062500,78.719988,-0.062500,-0.062500,-1.349213,-11.081294,-2.465326,-6.446096,-0.062500,-0.062500,0.000000
101.777681,-43.581148,175.636218,-1.808712,-3.689248,-1.910839,-5.992716,-0.062500,-0.062500,78.695804,-0.062500,-0.062500,-1.771125,-10.870921,-1.982517,-6.363199,-0.062500,-0.062500,0.000000
101.743590,-43.601107,175.630245,-1.795017,-3.342366,-2.425991,-6.123980,-0.057255,0.100087,78.670017,-0.062500,-0.062500,-1.914773,-10.662879,-1.471008,-6.420892,-0.062500,-0.062500,0.000000
101.710956,-43.630536,175.612471,-1.681381,-3.187937,-2.595134,-6.041230,0.030594,0.017483,78.657488,-0.062500,-0.062500,-1.971300,-10.299679,-0.936334,-6.438666,-0.062500,-0.062500,0.000000
101.675262,-43.679050,175.592512,-1.563228,-3.079691,-2.389423,-5.716492,-0.024330,-0.217949,78.637529,-0.062500,-0.062500,-2.012529,-9.659091,-0.460956,-6.217949,-0.062500,-0.062500,0.000000
101.641026,-43.731206,175.579983,-1.408945,-2.619610,-2.512821,-5.100233,-0.204983,-0.539918,78.619755,-0.062500,-0.062500,-1.747232,-8.775495,-0.268939,-5.835664,-0.062500,-0.062500,0.000000
101.607517,-43.790064,175.554196,-1.260781,-2.186189,-2.091638,-4.931672,-0.286568,-0.343240,78.608537,-0.062500,-0.062500,-1.318765,-7.717657,-0.498106,-5.443328,-0.062500,-0.062500,0.000000
101.582022,-46.511218,190.252040,-1.175262,-0.686334,-1.464452,-3.640734,-0.434295,-0.708333,78.594988,-0.062500,-0.062500,-0.808421,-6.574155,-0.232226,-5.137821,-0.062500,-0.062500,-0.068140
101.569056,-45.855915,186.541521,-0.886509,-0.645979,-1.121795,-3.794435,-0.396270,-1.248543,78.592512,-0.062500,-0.062500,-0.641608,-6.213578,-0.240385,-4.625728,-0.062500,-0.062500,-0.066881
101.542832,-42.630536,168.517920,-0.601981,-2.013840,-0.796620,-3.817308,-0.602418,-2.049097,78.584207,-0.062500,-0.062500,-0.625291,-4.926136,-0.428467,-4.303759,-0.062500,-0.062500,0.020345
101.515880,-37.584207,140.276515,-0.445513,-3.566579,-0.375291,-3.902244,-0.708042,-2.486888,78.566434,-0.062500,-0.062500,-0.814831,-5.451195,-0.903700,-4.258741,-0.062500,-0.062500,0.170228
100.658800,-31.420017,105.899330,-0.357517,-6.168124,-0.530012,-3.818765,-0.744610,-2.561917,78.543561,-0.062500,-0.062500,-1.262821,-6.875000,-1.221591,-4.196970,-0.188374,0.713724,0.359459
100.835373,-24.910693,69.485431,-0.001894,-7.809295,-0.717075,-4.154429,-0.594114,-1.665793,78.519959,-0.062500,-0.062500,-1.273019,-7.909091,-1.401515,-4.619318,-0.130682,0.540647,0.564727
102.643357,-18.803904,35.115385,0.319784,-8.566725,-0.696533,-4.743007,-0.384761,-1.578380,78.494755,-0.062500,-0.062500,-1.108974,-7.841929,-1.318036,-5.187937,0.027098,-0.397582,0.762723
103.987325,-13.819930,6.886801,0.545455,-7.932401,-0.612617,-5.485577,-0.344260,-1.901952,78.470862,-0.062500,-0.062500,-0.815559,-7.033800,-0.954108,-5.999709,0.212704,-1.899184,0.930135
104.874563,-10.668706,-11.107955,0.726836,-5.988782,-0.518211,-6.288170,-0.299679,-2.388258,78.454983,-0.062500,-0.062500,-0.408654,-4.956731,-0.502185,-7.112762,0.448572,-3.716055,1.048606
105.299097,-10.110140,-14.789773,1.139569,-3.167541,-0.583479,-7.343240,-0.178759,-3.515880,78.443328,-0.062500,-0.062500,0.009470,-2.836247,0.119901,-8.381702,0.714598,-5.642920,1.114399
105.266754,-12.812354,-0.062500,1.268357,1.196241,-0.593094,-7.381993,-0.129225,-4.748397,78.443910,-0.062500,-0.062500,0.615967,0.734703,0.869464,-9.519085,0.951340,-7.643357,1.028585
104.795163,-12.746066,-0.062500,1.244027,4.045600,-0.327360,-8.625437,0.037587,-4.604167,78.468531,-0.062500,-0.062500,1.109120,4.343094,1.454400,-10.197990,1.111451,-9.506265,0.962802
103.862179,-9.985577,-14.768794,0.751603,6.037879,0.130682,-8.887092,-0.165938,-5.097465,78.502477,-0.062500,-0.062500,1.394959,8.158362,1.734703,-10.765152,1.241841,-10.958188,0.899485
102.479749,-10.535985,-11.092220,-0.026952,7.934586,0.787587,-8.856935,-0.373106,-5.343677,78.534819,-0.062500,-0.062500,1.447552,11.379808,1.664627,-10.960810,1.292832,-11.670746,0.829219
100.649330,-13.671183,6.876894,-1.038607,8.775495,1.063811,-8.537150,-0.355915,-5.586247,78.566434,-0.062500,-0.062500,1.188520,14.184441,1.715035,-10.648601,1.233246,-11.400058,0.768142
100.448572,-18.686480,35.060023,-1.770688,10.236305,1.573572,-8.563374,-0.107663,-5.711830,78.587704,-0.062500,-0.062500,1.182401,17.119027,1.869318,-10.420309,1.233392,-11.741113,0.735345
101.264569,-24.944347,69.335227,-2.341929,11.358392,1.836538,-8.960373,0.567162,-6.868298,78.590326,-0.062500,-0.062500,0.854458,20.037879,1.730915,-10.266171,1.419726,-12.947698,0.736767
101.283654,-31.437646,105.715472,-2.547494,12.236742,2.170017,-9.310169,0.794726,-8.580274,78.611888,-0.062500,-0.062500,0.818036,22.089598,2.131410,-10.204691,1.544580,-12.780886,0.772408
101.334645,-37.462850,140.100962,-2.405594,12.851544,2.506119,-9.504516,0.928613,-9.531906,78.639714,-0.062500,-0.062500,0.988782,22.694784,2.539336,-10.487762,1.722756,-11.490530,0.842268
101.410985,-42.314103,168.407488,-1.973631,13.049242,2.806235,-9.524184,0.917104,-10.007721,78.681964,-0.062500,-0.062500,1.401952,21.249563,3.179487,-10.767191,1.854021,-9.436917,0.933832
101.504662,-45.206439,186.541375,-1.711101,13.094114,3.264714,-9.299679,0.823135,-8.473631,78.745338,-0.062500,-0.062500,1.834062,20.502331,3.837850,-10.643065,1.770105,-7.073718,0.973040
101.619464,-45.462413,190.390443,-1.477710,12.593677,3.780449,-8.803467,0.625728,-5.590472,78.831294,-0.062500,-0.062500,2.428467,20.174679,4.524621,-10.135927,1.454254,-3.966346,1.000636
101.677739,-42.340181,175.864802,-1.903263,13.349213,4.756702,-8.655012,0.140443,-3.518648,78.844114,-0.062500,-0.062500,2.817308,22.024913,5.125291,-9.563083,1.226253,-2.990822,1.013534
101.789190,-41.903992,176.055216,-1.611742,11.408654,5.153846,-7.465035,-0.197261,-1.555798,78.927885,-0.062500,-0.062500,3.268211,21.261072,6.606206,-8.476107,0.918706,-1.742133,1.009986
101.090035,-45.363054,190.899184,0.032197,11.381410,4.753642,-5.882867,-0.208625,0.028555,79.090472,-0.062500,-0.062500,4.819493,20.032488,7.034237,-6.415647,0.535111,0.047786,1.002350
101.530886,-44.540793,187.214744,2.049242,5.825466,4.155740,-3.961684,-0.062646,0.800699,79.387092,-0.062500,-0.062500,5.538316,14.260052,6.884615,-4.238636,0.221737,0.857372,1.000000
102.840326,-40.442453,169.096445,4.020688,-3.357663,3.322990,-1.958188,0.353584,0.863636,79.761655,3.299388,1.217220,5.307255,2.954691,6.147145,-2.094843,0.164627,0.335519,1.000000
104.792395,-33.778700,140.746358,5.767920,-15.060460,2.692599,0.294289,0.235286,-0.268502,80.197844,2.458916,0.897290,4.937646,-7.532488,5.300408,-0.106206,0.088141,0.709936,1.000000
107.090618,-25.632284,106.231643,6.985868,-31.391317,2.445804,2.572698,0.236742,0.480332,80.633450,-1.613345,-0.666812,4.195804,-16.791084,3.867279,1.308129,0.123106,0.999854,1.000000
109.466200,-16.954400,69.676136,7.377477,-42.298223,2.131556,4.558712,0.195076,0.395251,81.031469,-8.029429,-3.124854,3.180070,-23.721154,2.469697,2.375583,0.146853,1.205274,1.000000
111.609848,-3.759324,20.785985,7.510781,-42.977564,1.860577,5.889569,0.127331,1.504662,82.073572,-18.151661,-7.384033,2.012529,-27.834062,1.183712,2.883887,0.068910,1.326195,1.000000
113.386801,-3.121649,10.469697,7.536422,-44.619027,2.150058,7.044289,0.020251,2.230915,82.004079,-27.233829,-10.222756,1.703817,-26.100962,0.161713,3.276078,-0.042541,1.362617,1.000000
114.711101,-3.486160,6.442162,7.330857,-46.798951,2.241404,7.766608,-0.126166,2.574009,81.390297,-31.148747,-11.641026,1.127622,-19.563228,0.215181,3.461976,-0.015152,-0.382430,1.000000
114.879516,-5.922640,12.793269,5.922203,-48.301573,1.137529,8.292104,-0.046766,2.666521,79.979604,-32.270979,-11.638840,-0.542395,-14.946096,0.561772,3.545017,-0.057255,-0.586976,1.000000
113.692745,-11.614948,33.542395,3.587558,-48.482955,-0.872960,7.944493,-0.029429,2.616404,78.013403,-30.336247,-10.216200,-2.375583,-12.120775,-1.048077,3.803322,-0.104458,-0.062500,1.000000
113.179341,-12.302593,35.542686,-0.087267,-49.517045,-2.185897,7.042395,-0.037442,2.118153,75.787296,-25.057401,-7.373106,-5.740530,-13.013986,-2.000583,3.601690,-0.120192,-0.062500,1.000000
112.559732,-11.614948,33.542395,-5.157343,-48.884470,-2.983100,5.922640,-0.196678,1.250437,73.567308,-16.091783,-3.109557,-9.820659,-15.119901,-2.202797,3.338432,-0.226399,-0.062500,1.000000
111.947552,-9.552010,27.541521,-10.447115,-46.729604,-3.454400,4.171620,-0.035111,0.078817,71.701195,-13.020833,-0.660402,-13.820513,-16.475233,-2.889860,2.624854,-0.015589,-0.167395,1.000000
111.079108,-6.113782,17.540064,-13.640880,-44.434732,-2.724942,2.231206,0.035693,0.114948,70.041521,-10.367279,0.898601,-16.205857,-16.287733,-3.165938,1.802302,0.246358,-0.067745,1.000000
110.097902,-1.300262,3.538024,-14.778118,-32.993007,-2.114073,0.596300,0.162442,-0.627331,68.915793,-9.157780,1.211976,-16.682984,-15.404575,-3.044289,0.888695,0.464452,0.042104,1.000000
109.143648,4.888549,-14.464598,-13.356643,-17.128642,-1.056672,-0.462413,0.359994,0.094988,68.678030,-10.392483,-0.062500,-14.814248,-13.975962,-2.524913,0.039773,0.629808,0.158654,1.000000
108.475379,-0.062500,-0.062500,-9.924097,-9.520542,0.455128,-0.562209,0.530449,0.191725,67.826195,-9.367716,-0.062500,-10.904283,-10.146999,-1.607809,-0.230769,0.738636,0.271853,1.000000
107.945455,-0.062500,-0.062500,-8.134528,-5.262238,1.053934,-0.827010,0.612063,0.246416,67.233916,-7.867308,-0.062500,-8.768969,-8.369231,-1.173164,-0.525874,0.795455,0.309441,1.000000
107.532955,-0.062500,-0.062500,-5.810140,-3.731643,1.420804,-0.798689,0.665997,0.295717,66.759353,-5.714948,-0.062500,-6.285752,-6.739336,-0.739685,-0.673689,0.801136,0.325612,1.000000
107.237879,-0.062500,-0.062500,-2.950932,-4.928759,1.555740,-0.477244,0.692249,0.339627,66.402506,-2.910635,-0.062500,-3.454633,-5.257314,-0.307372,-0.674213,0.755682,0.320367,1.000000
107.060227,-0.062500,-0.062500,0.443094,-8.853584,1.458741,0.137325,0.690822,0.378147,66.163374,0.545629,-0.062500,-0.275612,-3.923164,0.123776,-0.527448,0.659091,0.293706,1.000000
107.000000,-0.062500,-0.062500,4.371941,-15.506119,1.129808,1.045017,0.661713,0.411276,66.041958,4.653846,-0.062500,3.251311,-2.736888,0.553759,-0.233392,0.511364,0.245629,1.000000
