347.407745,-72.443060,18.905841,-1.423087,-11.588280,0.696988,-0.614281,0.785021,0.981930,347.920734,-0.136877,-0.062500,-1.946754,-2.219292,0.146718,0.004481,0.501341,0.016621,1.000000
347.516268,-64.130693,16.686030,-0.491248,-10.217369,0.555314,-0.735276,0.572149,1.060485,348.032712,-0.092674,-0.062500,-1.080717,-1.958733,0.147611,-0.006470,0.401307,-0.028047,1.000000
347.685764,-53.164919,13.788078,0.657680,-8.250560,0.404559,-0.856693,0.295079,1.094085,348.205074,-0.020791,-0.062500,-0.020812,-1.552749,0.159834,-0.006441,0.280262,-0.084932,1.000000
347.907409,-40.370048,10.423678,1.956295,-5.717569,0.248890,-0.973442,-0.033383,1.082654,348.429072,0.065036,-0.062500,1.171149,-1.015089,0.186496,0.003360,0.145963,-0.146528,1.000000
348.156154,-28.826642,7.380058,3.154126,-2.627960,0.105919,-1.071371,-0.377813,1.016347,348.679167,0.109086,-0.062500,2.302389,-0.377310,0.233100,0.019364,0.022029,-0.191767,1.000000
348.401175,-22.141448,5.582116,3.959662,0.968823,-0.004077,-1.133384,-0.690368,0.886053,348.922742,0.057111,-0.062500,3.164733,0.309485,0.301597,0.036821,-0.070070,-0.206930,1.000000
348.617628,-22.396086,5.570705,4.207046,4.924481,-0.070594,-1.148080,-0.924827,0.695182,349.132407,-0.109947,-0.062500,3.649562,0.980237,0.386434,0.051455,-0.125498,-0.199365,1.000000
348.792602,-29.065886,7.224312,3.940419,8.984459,-0.098383,-1.117239,-1.047089,0.464590,349.294083,-0.388364,-0.062500,3.780927,1.571353,0.476573,0.060955,-0.154360,-0.188889,1.000000
348.920810,-40.124981,10.035714,3.324390,12.847209,-0.098606,-1.054696,-1.038446,0.222308,349.403881,-0.768566,-0.062500,3.637227,2.032035,0.558672,0.063444,-0.168485,-0.190791,1.000000
349.004141,-52.761534,13.292753,2.590081,16.194497,-0.084891,-0.980021,-0.904404,-0.001416,349.466774,-1.179731,-0.062500,3.321739,2.328070,0.617731,0.057628,-0.178791,-0.215575,1.000000
349.051246,-64.114879,16.266309,1.974070,18.758308,-0.070443,-0.912281,-0.676029,-0.175973,349.495199,-1.497503,-0.062500,2.935046,2.452333,0.642885,0.044518,-0.190636,-0.261873,1.000000
349.078512,-72.149099,18.434016,1.650099,20.434452,-0.062756,-0.864695,-0.406899,-0.282228,349.507100,-1.615285,-0.062500,2.557826,2.432666,0.630781,0.029143,-0.202419,-0.313203,1.000000
349.104018,-76.338161,19.657480,1.673329,21.281492,-0.060642,-0.834184,-0.156956,-0.321192,349.517616,-1.497606,-0.062500,2.225825,2.313913,0.587453,0.020361,-0.208827,-0.347893,1.000000
349.140581,-77.312721,20.094200,1.988547,21.441821,-0.059776,-0.800631,0.028374,-0.307962,349.533733,-1.179533,-0.062500,1.934606,2.136178,0.527961,0.029676,-0.203702,-0.349405,1.000000
349.193413,-76.290400,20.053195,2.444210,21.112534,-0.059332,-0.740328,0.131123,-0.266938,349.555504,-0.768649,-0.062500,1.654219,1.928762,0.470428,0.066270,-0.182712,-0.311321,1.000000
349.263776,-74.718476,19.903971,2.817209,20.531736,-0.061115,-0.637527,0.155163,-0.229903,349.580552,-0.388905,-0.062500,1.350023,1.708078,0.425138,0.131137,-0.147756,-0.242467,1.000000
349.349318,-73.734127,19.936687,2.896612,19.882818,-0.066720,-0.487258,0.120812,-0.217043,349.605947,-0.108499,-0.062500,0.999937,1.478385,0.393378,0.213912,-0.107685,-0.164384,1.000000
349.444474,-73.636720,20.221908,2.579518,19.231604,-0.076025,-0.299913,0.055762,-0.224311,349.630361,0.058572,-0.062500,0.609300,1.243953,0.372697,0.297971,-0.073074,-0.097885,1.000000
349.540395,-74.079504,20.657980,1.889629,18.515112,-0.085716,-0.099499,-0.015153,-0.232606,349.653417,0.104796,-0.062500,0.202388,1.013218,0.359634,0.367627,-0.051188,-0.054059,1.000000
349.625212,-74.612217,21.109227,0.938082,17.562097,-0.088756,0.086597,-0.077380,-0.219366,349.673025,0.058319,-0.062500,-0.200478,0.791566,0.350126,0.412458,-0.043422,-0.034471,1.000000
349.687027,-74.957352,21.480928,-0.118523,16.189391,-0.076004,0.230960,-0.126670,-0.164176,349.685904,-0.018217,-0.062500,-0.591246,0.584547,0.342498,0.428119,-0.045395,-0.032493,1.000000
349.721131,-75.110324,21.758021,-1.122088,14.359536,-0.038760,0.306621,-0.170404,-0.060562,349.691272,-0.073779,-0.062500,-0.966244,0.402903,0.337375,0.415899,-0.050828,-0.038049,1.000000
349.730977,-75.240898,21.982516,-1.947896,12.228435,0.027157,0.298544,-0.218063,0.079967,349.690050,-0.091466,-0.062500,-1.321371,0.256709,0.335555,0.379723,-0.056651,-0.045855,1.000000
349.723554,-75.363003,22.152193,-2.521499,10.081392,0.118880,0.208877,-0.268668,0.235727,349.682822,-0.077101,-0.062500,-1.648108,0.152560,0.337300,0.325249,-0.062422,-0.055527,1.000000
349.705932,-75.313647,22.220605,-2.835531,8.252979,0.225542,0.051284,-0.308757,0.377475,349.670322,-0.058693,-0.062500,-1.931072,0.096915,0.341568,0.259476,-0.066799,-0.066069,1.000000
349.684900,-75.111796,22.212514,-2.960602,7.037684,0.329138,-0.150819,-0.323168,0.470027,349.654183,-0.056330,-0.062500,-2.155756,0.091515,0.342222,0.189561,-0.068632,-0.077192,1.000000
349.665078,-75.051338,22.250390,-3.001298,6.578773,0.408790,-0.364349,-0.300974,0.488493,349.635895,-0.063036,-0.062500,-2.313696,0.131686,0.329396,0.120659,-0.069491,-0.092144,1.000000
349.648024,-75.447178,22.464394,-3.035656,6.817020,0.447186,-0.557829,-0.240392,0.430987,349.616495,-0.063946,-0.062500,-2.405745,0.210393,0.295953,0.057438,-0.073738,-0.116189,1.000000
349.632749,-76.463663,22.924926,-3.098411,7.519614,0.436342,-0.710978,-0.151143,0.314067,349.596239,-0.062085,-0.062500,-2.444178,0.318700,0.241923,0.005088,-0.086500,-0.152775,1.000000
349.617267,-77.863571,23.546254,-3.191107,8.355932,0.380802,-0.815963,-0.053409,0.161754,349.575007,-0.062315,-0.062500,-2.449025,0.444388,0.174201,-0.032223,-0.113005,-0.202989,1.000000
349.599923,-78.899907,24.049360,-3.293791,9.009905,0.296752,-0.878307,0.028254,-0.003403,349.553062,-0.062733,-0.062500,-2.443569,0.573954,0.104496,-0.053874,-0.156538,-0.265719,1.000000
349.580787,-78.603288,24.069721,-3.381334,9.297557,0.207234,-0.913181,0.070688,-0.163125,349.531251,-0.062387,-0.062500,-2.453924,0.690941,0.044596,-0.062527,-0.217343,-0.339350,1.000000
349.561439,-76.065233,23.262760,-3.434632,9.212900,0.135958,-0.931553,0.061911,-0.301687,349.510027,-0.062534,-0.062500,-2.500341,0.778382,0.000953,-0.063559,-0.290544,-0.419498,1.000000
349.543568,-70.488551,21.322282,-3.445633,8.879546,0.101086,-0.934885,0.007258,-0.404621,349.489340,-0.062493,-0.062500,-2.587581,0.826602,-0.026643,-0.062079,-0.363353,-0.493526,1.000000
349.527744,-61.620972,18.143411,-3.421212,8.469318,0.109700,-0.919863,-0.073235,-0.463307,349.468760,-0.062501,-0.062500,-2.703221,0.837845,-0.042007,-0.059103,-0.414156,-0.539300,1.000000
349.513583,-50.204190,13.992564,-3.382126,8.132856,0.157333,-0.881213,-0.154805,-0.478274,349.447977,-0.062500,-0.062500,-2.825468,0.823902,-0.049835,-0.051011,-0.422568,-0.535472,1.000000
349.500097,-37.842924,9.460505,-3.349980,7.950832,0.231449,-0.814793,-0.216601,-0.456369,349.427049,-0.062500,-0.062500,-2.931442,0.806114,-0.053320,-0.034598,-0.381013,-0.475389,1.000000
349.486262,-26.419889,5.246374,-3.333538,7.918458,0.314735,-0.726312,-0.247436,-0.404088,349.406297,-0.062500,-0.062500,-3.004549,0.812596,-0.051507,-0.012370,-0.299325,-0.374751,1.000000
349.471376,-17.538410,1.950742,-3.329154,7.970316,0.390740,-0.634483,-0.245119,-0.327496,349.385596,-0.062501,-0.062502,-3.036446,0.869319,-0.039153,0.006147,-0.198431,-0.260937,1.000000
349.455132,-11.941647,-0.142551,-3.326810,8.020941,0.449944,-0.563711,-0.213743,-0.236223,349.364684,-0.062499,-0.062479,-3.030436,0.990180,-0.010692,0.008228,-0.099960,-0.156518,1.000000
349.437826,-9.381150,-1.117508,-3.315010,8.009643,0.489137,-0.534806,-0.161181,-0.147647,349.343549,-0.062486,-0.062642,-3.001729,1.176653,0.034694,-0.016947,-0.015904,-0.075545,1.000000
349.419996,-9.065545,-1.262197,-3.290443,7.924503,0.508765,-0.557808,-0.095624,-0.080720,349.322039,-0.062644,-0.061835,-2.974560,1.413684,0.091755,-0.072690,0.051313,-0.028121,1.000000
349.402832,-10.088480,-0.909265,-3.261711,7.808424,0.510283,-0.628370,-0.020578,-0.046835,349.300513,-0.061806,-0.064681,-2.960258,1.677477,0.152551,-0.152442,0.105270,-0.017356,1.000000
349.387160,-11.478115,-0.415153,-3.229531,7.710073,0.496422,-0.737115,0.066933,-0.043014,349.280165,-0.064408,-0.057999,-2.941033,1.928668,0.211827,-0.247468,0.153301,-0.035487,1.000000
349.372475,-12.495083,-0.059443,-3.211205,7.663115,0.466517,-0.863230,0.172280,-0.050895,349.260861,-0.060084,-0.066067,-2.900569,2.128115,0.270121,-0.340251,0.204416,-0.066573,1.000000
349.358244,-12.910756,0.077397,-3.206285,7.669442,0.415934,-0.978485,0.294036,-0.050488,349.242188,-0.060900,-0.070519,-2.837307,2.269031,0.332876,-0.407223,0.259061,-0.090901,1.000000
349.344446,-12.872920,0.041073,-3.174149,7.730532,0.358675,-1.079814,0.413044,-0.023248,349.224334,-0.077023,-0.034590,-2.709651,2.366913,0.405632,-0.449574,0.306246,-0.092839,1.000000
349.330752,-12.664673,-0.053941,-3.048615,7.900238,0.310338,-1.176890,0.500191,0.044984,349.207182,-0.057690,-0.052154,-2.443277,2.445487,0.488269,-0.487225,0.328898,-0.069629,1.000000
349.322376,-12.567706,-0.065447,-2.786628,8.294815,0.247337,-1.231336,0.532350,0.144077,349.192931,0.002163,-0.181664,-2.074893,2.598055,0.571004,-0.497651,0.313005,-0.024408,1.000000
349.326956,-12.642408,-0.047850,-2.455514,8.954884,0.160805,-1.178068,0.500626,0.253359,349.181074,-0.050255,-0.136033,-1.826208,2.931487,0.637806,-0.421095,0.259232,0.042962,1.000000
349.336137,-12.814994,-0.152050,-2.338373,9.788804,0.113018,-1.003057,0.418283,0.379840,349.155886,-0.247190,0.219504,-1.905608,3.414937,0.664447,-0.235342,0.189023,0.125267,1.000000
349.320056,-13.151917,-0.223978,-2.612022,10.566648,0.153817,-0.777608,0.327290,0.518178,349.095160,-0.353806,0.496743,-2.247524,3.830779,0.632447,-0.005570,0.129737,0.203379,1.000000
349.257545,-13.741477,0.040007,-2.965986,11.077387,0.242422,-0.640573,0.268730,0.606812,349.001804,-0.100042,0.156091,-2.458873,3.925929,0.543257,0.133630,0.096758,0.258423,1.000000
349.165943,-14.371749,0.625368,-2.670137,11.330856,0.283412,-0.751413,0.251708,0.572090,348.919210,0.548801,-0.920170,-1.991516,3.582170,0.401932,0.029985,0.089337,0.277693,1.000000
349.108750,-14.543852,0.990890,-1.128028,11.781819,0.183115,-1.148536,0.263890,0.399623,348.914300,1.357161,-2.390709,-0.530428,3.010201,0.223617,-0.367212,0.101208,0.255302,1.000000
349.180807,-13.634666,0.167211,1.815448,13.236769,-0.092331,-1.664697,0.292672,0.142096,349.047051,1.731738,-3.297433,1.680787,2.841679,0.069408,-0.933152,0.125973,0.198916,1.000000
349.464399,-11.214789,-2.616208,5.590074,16.682906,-0.438658,-1.997624,0.321267,-0.067984,349.334253,0.998722,-2.409801,3.960478,4.011453,0.002783,-1.417030,0.157146,0.125597,1.000000
349.977565,-7.649849,-6.669173,8.880110,23.032841,-0.708306,-1.771392,0.346669,-0.069477,349.729075,-1.096749,0.857539,5.489978,7.520055,0.017267,-1.495687,0.184958,0.049767,1.000000
350.662701,-4.297135,-9.428140,10.033568,32.787550,-0.857129,-0.565006,0.372368,0.224133,350.136426,-4.371575,6.252789,5.418098,14.259537,0.021985,-0.782539,0.197393,-0.016162,1.000000
351.387341,-2.954399,-7.601766,7.636759,45.564550,-0.840052,1.875577,0.386607,0.823008,350.428737,-8.501636,13.440408,3.060720,24.595863,-0.117123,1.003767,0.196199,-0.059344,1.000000
351.956601,-5.268000,1.580861,0.822714,60.099379,-0.515874,5.429315,0.408505,1.712248,350.458253,-12.700458,21.424831,-1.584021,37.940127,-0.487348,3.817446,0.204032,-0.078018,1.000000
352.171333,-12.127725,19.574140,-9.861029,74.468098,0.160387,9.602331,0.525840,2.740723,350.116515,-15.714394,27.976487,-7.629996,52.706724,-0.974229,7.239225,0.242361,-0.081090,1.000000
351.921241,-22.881934,45.157538,-22.083177,86.679512,1.050900,13.682255,0.784269,3.579323,349.396435,-16.495030,30.558290,-13.635849,66.782455,-1.229249,10.641956,0.307979,-0.076375,1.000000
351.239327,-35.254964,73.891854,-32.596862,95.383664,1.942179,16.960517,1.111166,3.896772,348.394333,-14.825063,27.892216,-18.164138,78.189327,-0.847136,13.423409,0.377381,-0.069073,1.000000
350.284568,-46.104592,99.175828,-38.688660,100.340380,2.628115,19.031245,1.385720,3.553467,347.269137,-11.445139,20.558342,-20.407993,85.713558,0.468941,15.241699,0.431949,-0.064120,1.000000
349.265431,-52.299136,114.233711,-38.877117,102.149599,3.003413,19.897983,1.521718,2.654156,346.185927,-7.911360,10.962006,-20.506415,89.113411,2.832563,16.085045,0.476667,-0.062362,1.000000
348.371048,-51.841294,114.655361,-33.392356,101.885994,3.150851,19.803389,1.480979,1.546973,345.247511,-5.819279,2.482880,-19.086847,88.986626,6.029956,16.133024,0.526852,-0.061313,1.000000
347.752159,-44.850962,100.435202,-24.024389,100.720070,3.162293,19.061672,1.298074,0.674195,344.491384,-5.909905,-2.036144,-16.789015,86.461526,9.482696,15.605611,0.576432,-0.060422,1.000000
347.536665,-33.354310,75.454604,-13.247137,99.606407,2.973544,18.010770,1.010981,0.340273,343.945201,-7.971808,-1.291737,-14.181691,82.928240,12.410705,14.746689,0.583516,-0.058897,1.000000
347.806655,-20.232644,45.444757,-3.343421,98.948569,2.527190,16.881901,0.607702,0.659741,343.640157,-11.357938,4.737443,-11.741079,79.630210,14.069341,13.751428,0.519823,-0.059198,1.000000
348.561880,-8.439863,16.549784,3.801541,98.626425,1.928776,15.707748,0.160743,1.610958,343.579054,-15.016459,14.292824,-9.672986,77.209015,14.016412,12.655955,0.421707,-0.072041,1.000000
349.690937,-0.298675,-5.403177,7.338017,98.033100,1.304944,14.388277,-0.069375,2.945511,343.749029,-17.572209,23.476051,-8.032838,75.408995,12.346237,11.363496,0.373125,-0.100969,1.000000
350.969282,3.196505,-16.360007,7.719945,96.371141,0.728700,12.816161,0.133581,4.184061,344.104803,-18.012702,28.208661,-6.848979,73.355711,9.647941,9.803850,0.426689,-0.108285,1.000000
352.100426,2.283380,-14.797490,6.061805,93.066416,0.248951,10.971254,0.725669,4.854055,344.526105,-16.356658,27.176259,-6.190840,70.195576,6.700745,8.040283,0.547177,-0.032698,1.000000
352.768830,-2.135931,-1.484701,3.380752,87.953638,-0.102569,8.974872,1.435231,4.704379,344.830759,-13.695263,22.614910,-6.161153,65.482360,4.158858,6.260973,0.625068,0.138357,1.000000
352.672368,-8.654254,20.785466,0.566839,81.049985,-0.277991,7.024376,1.936476,3.740922,344.829671,-11.683898,18.968007,-6.745827,59.062911,2.388796,4.673571,0.564101,0.312290,1.000000
351.633824,-15.610622,47.393291,-1.745365,72.490236,-0.208184,5.260848,1.994650,2.188043,344.358396,-11.699749,20.828339,-7.508582,51.042497,1.418351,3.379093,0.343078,0.337493,1.000000
349.730441,-21.452394,72.465226,-3.320113,62.505981,0.042294,3.725755,1.580796,0.374548,343.373026,-14.157312,30.925653,-7.898370,41.818240,1.035254,2.333118,0.001530,0.088679,1.000000
347.298482,-24.783700,89.454146,-4.168861,51.467256,0.239943,2.422536,0.784260,-1.437228,342.026328,-18.422139,48.486710,-7.553467,31.979600,0.915660,1.442534,-0.408769,-0.490978,1.000000
344.798272,-24.618136,93.115205,-4.381514,39.893405,0.162842,1.353114,-0.274760,-3.050608,340.611221,-23.282690,69.322106,-6.391224,22.167158,0.708578,0.644813,-0.795276,-1.396935,1.000000
342.658427,-21.031258,82.328836,-4.239009,28.417329,-0.251603,0.511955,-1.361540,-4.269530,339.439174,-27.402959,87.059125,-4.595864,12.873270,0.127277,-0.111399,-0.993843,-2.550333,1.000000
341.137156,-15.292291,61.456007,-3.991556,17.648117,-0.948991,-0.112475,-2.062237,-4.986484,338.779053,-29.592516,95.145130,-2.627118,4.207787,-0.954859,-0.872873,-0.821228,-3.779411,1.000000
340.269173,-9.329586,38.609946,-3.663793,8.136811,-1.799165,-0.541082,-2.066622,-5.242244,338.760887,-29.233410,89.800481,-0.949476,-3.891938,-2.456516,-1.646565,-0.201161,-4.779197,1.000000
339.931468,-5.145151,22.547588,-3.274170,0.307277,-2.614675,-0.821919,-1.429284,-5.099678,339.309711,-26.595511,72.305183,0.030616,-11.223380,-4.102996,-2.413202,0.751220,-5.197011,1.000000
339.932863,-4.337214,19.938383,-2.969451,-5.668217,-3.195953,-1.064552,-0.529694,-4.590929,340.200765,-22.658246,48.165702,0.092288,-17.370688,-5.591159,-3.191199,1.763792,-4.870120,1.000000
340.048288,-7.540132,33.533215,-2.799215,-9.936269,-3.401780,-1.435729,0.212174,-3.777681,341.170380,-18.559639,24.149488,-0.603294,-22.068818,-6.726726,-4.059964,2.567507,-3.998213,1.000000
340.099141,-14.188796,61.229468,-2.660426,-12.865280,-3.203914,-2.110263,0.557102,-2.780766,341.975425,-15.063714,5.434916,-1.512656,-25.264530,-7.404288,-5.130827,3.021755,-3.014560,1.000000
340.027252,-22.736217,96.671432,-2.511953,-14.949721,-2.733137,-3.204273,0.535483,-1.748177,342.478571,-12.321464,-5.550701,-2.230419,-26.984751,-7.551435,-6.490137,3.109936,-2.345522,1.000000
339.871701,-31.165993,131.390593,-2.415712,-16.631101,-2.225790,-4.732276,0.306961,-0.852260,342.686622,-10.047273,-9.104515,-2.599422,-27.364314,-7.178681,-8.146511,2.860399,-2.270818,1.000000
339.697623,-37.776480,158.225386,-2.423386,-18.160410,-1.889669,-6.587910,0.004772,-0.220426,342.689897,-7.906548,-7.390981,-2.603275,-26.641655,-6.409226,-10.014339,2.340315,-2.913687,1.000000
339.553661,-41.927092,174.393805,-2.554933,-19.613277,-1.797223,-8.576069,-0.287918,0.123677,342.587655,-5.753994,-3.480850,-2.337956,-25.148871,-5.451155,-11.950977,1.690429,-4.262653,1.000000
339.446939,-44.068249,181.962717,-2.773548,-20.881827,-1.891227,-10.459341,-0.454282,0.226518,342.479431,-3.622869,-0.158900,-1.963653,-23.290671,-4.536497,-13.786532,1.121653,-6.205675,1.000000
339.357776,-45.076758,185.067227,-2.962394,-21.666004,-2.032153,-12.025951,-0.412475,0.161077,342.428078,-1.694834,1.156152,-1.558315,-21.349234,-3.799206,-15.363042,0.832913,-8.461194,1.000000
339.277288,-45.535994,186.332701,-3.049193,-21.739853,-2.057576,-13.150625,-0.216955,0.053063,342.432903,-0.229911,0.817090,-1.228719,-19.305151,-3.175437,-16.584141,0.902660,-10.582628,0.999999
339.215794,-45.534313,185.637680,-3.035683,-21.124716,-1.842948,-13.848898,-0.029280,0.012605,342.458474,0.586736,0.038822,-1.047814,-17.051075,-2.537563,-17.457054,1.247865,-12.201432,1.000006
339.174973,-44.827299,181.167685,-2.898495,-19.971702,-1.350023,-14.246746,0.037687,0.069571,342.473939,0.759075,-0.266777,-0.928150,-14.673124,-1.852303,-18.057644,1.703827,-13.204464,0.999986
339.147288,-43.008785,170.503061,-2.546661,-18.401503,-0.622984,-14.482646,-0.010758,0.168716,342.458771,0.517105,-0.159519,-0.663541,-12.457016,-1.167495,-18.443022,2.116954,-13.594613,1.000013
339.131822,-39.726459,151.775442,-1.906602,-16.421912,0.233219,-14.598648,-0.078021,0.193884,342.417631,0.182328,-0.036927,-0.149844,-10.545243,-0.525623,-18.582866,2.370221,-13.347439,1.000025
339.134963,-35.062382,125.574301,-0.957358,-13.874666,1.094501,-14.531448,-0.077565,0.003773,342.382109,-0.055830,-0.011880,0.600753,-8.731649,0.060560,-18.376532,2.374435,-12.409033,0.999864
339.163853,-29.723291,95.920349,0.257645,-10.597494,1.873660,-14.157136,-0.004870,-0.461300,342.388259,-0.165436,-0.058838,1.504281,-6.628668,0.605910,-17.684358,2.098446,-10.741446,0.999942
339.224207,-24.879975,69.361937,1.606530,-6.611047,2.544635,-13.330006,0.082748,-1.156965,342.453574,-0.177999,-0.200004,2.429410,-3.957115,1.120622,-16.383776,1.604774,-8.440394,1.000662
339.319066,-21.844899,53.107450,2.879341,-2.073883,3.114953,-11.894581,0.152826,-1.945568,342.573023,-0.157579,-0.143053,3.244090,-0.623949,1.605516,-14.446266,1.043953,-5.838988,1.000740
339.448919,-21.604226,52.325999,3.874533,2.762572,3.607665,-9.795667,0.219770,-2.616721,342.729371,-0.104373,0.257639,3.899011,3.242199,2.089741,-12.023315,0.590898,-3.352049,0.998604
339.605207,-24.341126,67.792345,4.477224,7.422253,4.050142,-7.209991,0.298152,-2.948296,342.912087,0.096551,0.576816,4.417218,7.300579,2.648597,-9.453154,0.349390,-1.260447,0.995366
339.768787,-29.348444,95.607696,4.733199,11.352766,4.464950,-4.598130,0.365233,-2.871504,343.130041,0.506116,0.186757,4.898236,11.121403,3.320086,-7.211119,0.295755,0.222380,0.995158
339.918572,-35.360227,128.928095,4.832574,14.278675,4.864645,-2.578329,0.361813,-2.514114,343.401610,0.934354,-1.041003,5.461644,14.394308,4.048464,-5.752320,0.316690,0.911549,1.002348
340.042397,-40.858603,159.629049,5.009507,16.340999,5.247518,-1.687505,0.225102,-2.126850,343.737653,1.003114,-2.723805,6.172716,17.043689,4.717649,-5.313682,0.289137,0.782738,1.018456
340.145999,-44.407585,180.227315,5.424255,18.083762,5.593506,-2.150943,-0.062403,-2.013635,344.112530,0.268840,-3.752978,6.973005,19.420206,5.215823,-5.840668,0.142412,-0.041871,1.038368
340.256977,-45.142570,186.275494,6.114184,20.321585,5.878617,-3.840019,-0.438281,-2.429905,344.454912,-1.585555,-2.742680,7.673565,22.274076,5.456323,-7.058810,-0.102777,-1.368804,1.049889
340.413436,-42.972668,177.524284,6.981498,23.745813,6.094925,-6.339003,-0.769832,-3.374212,344.670157,-4.474647,0.973605,8.011055,26.314510,5.388602,-8.515189,-0.325224,-2.853599,1.038075
340.647266,-38.331034,156.872213,7.806339,28.613851,6.253419,-9.013170,-0.881312,-4.600654,344.659189,-7.891264,7.172412,7.751933,31.782697,4.986109,-9.687441,-0.357143,-4.102311,0.989063
340.977489,-32.105947,129.515629,8.281851,34.704711,6.375217,-11.087430,-0.620660,-5.757343,344.320291,-11.149351,15.404139,6.764128,38.392616,4.264477,-10.159582,-0.059409,-4.877111,0.891910
341.406560,-25.619636,102.280583,8.148901,41.302223,6.489160,-11.889495,0.074863,-6.464778,343.608608,-13.489955,24.384605,5.096173,45.327848,3.302313,-9.737054,0.622813,-5.084632,0.745402
341.911755,-20.296860,82.515888,7.344061,47.297503,6.620852,-11.114831,1.130411,-6.433955,342.592650,-14.298800,31.737233,2.995341,51.472990,2.231833,-8.459827,1.614343,-4.697737,0.563469
342.442779,-17.189305,75.868018,6.042120,51.613603,6.763914,-8.931926,2.325202,-5.653308,341.443100,-13.454119,34.945057,0.841539,55.844142,1.194464,-6.574433,2.701287,-3.845749,0.371919
342.952237,-16.723899,84.491432,4.566654,53.587778,6.861591,-5.877726,3.331488,-4.348693,340.368435,-11.436226,32.599442,-0.986024,57.913326,0.333524,-4.419972,3.598497,-2.780492,0.199408
343.360500,-18.546523,105.959664,3.247681,53.097325,6.817084,-2.614779,3.850181,-2.803061,339.554081,-9.076241,24.716611,-2.231209,57.593056,-0.229414,-2.288655,4.055885,-1.718588,0.068664
343.694707,-21.591787,133.698181,2.292359,50.633311,6.534691,0.326644,3.744772,-1.310596,339.088575,-7.289665,13.034646,-2.822080,55.293628,-0.426199,-0.393117,3.958663,-0.789981,-0.011392
343.915090,-24.561325,159.395378,1.785074,46.986007,5.984231,2.621745,3.090095,-0.167041,338.952380,-6.708794,0.619073,-2.823558,51.866487,-0.267362,1.103915,3.372394,-0.082664,-0.046129
343.963375,-26.474316,176.448453,1.752616,42.892958,5.235390,4.116188,2.117237,0.508431,339.067803,-7.421144,-8.943574,-2.363519,48.071869,0.173927,2.139357,2.506565,0.384015,-0.048266
344.080030,-26.662041,180.548116,2.154005,39.039515,4.411032,4.861070,1.119475,0.797506,339.330800,-9.152691,-11.948087,-1.582386,44.140446,0.734127,2.799309,1.611289,0.634276,-0.032132
344.416811,-24.672953,169.117373,2.828630,35.785164,3.617557,5.152353,0.337696,0.841375,339.614205,-11.653390,-4.626057,-0.611490,40.087238,1.188356,3.286949,0.885973,0.729485,-0.012225
344.349316,-20.554879,142.568212,3.542772,32.821279,2.906307,5.414022,-0.104954,0.818561,339.837297,-14.687967,15.176842,0.413572,35.824259,1.330070,3.856079,0.425022,0.754871,0.001222
343.606566,-15.119486,106.144276,4.084059,29.529627,2.260696,6.013480,-0.206439,0.918068,339.991451,-17.980808,45.974026,1.334762,31.061416,1.033591,4.730324,0.215459,0.779489,0.005556
343.076500,-9.554185,67.848554,4.310183,25.198548,1.614931,7.148863,-0.050940,1.228580,340.085141,-21.138264,82.015977,1.983252,25.532372,0.279129,6.048873,0.178570,0.845630,0.003763
343.940187,-4.837547,34.985458,4.177073,19.157456,0.896728,8.787771,0.230010,1.754214,340.094796,-23.629136,115.195327,2.218795,19.316417,-0.788749,7.813460,0.221055,1.016285,0.000453
346.372052,-1.468755,11.946494,3.728146,11.380185,0.065667,10.715880,0.519999,2.471962,339.978045,-24.852301,137.602677,1.981414,12.569918,-1.919100,9.859106,0.264018,1.394226,-0.000974
349.564933,0.553202,-0.582980,3.069784,2.764008,-0.860628,12.644059,0.769857,3.261655,339.691641,-24.512644,144.155576,1.403480,5.421851,-2.843616,11.864570,0.288800,2.175471,-0.000447
351.292817,1.367039,-4.265412,2.386761,-5.932622,-1.750977,14.223940,0.985518,3.863962,339.262497,-22.721139,134.293776,0.848630,-1.875657,-3.361600,13.397940,0.327697,3.501669,0.000180
348.938541,0.601849,0.147401,1.925059,-14.567641,-2.357753,15.049428,1.166497,4.035897,338.840128,-19.963303,112.300101,0.786923,-9.263163,-3.402235,14.019076,0.398281,5.190665,0.000093
341.480533,-2.276857,11.966606,1.849971,-23.139183,-2.437335,14.847004,1.281375,3.700234,338.648385,-17.062677,85.598583,1.582657,-17.033074,-3.071917,13.484563,0.469412,6.817029,-0.000048
329.470203,-6.959897,27.675678,2.127936,-31.905219,-1.877483,13.635117,1.299291,2.939733,338.901775,-15.139401,62.479887,3.359848,-24.881906,-2.559172,11.867070,0.495250,8.066017,0.000000
313.710368,-12.362112,42.244634,2.514194,-41.366965,-0.736058,11.707195,1.212358,1.959158,339.788752,-15.014572,48.955090,5.888887,-31.859046,-2.032641,9.515878,0.434984,8.768907,0.000014
297.283436,-17.517193,53.074928,2.661766,-51.139883,0.748525,9.500660,1.048715,1.010293,341.389808,-16.701092,46.152658,8.626046,-37.150711,-1.600055,6.933090,0.292803,8.797240,-0.000008
285.521952,-21.732759,59.904544,2.267566,-60.262838,2.247649,7.446211,0.874433,0.271321,343.576552,-19.049718,49.414981,10.889794,-40.151064,-1.306017,4.636411,0.138288,8.120799,0.000003
282.827595,-24.486202,63.236975,1.163353,-67.680635,3.456730,5.796717,0.761560,-0.195184,346.021857,-20.277306,51.633523,12.072109,-40.358745,-1.103981,2.977458,0.062900,6.795471,-0.000001
290.282402,-25.669885,63.884073,-0.686175,-71.717649,4.162418,4.605552,0.748921,-0.406264,348.315210,-18.976477,47.567159,11.800048,-38.058445,-0.920236,2.054890,0.112361,4.913990,0.000000
305.929459,-25.528181,62.280867,-3.147662,-70.482061,4.270862,3.787578,0.854197,-0.433340,350.082741,-15.197205,36.650602,10.114833,-34.305733,-0.694254,1.745052,0.295724,2.770330,-0.000000
324.784505,-24.625383,58.801407,-5.910264,-63.751676,3.861097,3.165131,1.059208,-0.397657,351.123041,-10.439379,22.746486,7.446426,-30.261246,-0.407108,1.767444,0.581658,0.791231,-0.000000
341.398690,-24.257317,55.976059,-8.556742,-53.208647,3.164405,2.521887,1.275944,-0.409676,351.454530,-6.938978,12.103932,4.417639,-27.007380,-0.109344,1.780737,0.883895,-0.815478,0.000000
352.964384,-25.647652,56.515882,-10.655664,-41.398841,2.466781,1.743653,1.387588,-0.479414,351.234727,-6.645874,9.954227,1.617589,-25.468998,0.098765,1.547282,1.098799,-2.034638,-0.000000
359.131773,-28.435760,59.229256,-11.844547,-30.924890,1.988529,0.853033,1.340103,-0.540867,350.665173,-10.687030,18.743986,-0.521881,-25.450070,0.178378,1.010916,1.174708,-2.777607,0.000000
359.852187,-30.902558,59.944181,-11.955761,-23.641496,1.839882,-0.019026,1.149601,-0.547698,349.971954,-18.756029,37.031776,-1.829779,-25.848555,0.184497,0.281530,1.107940,-2.957477,0.000000
356.608133,-31.438935,55.821671,-11.033857,-19.560922,1.978538,-0.693824,0.878565,-0.508593,349.345194,-29.019296,59.667788,-2.352957,-25.784882,0.218843,-0.437067,0.936266,-2.656565,0.000000
352.298819,-29.220592,46.570113,-9.270013,-17.787638,2.286372,-1.051142,0.611905,-0.481314,348.875536,-38.392771,78.671397,-2.266626,-24.847858,0.355929,-0.970055,0.723804,-2.075367,0.000000
349.199478,-24.393233,33.796407,-7.003772,-17.439847,2.659179,-1.118709,0.400876,-0.550441,348.561228,-43.825409,86.885817,-1.823009,-22.834076,0.617109,-1.260337,0.518684,-1.488176,0.000000
348.004782,-18.018680,20.298084,-4.700639,-17.400064,3.038023,-1.000094,0.232972,-0.763174,348.355079,-43.656150,81.393230,-1.314203,-19.986007,0.978754,-1.334220,0.316286,-1.166432,0.000000
348.375310,-11.360173,8.435296,-2.786364,-16.521985,3.382438,-0.804648,0.089383,-1.084204,348.199536,-38.415208,64.644582,-0.950999,-16.796630,1.395315,-1.254622,0.091274,-1.185857,0.000000
349.015712,-5.386297,-0.659858,-1.533432,-14.535122,3.663664,-0.621474,-0.030494,-1.431768,348.070703,-30.283351,42.420394,-0.833661,-13.695468,1.789906,-1.096814,-0.167749,-1.417112,0.000000
349.017393,-1.061868,-5.766552,-1.037063,-11.851890,3.847807,-0.498329,-0.138308,-1.722063,347.978070,-21.919794,21.064146,-0.964517,-10.977658,2.067380,-0.912561,-0.445350,-1.724187,0.000000
348.670021,0.999217,-6.190816,-1.176204,-9.115462,3.927848,-0.424944,-0.250010,-1.873059,347.924634,-15.238540,4.745817,-1.262688,-8.832921,2.169746,-0.725006,-0.705745,-2.004374,0.000000
348.594222,1.228513,-3.563352,-1.670938,-6.775799,3.904052,-0.381438,-0.356302,-1.843566,347.890266,-11.171036,-4.864816,-1.596067,-7.045133,2.124030,-0.557562,-0.900912,-2.138217,0.000000
348.627063,0.681206,-0.698992,-2.238671,-4.882902,3.782390,-0.336217,-0.434204,-1.671551,347.860304,-9.747300,-8.106621,-1.852600,-5.256398,2.027024,-0.414599,-1.001467,-2.046117,0.000000
348.546055,0.151310,0.786736,-2.655438,-3.060178,3.562866,-0.231197,-0.460710,-1.428536,347.832066,-10.336658,-6.608340,-1.941673,-3.444017,1.981693,-0.270251,-1.004182,-1.744312,0.000000
348.443463,-0.038725,0.818734,-2.756481,-1.122937,3.258721,-0.024006,-0.420921,-1.163558,347.805357,-11.803305,-3.087770,-1.792839,-1.845131,2.009920,-0.111588,-0.917853,-1.300731,0.000000
348.377504,0.020350,0.159585,-2.494363,0.692445,2.900303,0.267395,-0.331862,-0.903559,347.782148,-13.064265,-0.128005,-1.393516,-0.585591,2.040068,0.049132,-0.757055,-0.804229,0.000000
348.307725,0.046517,-0.264913,-1.944528,2.079129,2.538735,0.593829,-0.235712,-0.657676,347.766378,-13.572510,1.017170,-0.818569,0.311754,1.987592,0.195810,-0.552841,-0.355585,0.000000
348.268691,-0.043488,-0.179627,-1.240186,2.923012,2.218730,0.876426,-0.158011,-0.424771,347.757329,-13.459736,0.719375,-0.196542,0.930464,1.809313,0.301528,-0.349944,-0.045570,0.000000
348.247079,-0.102014,-0.021232,-0.539541,3.216323,1.956762,1.010902,-0.097795,-0.218169,347.752645,-13.169407,0.024393,0.326639,1.410829,1.494887,0.328333,-0.192328,0.070573,0.000000
348.240202,-0.084982,-0.041543,-0.000672,3.085634,1.728430,0.916943,-0.050799,-0.071435,347.750676,-13.049322,-0.245364,0.634600,1.914364,1.074142,0.249744,-0.109539,-0.025885,0.000000
348.241516,-0.065889,-0.074789,0.284246,2.715888,1.518211,0.588983,-0.017923,-0.008796,347.750370,-13.072554,-0.144954,0.680184,2.525515,0.625599,0.055869,-0.114188,-0.316369,0.000000
348.245180,-0.052859,-0.061497,0.299822,2.371250,1.324145,0.090362,-0.001654,-0.036667,347.750105,-13.089091,-0.040674,0.483865,3.242497,0.255290,-0.235706,-0.200347,-0.750970,0.000000
348.246846,-0.042473,-0.060045,0.080785,2.313134,1.149638,-0.454290,-0.004449,-0.156515,347.748206,-13.064165,-0.026288,0.107762,4.001025,0.062586,-0.553624,-0.349256,-1.246563,0.000000
348.244469,-0.073905,-0.064107,-0.294338,2.691709,0.994781,-0.877875,-0.026698,-0.354093,347.743391,-13.025415,-0.039310,-0.346276,4.703095,0.092467,-0.782593,-0.531593,-1.683933,0.000000
348.238171,-0.133955,-0.061947,-0.716983,3.519791,0.849255,-1.030005,-0.063362,-0.573716,347.735315,-12.943491,-0.155943,-0.746846,5.240872,0.296459,-0.820498,-0.695990,-1.932309,0.000000
348.229149,-0.154311,-0.062607,-1.097858,4.696938,0.692131,-0.853942,-0.105505,-0.740609,347.725103,-12.879641,-0.227205,-0.980958,5.563906,0.561980,-0.626937,-0.779531,-1.909967,0.000000
348.218768,-0.065601,-0.062613,-1.387800,6.020322,0.520061,-0.405674,-0.142831,-0.805145,347.714998,-12.958089,0.058203,-1.018012,5.691492,0.784979,-0.241906,-0.748039,-1.634397,0.000000
348.207404,0.173623,-0.061925,-1.581782,7.261303,0.349004,0.174276,-0.165848,-0.764776,347.706538,-13.150771,0.634611,-0.922976,5.720637,0.908903,0.229049,-0.619906,-1.217180,0.000000
348.193910,0.506305,-0.064172,-1.720692,8.228983,0.198863,0.713346,-0.167752,-0.655616,347.699434,-13.195859,0.859857,-0.809427,5.774737,0.919860,0.657493,-0.444452,-0.797389,0.000000
348.176232,0.743810,-0.059947,-1.872618,8.842944,0.077752,1.069479,-0.147321,-0.535533,347.691746,-12.782180,-0.023460,-0.781548,5.953404,0.837327,0.942079,-0.272820,-0.480601,0.000000
348.153265,0.652107,-0.061447,-2.069972,9.138922,-0.009125,1.190217,-0.114671,-0.448655,347.681556,-11.743966,-2.416319,-0.904254,6.284433,0.705935,1.040106,-0.139524,-0.313187,0.000000
348.125865,0.007898,-0.075323,-2.285142,9.226801,-0.060233,1.115840,-0.091879,-0.398350,347.668343,-10.320545,-5.727242,-1.179691,6.724747,0.579550,0.974891,-0.055112,-0.280113,0.000000
348.096799,-1.412039,-0.040555,-2.460628,9.216065,-0.081593,0.927417,-0.107824,-0.366312,347.653483,-9.240860,-8.163122,-1.541944,7.198299,0.493927,0.808583,-0.018871,-0.324749,0.000000
348.070373,-3.648492,-0.020084,-2.556108,9.164815,-0.082974,0.692958,-0.193357,-0.344420,347.640164,-9.506899,-7.272533,-1.871844,7.630621,0.443302,0.603684,-0.037108,-0.382363,0.000000
348.049995,-6.451399,-0.182714,-2.562336,9.090230,-0.074137,0.453725,-0.372602,-0.325933,347.631415,-12.086246,-0.686217,-2.051841,7.973446,0.392684,0.401023,-0.102379,-0.396294,0.000000
348.034306,-9.507467,-0.276042,-2.517089,9.042029,-0.065547,0.232282,-0.639855,-0.300889,347.626518,-17.690715,13.391029,-2.052032,8.241360,0.313634,0.229042,-0.183395,-0.335308,0.000000
348.018078,-12.506336,0.167517,-2.475156,9.112176,-0.062953,0.048908,-0.949941,-0.266983,347.620991,-26.414586,35.263556,-1.973244,8.479519,0.203661,0.117182,-0.253973,-0.214700,0.000000
347.996813,-14.915097,0.868748,-2.465984,9.391214,-0.067270,-0.065529,-1.234823,-0.230406,347.609288,-37.540712,63.187899,-1.968146,8.705616,0.082034,0.099474,-0.310378,-0.083939,0.000000
347.969039,-16.140828,0.799205,-2.499033,9.942530,-0.075653,-0.080588,-1.428324,-0.208677,347.586676,-49.746029,93.856401,-2.145925,8.904048,-0.019015,0.200786,-0.348663,0.014557,0.000000
347.935383,-15.980671,-0.765840,-2.615257,10.827249,-0.082673,0.010540,-1.481651,-0.230024,347.549426,-61.482728,123.389649,-2.562900,9.067356,-0.058643,0.423288,-0.365773,0.053569,0.000000
347.897402,-14.758164,-3.590503,-2.856810,12.094433,-0.081371,0.193217,-1.381237,-0.302544,347.494718,-71.331103,148.252823,-3.265802,9.201188,0.011405,0.737291,-0.370949,0.020650,0.000000
347.853352,-13.281449,-6.223397,-3.249980,13.799153,-0.065626,0.446678,-1.148918,-0.382962,347.417656,-78.275551,165.997713,-4.290678,9.376335,0.233513,1.083874,-0.377895,-0.067035,0.000000
347.794697,-12.707131,-6.232421,-3.819486,16.025327,-0.030710,0.743379,-0.826551,-0.406635,347.308581,-81.725591,175.347074,-5.623656,9.792699,0.618199,1.383427,-0.404431,-0.183459,0.000000
347.708686,-13.891682,-1.677919,-4.574323,18.872081,0.024134,1.052540,-0.463943,-0.321025,347.154649,-81.384271,175.787503,-7.152223,10.762286,1.118962,1.573320,-0.475907,-0.330091,0.000000
347.582453,-16.948352,7.892922,-5.451310,22.443805,0.091938,1.363495,-0.112130,-0.088066,346.943187,-77.142749,167.244562,-8.700047,12.646257,1.641622,1.642640,-0.580027,-0.487651,0.000000
347.404473,-21.508544,22.007745,-6.329900,26.890004,0.157360,1.701432,0.198252,0.301711,346.664068,-69.059616,150.045035,-10.140370,15.802817,2.080650,1.636239,-0.655881,-0.587936,0.000000
347.173016,-26.705887,38.904017,-7.000713,32.295279,0.204836,2.116098,0.456017,0.795206,346.317550,-57.590232,125.363576,-11.410603,20.403570,2.347318,1.644500,-0.646105,-0.570441,0.000000
346.906548,-30.913286,54.537129,-7.153384,38.516140,0.222953,2.661975,0.644936,1.277528,345.922597,-43.864018,95.696855,-12.397275,26.272636,2.386137,1.800852,-0.528767,-0.390999,0.000000
346.642891,-32.337677,63.887775,-6.531036,45.148855,0.203080,3.378647,0.740368,1.607566,345.516836,-29.575825,64.627575,-12.937289,32.913010,2.192360,2.230703,-0.305839,0.030580,0.000000
346.425637,-30.014392,63.731561,-5.164902,51.638112,0.147852,4.275634,0.732364,1.694011,345.144069,-16.539994,36.046741,-12.958127,39.638240,1.818090,2.994365,-0.015801,0.759141,0.000000
346.288380,-24.269782,54.324934,-3.358259,57.402961,0.083498,5.328382,0.629483,1.543344,344.837481,-6.333968,13.625644,-12.546906,45.718997,1.379441,4.075397,0.265612,1.779242,0.000000
346.243146,-16.584026,39.192431,-1.525313,62.018701,0.038056,6.489368,0.466397,1.254206,344.609005,0.209099,-0.455436,-11.905560,50.599763,1.050891,5.388642,0.466220,3.022940,0.000000
346.280659,-8.879019,22.999608,-0.045749,65.330898,0.008986,7.705810,0.298239,0.958634,344.451289,3.329788,-6.621326,-11.254628,54.075049,1.005803,6.789182,0.548316,4.370479,0.000000
346.379456,-2.503145,8.801926,0.814773,67.420340,-0.035397,8.928501,0.156228,0.770388,344.345013,3.981794,-7.334187,-10.759004,56.230033,1.324231,8.142345,0.513938,5.598854,0.000000
346.515165,1.998669,-2.384474,0.965212,68.515987,-0.124485,10.103317,0.035183,0.764179,344.266365,3.261897,-5.703596,-10.515206,57.348556,1.950428,9.368143,0.420204,6.479964,0.000000
346.661330,4.305451,-9.855320,0.433347,68.959496,-0.256429,11.168877,-0.050669,0.971341,344.188090,2.270065,-4.898517,-10.601971,57.882654,2.722479,10.410311,0.361236,6.881308,0.000000
346.787638,4.139124,-12.562015,-0.650394,69.070984,-0.373777,12.072866,-0.058364,1.359633,344.079087,1.583586,-6.459165,-11.040714,58.210285,3.431714,11.235173,0.417807,6.741934,0.000000
346.871224,1.561934,-9.935492,-2.039060,69.011885,-0.375601,12.786787,0.032204,1.827921,343.911099,0.756080,-8.870182,-11.710447,58.372292,3.906351,11.879266,0.629847,6.090070,0.000000
346.905301,-2.935388,-2.427488,-3.432262,68.765406,-0.167852,13.311863,0.210887,2.255188,343.671426,-1.343989,-8.353930,-12.362335,58.259580,4.080249,12.398910,1.014413,5.101295,0.000000
346.887851,-8.617799,8.965980,-4.672909,68.196966,0.304889,13.672733,0.465506,2.590073,343.355866,-5.777187,-0.792108,-12.799581,57.842392,3.997631,12.793161,1.558349,3.993481,0.000000
346.810648,-14.776813,23.579991,-5.718023,67.146493,1.058449,13.873848,0.787587,2.849070,342.952671,-13.140253,17.126620,-12.903567,57.177885,3.796773,13.005225,2.198238,2.946702,0.000000
346.657747,-20.632537,40.270648,-6.398784,65.576050,2.022473,13.859366,1.189369,3.058933,342.451961,-22.973214,45.521429,-12.489531,56.348360,3.659690,12.940475,2.868837,2.130657,0.000000
346.406719,-24.967521,55.722556,-6.315261,63.636771,3.008738,13.545275,1.704524,3.234384,341.875072,-33.604585,79.984685,-11.237272,55.466155,3.686740,12.482871,3.577227,1.661823,-0.000000
346.060855,-26.424692,65.311570,-5.133065,61.585531,3.778205,12.885199,2.310815,3.353381,341.280866,-42.853566,113.249741,-8.968033,54.456571,3.843251,11.590890,4.348307,1.506688,0.000000
345.700436,-24.380929,65.803303,-2.788275,59.642141,4.145066,11.889646,2.909011,3.366026,340.755132,-48.744301,137.739966,-5.814851,53.052626,4.020231,10.351472,5.130309,1.567543,-0.000000
345.477801,-19.393610,56.851662,0.473113,57.925186,4.027342,10.621137,3.415215,3.271344,340.391147,-49.651807,146.882608,-2.158275,51.061999,4.090308,8.911742,5.783161,1.773904,0.000000
345.554403,-12.975802,41.011892,4.163547,56.465736,3.474097,9.191411,3.805632,3.128878,340.265902,-45.007579,137.878501,1.541556,48.414287,3.951547,7.418375,6.138393,2.059837,-0.000000
346.045631,-7.018822,22.670335,7.693544,55.240488,2.640927,7.741990,4.055394,2.968664,340.426455,-35.872829,113.440149,4.799290,45.005218,3.613277,6.024547,6.040305,2.371647,0.000001
346.955608,-2.958354,5.655482,10.563760,54.153358,1.714867,6.424478,4.114932,2.762624,340.892239,-24.480808,80.192767,7.160079,41.057487,3.217223,4.859337,5.409187,2.695991,-0.000004
348.132399,-1.337386,-7.766063,12.215738,52.976639,0.871633,5.388829,3.925708,2.482483,341.631621,-13.317452,45.825940,8.037457,37.180431,2.951554,3.992357,4.217724,2.994937,0.000005
349.318496,-2.158344,-15.438709,12.072480,51.357095,0.283045,4.710914,3.441858,2.098869,342.534188,-4.595217,17.445512,6.858948,33.906975,2.965475,3.429997,2.451316,3.213522,0.000007
350.210141,-5.131970,-15.091125,9.966488,48.914129,0.049413,4.321775,2.672058,1.565696,343.428479,0.402558,-0.843555,3.571939,31.311998,3.292349,3.093061,0.223207,3.329444,-0.000032
350.478967,-9.617455,-5.524957,6.391725,45.344419,0.124756,4.039679,1.719274,0.883493,344.138809,1.566528,-9.054609,-1.092144,29.044808,3.777439,2.797801,-2.070514,3.322698,0.000038
349.884364,-14.999392,13.770631,2.088259,40.449758,0.351130,3.658143,0.704734,0.095672,344.526374,-0.393346,-9.837055,-6.117033,26.325071,4.172464,2.324221,-3.919653,3.137655,0.000159
348.429332,-20.952311,42.453337,-2.175385,34.124514,0.539597,2.991749,-0.307961,-0.751471,344.522418,-4.355461,-6.527579,-10.530993,22.309134,4.304181,1.501073,-4.932948,2.736767,-0.000216
346.377541,-27.110846,77.604322,-5.616841,26.427482,0.506244,1.924929,-1.263775,-1.558508,344.149941,-8.877883,-2.505720,-13.457034,16.683246,4.097320,0.241105,-4.922457,2.143833,-0.000831
344.172777,-32.845827,113.558250,-7.581231,17.759666,0.137684,0.461514,-2.037977,-2.165542,343.521270,-12.671720,0.085198,-14.215334,9.817251,3.549833,-1.441994,-3.884847,1.448236,-0.000094
342.332507,-37.392158,143.571704,-7.734039,8.911211,-0.558531,-1.266617,-2.493738,-2.452642,342.812234,-15.015648,0.930330,-12.598057,2.402113,2.741969,-3.406339,-2.017918,0.787757,0.002678
341.281108,-39.913252,161.047711,-6.078399,0.830966,-1.461991,-3.030311,-2.558063,-2.383190,342.226835,-15.720933,0.692789,-8.961719,-4.584534,1.804997,-5.396328,0.322566,0.275806,0.005133
341.239810,-39.724829,161.276615,-3.205788,-5.724372,-2.363859,-4.541789,-2.251216,-1.986669,341.932738,-14.874649,0.083673,-4.377786,-10.105763,0.878874,-7.096068,2.610105,-0.061553,0.002883
342.271856,-36.798061,143.978732,-0.184801,-10.389541,-3.000694,-5.560698,-1.686162,-1.377793,341.998773,-12.787218,-0.248586,-0.283558,-13.595825,0.107216,-8.222073,4.238420,-0.240367,-0.007694
344.272267,-31.850947,113.530181,2.049940,-13.198108,-3.179715,-5.998442,-1.034589,-0.737807,342.379254,-9.871119,-0.168475,2.306938,-15.159625,-0.412756,-8.635500,4.798567,-0.276743,-0.025858
346.900873,-25.973812,76.875126,3.161153,-14.457860,-2.882667,-5.929423,-0.423853,-0.212385,342.953046,-6.624011,-0.026816,3.288590,-15.319695,-0.689250,-8.409905,4.334853,-0.212366,-0.043725
349.672415,-20.379805,41.758162,3.235696,-14.621101,-2.242992,-5.529651,0.086796,0.117936,343.574297,-3.613758,-0.041128,3.121240,-14.805144,-0.789364,-7.783494,3.211983,-0.115150,-0.047854
352.144796,-16.118706,14.614972,2.621460,-14.195945,-1.464638,-5.016220,0.444215,0.203230,344.116602,-1.337039,-0.072357,2.443109,-14.236933,-0.757272,-7.036099,1.875297,-0.044874,-0.023633
354.011845,-13.644090,-1.840776,1.802605,-13.640299,-0.770151,-4.572463,0.594029,0.043366,344.502954,0.036555,-0.063333,1.823877,-13.847020,-0.643616,-6.380119,0.678101,-0.027354,0.042184
355.166260,-12.747861,-8.753891,1.204459,-13.180156,-0.322607,-4.297041,0.544073,-0.311882,344.719760,0.640737,-0.059196,1.615074,-13.548401,-0.535356,-5.928428,-0.167793,-0.047449,0.157519
355.706484,-12.902873,-9.124728,1.042999,-12.742792,-0.172666,-4.196061,0.346777,-0.798959,344.803618,0.721227,-0.064516,1.864918,-13.214732,-0.533026,-5.704686,-0.587625,-0.071878,0.318102
355.812344,-13.565094,-6.149050,1.330052,-12.103845,-0.271443,-4.208542,0.063547,-1.330040,344.810594,0.497158,-0.061293,2.384856,-12.687579,-0.698889,-5.665213,-0.600825,-0.083711,0.505239
355.633340,-14.284049,-2.554282,1.788427,-11.090788,-0.509477,-4.242973,-0.248255,-1.803050,344.788561,0.178928,-0.064261,2.750224,-11.758397,-1.009232,-5.723859,-0.358142,-0.078828,0.691585
355.333404,-14.786510,-0.050931,1.987062,-9.653106,-0.757059,-4.226583,-0.560385,-2.170918,344.766437,-0.064221,-0.060415,2.517421,-10.341221,-1.353240,-5.787163,-0.086212,-0.045620,0.850017
355.088946,-15.020357,0.923776,1.656513,-7.840379,-0.924374,-4.134567,-0.869403,-2.428390,344.755528,-0.154456,-0.059487,1.551214,-8.488713,-1.608327,-5.794620,0.051711,0.013040,0.962585
355.011997,-15.065571,0.747829,0.842103,-5.755431,-0.981357,-3.969067,-1.123446,-2.530945,344.755698,-0.132463,-0.079443,0.124856,-6.281320,-1.693341,-5.724498,0.050669,0.048886,1.025840
355.125762,-15.036439,0.084483,-0.228169,-3.550660,-0.935040,-3.732596,-1.227034,-2.420006,344.762704,-0.080668,-0.037922,-1.332118,-3.856139,-1.582926,-5.565133,-0.013994,0.005469,1.048147
355.390418,-15.042329,-0.385870,-1.298388,-1.416568,-0.807570,-3.428866,-1.129939,-2.106067,344.767319,-0.042816,-0.009775,-2.495107,-1.398719,-1.299490,-5.295636,-0.080597,-0.101628,1.042902
355.682676,-15.133310,-0.245599,-2.180947,0.495022,-0.630124,-3.076207,-0.867037,-1.665345,344.748091,-0.019652,-0.208016,-3.258221,0.976581,-0.914848,-4.901887,-0.145421,-0.203802,1.024804
355.820129,-15.225383,0.290017,-2.772282,2.132126,-0.429565,-2.694164,-0.523414,-1.228104,344.670201,-0.048031,-0.321727,-3.658328,3.179971,-0.525483,-4.394236,-0.225123,-0.285115,1.006925
355.613840,-15.162124,0.593464,-3.048827,3.492359,-0.236527,-2.287486,-0.202184,-0.965957,344.498085,-0.158112,0.274023,-3.763421,5.044396,-0.219926,-3.814503,-0.316355,-0.408680,0.996641
354.876865,-14.844570,0.174504,-3.054647,4.551944,-0.091961,-1.858530,0.017832,-1.009263,344.210011,-0.271339,1.127941,-3.614464,6.380122,-0.040062,-3.244501,-0.396107,-0.632648,0.994590
353.432177,-14.300613,-1.032659,-2.894989,5.283466,-0.028774,-1.476434,0.107127,-1.386190,343.816969,-0.217257,0.737176,-3.248619,7.109031,0.026937,-2.839362,-0.463022,-0.977051,0.997378
351.246158,-13.659064,-2.704037,-2.699791,5.729977,-0.060172,-1.289125,0.066708,-2.060105,343.367931,0.150109,-1.697191,-2.729717,7.304696,0.021816,-2.807937,-0.527991,-1.450249,1.000729
348.520517,-13.186538,-3.726689,-2.585851,6.086013,-0.172911,-1.472614,-0.080257,-2.916293,342.929446,0.880143,-5.002176,-2.174193,7.258039,-0.017293,-3.340530,-0.592407,-2.078543,1.002276
345.637865,-13.135856,-2.711610,-2.622159,6.706691,-0.294244,-2.137452,-0.269452,-3.729338,342.543666,1.753501,-6.440606,-1.732434,7.456969,-0.043933,-4.503670,-0.632411,-2.908448,1.002218
343.029136,-13.518353,0.942427,-2.816252,7.990456,-0.307041,-3.275286,-0.427544,-4.278302,342.205398,2.186137,-3.079775,-1.537504,8.408622,-0.022506,-6.186322,-0.602897,-3.940045,1.001334
341.047252,-14.153142,7.086091,-3.140875,10.260293,-0.107574,-4.749047,-0.519490,-4.490488,341.865608,1.385936,5.722641,-1.677052,10.541242,0.041048,-8.133004,-0.458015,-5.001584,0.999429
339.842232,-14.836323,15.394135,-3.543692,13.771981,0.355365,-6.334834,-0.553542,-4.397404,341.444598,-1.390050,17.495263,-2.158578,14.206925,0.097334,-10.028655,-0.179059,-5.819819,0.996065
339.347701,-15.183845,24.382010,-3.927555,18.529952,1.073750,-7.731684,-0.559970,-4.075325,340.859806,-6.607792,28.567859,-2.860933,19.452391,0.088875,-11.538422,0.219302,-6.235211,0.991389
339.380539,-14.681061,31.371444,-4.192865,24.139575,1.959405,-8.608327,-0.573128,-3.643150,340.080669,-14.002860,35.223578,-3.580562,25.866470,-0.017382,-12.351815,0.670679,-6.248840,0.986364
339.725118,-12.984563,33.962210,-4.290799,29.953445,2.862780,-8.687951,-0.599886,-3.215690,339.155155,-22.352663,32.999319,-4.134116,32.682504,-0.187531,-12.248610,1.064304,-5.903625,0.982463
340.157144,-10.121227,31.261729,-4.220227,35.219838,3.633603,-7.880418,-0.604888,-2.844284,338.199211,-29.875255,18.711591,-4.407712,38.960684,-0.316072,-11.195608,1.304486,-5.246131,0.980992
340.512454,-6.524613,24.184428,-4.014380,39.152167,4.171456,-6.326949,-0.522181,-2.545031,337.367874,-34.840568,-6.205396,-4.381112,43.822487,-0.271859,-9.374820,1.368463,-4.325521,0.982405
340.731599,-3.049940,15.496447,-3.694272,41.397216,4.443454,-4.343702,-0.284303,-2.291261,336.796786,-35.967416,-35.014022,-4.108592,46.766791,0.051993,-7.111086,1.309384,-3.208426,0.986276
340.838604,-0.533992,7.948571,-3.189862,42.184213,4.526404,-2.274895,0.152574,-1.984687,336.529526,-32.924877,-58.528452,-3.642085,47.822799,0.733749,-4.729194,1.238541,-2.022661,0.991298
340.909793,0.723847,2.138264,-2.361306,41.895673,4.563597,-0.379944,0.766361,-1.545150,336.504190,-26.517895,-69.130167,-2.971059,47.445257,1.780753,-2.459386,1.274884,-0.914455,0.995954
341.020168,0.827870,-2.801614,-1.096121,40.715049,4.665594,1.206163,1.453372,-1.029039,336.608988,-18.279211,-64.924900,-2.036271,46.152152,3.068388,-0.441642,1.469875,0.085788,0.999401
341.171667,-0.117986,-7.074686,0.654719,38.622380,4.856774,2.454800,2.067017,-0.550962,336.738476,-9.945663,-50.054680,-0.742570,44.049385,4.334304,1.243054,1.781077,1.024845,1.001462
341.303500,-1.967813,-9.944376,2.858043,34.993493,5.113912,3.454562,2.482814,-0.175327,336.836505,-3.142587,-30.773848,0.996182,40.550750,5.253698,2.603343,2.113474,1.870932,1.002043
341.366165,-4.543237,-9.938994,5.334650,28.989719,5.358041,4.368007,2.625903,0.081800,336.931048,1.115211,-12.178218,3.156426,34.634368,5.544597,3.743411,2.346493,2.505707,1.001486
341.353962,-7.743156,-5.088857,7.752564,20.524930,5.451271,5.355667,2.486366,0.218795,337.121457,2.690351,1.679115,5.539697,25.401204,5.079675,4.809974,2.371851,2.823067,1.000552
341.325533,-11.459115,6.048010,9.710030,10.339729,5.254428,6.508954,2.125207,0.247252,337.532263,2.024180,8.390410,7.835259,12.589318,3.925069,5.919658,2.157445,2.779707,0.999869
341.418856,-15.600774,23.743161,10.840963,-0.429141,4.716253,7.813037,1.662634,0.185780,338.277232,-0.242816,8.315547,9.714285,-3.052560,2.298067,7.094382,1.760196,2.422042,0.999647
341.804866,-20.113726,46.656109,10.954158,-9.925504,3.868769,9.164735,1.225677,0.074098,339.394054,-3.278052,4.368496,10.956834,-19.774998,0.496340,8.265817,1.279454,1.864878,0.999820
342.628164,-24.584553,70.738119,10.124143,-16.514669,2.849643,10.450081,0.898929,-0.023527,340.791712,-6.288917,0.262034,11.528039,-35.125230,-1.149711,9.336412,0.821483,1.221447,1.000045
343.996226,-28.000301,89.310296,8.603283,-20.112938,1.876342,11.578923,0.694547,-0.062933,342.279483,-8.687161,-1.490682,11.547694,-46.305228,-2.343249,10.219219,0.462351,0.594314,1.000076
345.901336,-29.313676,96.249140,6.681293,-21.967353,1.156595,12.448291,0.566200,-0.064534,343.654612,-9.968614,-1.071871,11.199723,-50.978430,-2.898913,10.806685,0.218338,0.096806,0.999994
348.149174,-28.037270,89.279268,4.657934,-23.856865,0.812968,12.936906,0.455373,-0.067031,344.767471,-9.835065,-0.243588,10.705152,-48.501501,-2.803845,10.977430,0.066024,-0.195556,0.999983
350.404917,-24.316768,70.852062,2.823947,-28.310207,0.909361,12.945939,0.337091,-0.074855,345.564036,-8.547081,0.097685,10.257572,-40.420127,-2.215428,10.663913,-0.018407,-0.292748,1.000005
352.309788,-18.856000,46.726027,1.385582,-37.298880,1.399217,12.419306,0.213641,-0.074946,346.089674,-6.602539,0.306286,9.946936,-29.879010,-1.394530,9.890612,-0.059737,-0.256672,1.000002
353.578193,-12.734205,23.405594,0.403143,-50.500957,2.094329,11.353867,0.095115,-0.067388,346.445835,-4.337403,0.475021,9.736024,-20.484372,-0.608405,8.741964,-0.084350,-0.163445,0.999997
354.109807,-6.959978,5.404195,-0.224324,-65.640308,2.726055,9.847374,-0.006857,-0.061019,346.732613,-2.004207,0.143804,9.513666,-15.136063,-0.071732,7.360072,-0.098175,-0.077232,1.000002
354.008438,-2.354459,-5.340934,-0.718102,-79.621156,3.081551,8.082129,-0.074904,-0.059855,347.028465,0.065799,-0.929897,9.148628,-15.126122,0.101374,5.908576,-0.091972,-0.027495,1.000000
353.480944,0.444867,-8.969604,-1.305422,-88.873991,3.047954,6.287864,-0.099345,-0.061181,347.364169,1.657863,-2.444728,8.585804,-20.155265,-0.085980,4.536734,-0.070155,-0.015545,1.000000
352.741185,1.270202,-7.296693,-2.119957,-91.227694,2.633529,4.710198,-0.088098,-0.062742,347.712306,2.489899,-3.367576,7.865106,-28.640168,-0.541383,3.365901,-0.050779,-0.034870,1.000000
351.993799,0.585327,-3.409397,-3.180435,-87.057874,1.922124,3.548027,-0.062909,-0.063316,348.015187,2.164725,-2.449827,7.059384,-37.882738,-1.116672,2.489496,-0.048642,-0.066694,1.000000
351.373385,-0.918329,-0.149559,-4.392472,-77.918097,1.055050,2.860651,-0.045252,-0.062550,348.230207,0.497654,0.844617,6.229144,-44.708433,-1.623746,1.930384,-0.067497,-0.088889,1.000000
350.903119,-2.631088,1.131406,-5.567682,-65.493391,0.212492,2.572822,-0.047565,-0.061361,348.348188,-2.475932,6.379035,5.425820,-46.968505,-1.908925,1.647728,-0.100963,-0.096606,1.000000
350.528636,-4.045456,0.802601,-6.521511,-52.201207,-0.411057,2.529612,-0.067673,-0.061967,348.391066,-6.797229,13.872886,4.625872,-44.356331,-1.917425,1.578082,-0.137338,-0.101893,1.000000
350.174904,-4.835066,0.037915,-7.177891,-40.470183,-0.720987,2.561535,-0.093396,-0.064890,348.387492,-12.026915,21.981433,3.719822,-38.201141,-1.691864,1.663140,-0.167913,-0.119224,1.000000
349.779852,-4.911781,-0.267975,-7.575655,-31.613518,-0.753795,2.530027,-0.110925,-0.066750,348.353489,-17.005146,28.258398,2.609958,-30.709665,-1.338164,1.827718,-0.189937,-0.166662,1.000000
349.335440,-4.288879,-0.153615,-7.819225,-26.077761,-0.660161,2.359741,-0.106860,-0.064048,348.286312,-20.434766,30.580721,1.305588,-24.026198,-0.995617,1.993150,-0.196448,-0.260269,1.000000
348.875267,-3.115875,-0.028433,-7.994035,-23.644731,-0.616414,2.002670,-0.064828,-0.056733,348.177911,-21.482736,28.256377,-0.043812,-19.241911,-0.756458,2.072537,-0.176467,-0.407445,1.000000
348.431715,-1.717075,-0.044117,-8.065004,-23.180574,-0.738814,1.432824,0.027448,-0.044926,348.025325,-19.878434,21.985406,-1.114736,-16.463790,-0.631978,1.980296,-0.136774,-0.618288,1.000000
348.028683,-0.411965,-0.070478,-7.836835,-23.657198,-1.037371,0.688687,0.161645,-0.034251,347.841920,-16.177290,13.870921,-1.517948,-15.303499,-0.595737,1.679169,-0.098989,-0.883737,1.000000
347.701372,0.608377,-0.063906,-7.054054,-24.722271,-1.492155,-0.127009,0.310374,-0.036885,347.659603,-11.504352,6.369623,-1.004739,-15.058537,-0.617784,1.209530,-0.074548,-1.148531,1.000000
347.483674,1.150946,-0.059138,-5.515793,-25.786696,-2.034207,-0.898413,0.438891,-0.063072,347.523413,-6.865146,0.870238,0.437040,-14.772291,-0.644117,0.661681,-0.058389,-1.322546,1.000000
347.397765,1.005471,-0.064368,-3.145872,-25.807056,-2.516860,-1.498429,0.509714,-0.117166,347.477124,-2.929025,-2.418136,2.593427,-13.861834,-0.626628,0.163555,-0.037287,-1.310508,1.000000
347.449559,0.111086,-0.061887,-0.067756,-24.129286,-2.781423,-1.822850,0.495129,-0.199189,347.542753,-0.309664,-3.447179,5.059698,-12.360010,-0.551141,-0.162149,0.004112,-1.055226,1.000000
347.610702,-1.381521,-0.062638,3.283622,-21.048360,-2.772840,-1.852039,0.404145,-0.290571,347.699868,0.802200,-2.588718,7.335227,-10.705516,-0.429156,-0.267118,0.067558,-0.605040,1.000000
347.823555,-3.256846,-0.062478,6.314003,-17.530158,-2.548803,-1.644532,0.282459,-0.352724,347.900702,0.870041,-0.865577,9.020354,-9.367097,-0.284423,-0.197118,0.135368,-0.093625,1.000000
348.038208,-5.373770,-0.062502,8.582067,-14.481334,-2.223416,-1.273391,0.182177,-0.348327,348.102446,0.564427,0.703545,9.936869,-8.594293,-0.148095,-0.029442,0.188261,0.357606,1.000000
348.229057,-7.690569,-0.062504,9.894244,-12.335487,-1.880296,-0.787951,0.135921,-0.257262,348.282097,0.295252,1.581506,10.045231,-8.361021,-0.037612,0.186205,0.219568,0.691095,1.000000
348.388306,-10.200949,-0.062494,10.187529,-11.156939,-1.536297,-0.202943,0.152403,-0.073779,348.433063,0.168940,1.581323,9.312302,-8.625205,0.046849,0.438152,0.229667,0.893351,1.000000
348.522017,-12.927018,-0.062504,9.518492,-10.743531,-1.167117,0.487940,0.224508,0.197762,348.560447,0.116956,0.783193,7.755735,-9.348216,0.114711,0.735933,0.221308,0.979614,1.000000
348.649066,-15.942796,-0.062499,8.104269,-10.667539,-0.748012,1.294620,0.338806,0.545855,348.678660,0.043363,-0.495917,5.545284,-10.390500,0.176955,1.087233,0.197377,0.988507,1.000000
348.804961,-19.373150,-0.062500,6.309467,-10.136971,-0.208363,2.247998,0.462769,0.945548,348.816526,-0.376007,-1.629964,2.898397,-11.488244,0.262963,1.524900,0.169193,1.001717,1.000000
