45.984703,-0.062500,-0.062500,0.743881,1.759178,-0.154283,-0.256556,1.010927,-4.684878,41.547203,-0.062500,-0.062500,0.404283,0.055507,0.101836,0.236014,0.740385,-0.062500,1.000000
46.001836,-0.062500,-0.062500,0.872552,1.433217,-0.008304,-0.370804,1.012325,-3.050087,41.564336,-0.062500,-0.062500,0.615122,0.139248,0.174825,0.164860,0.682517,-0.062500,1.000000
46.016929,-0.062500,-0.062500,0.985635,1.150524,0.115967,-0.457517,1.005711,-1.698660,41.579429,-0.062500,-0.062500,0.785169,0.212209,0.232226,0.110023,0.628293,-0.062500,1.000000
46.029983,-0.062500,-0.062500,1.083129,0.911101,0.218531,-0.516696,0.991084,-0.630594,41.592483,-0.062500,-0.062500,0.914423,0.274388,0.274038,0.071503,0.577710,-0.062500,1.000000
46.040997,-0.062500,-0.062500,1.165035,0.714948,0.299388,-0.548339,0.968444,0.154108,41.603497,-0.062500,-0.062500,1.002885,0.325787,0.300262,0.049301,0.530769,-0.062500,1.000000
46.049971,-0.062500,-0.062500,1.231352,0.562063,0.358537,-0.552448,0.937791,0.655449,41.612471,-0.062500,-0.062500,1.050554,0.366404,0.310897,0.043415,0.487471,-0.062500,1.000000
46.054779,-0.062500,-0.062500,1.329983,0.470717,0.421329,-0.527826,0.912005,-0.029720,41.622523,-0.062500,-0.062500,1.068328,0.401224,0.280594,0.072990,0.467657,-0.062500,1.000000
46.062500,-0.062500,-0.062500,1.387675,0.406177,0.435460,-0.462704,0.884033,-0.050845,41.628934,-0.062500,-0.062500,1.048660,0.417104,0.234266,0.098922,0.438520,-0.062500,1.000000
46.070221,-0.062500,-0.062500,1.369610,0.342949,0.438811,-0.417686,0.804779,-0.065997,41.630245,-0.062500,-0.062500,0.978293,0.435315,0.217803,0.101836,0.375583,-0.062500,1.000000
46.075029,-0.062500,-0.062500,1.339161,0.321533,0.393502,-0.349213,0.712704,-0.052448,41.625000,-0.062500,-0.062500,0.899913,0.518211,0.207605,0.118735,0.347174,-0.062500,1.000000
46.087267,-0.062500,-0.062500,1.309003,0.380973,0.313374,-0.278555,0.663170,-0.056090,41.625000,-0.062500,-0.062500,0.799971,0.577506,0.224213,0.137821,0.334790,-0.062500,1.000000
46.100233,-0.062500,-0.062500,1.267774,0.488782,0.200466,-0.285256,0.664190,-0.103147,41.625000,-0.062500,-0.062500,0.678322,0.645833,0.211976,0.115530,0.359703,-0.062500,1.000000
46.112471,-0.062500,-0.062500,1.259615,0.649621,0.062063,-0.317308,0.689685,-0.062500,41.625000,-0.062500,-0.062500,0.583479,0.702214,0.200612,0.084499,0.389132,-0.062500,1.000000
46.122523,-0.062500,-0.062500,1.108392,0.699009,-0.015006,-0.350233,0.779138,-0.009907,41.625000,-0.062500,-0.062500,0.487617,0.687063,0.107809,0.090618,0.458188,-0.062500,1.000000
46.128934,-0.062500,-0.062500,1.016900,0.677010,-0.032925,-0.382721,0.850816,0.024330,41.625000,-0.062500,-0.062500,0.423077,0.576195,0.041667,0.073281,0.512383,-0.062500,1.000000
46.130245,-0.062500,-0.062500,0.924679,0.621212,-0.059003,-0.401078,0.881119,0.045455,41.625000,-0.062500,-0.062500,0.302593,0.369027,0.006410,0.073718,0.552593,-0.062500,1.000000
46.125000,-0.062500,-0.062500,0.725962,0.507576,-0.079545,-0.407197,0.896125,0.053467,41.625000,-0.062500,-0.062500,0.147290,0.108974,-0.033071,0.099068,0.583479,-0.062500,1.000000
46.125000,-0.062500,-0.062500,0.539481,0.353875,-0.083479,-0.404720,0.850670,0.048368,41.630245,-0.062500,-0.062500,0.044289,-0.125146,-0.001748,0.083625,0.574155,-0.062500,1.000000
46.125000,-0.062500,-0.062500,0.434295,0.143648,-0.061189,-0.425262,0.821824,0.030157,41.628934,-0.062500,-0.062500,-0.032488,-0.234120,0.054633,0.075903,0.563811,-0.062500,1.000000
46.125000,-0.062500,-0.062500,0.300408,0.041375,-0.056090,-0.417541,0.794726,-0.001166,41.622523,-0.062500,-0.062500,-0.098631,-0.222174,0.077506,0.055070,0.572261,-0.062500,1.000000
46.125000,-0.062500,-0.062500,0.144231,0.016026,-0.052448,-0.419435,0.802448,-0.045600,41.612471,-0.062500,-0.062500,-0.138112,-0.242570,0.096008,0.032051,0.548368,-0.062500,1.000000
46.125000,-0.062500,-0.062500,0.034237,0.035402,-0.050262,-0.441288,0.807110,-0.103147,41.600233,-0.062500,-0.062500,-0.135344,-0.199009,0.089015,-0.003497,0.512092,-0.062500,1.000000
46.125000,-0.062500,-0.062500,0.010490,0.049679,-0.049534,-0.461830,0.795892,-0.067745,41.587267,-0.062500,-0.062500,-0.103730,-0.115676,0.056672,-0.034091,0.472902,-0.062500,1.000000
46.125000,-0.062500,-0.062500,-0.090618,0.028700,-0.050262,-0.437500,0.868881,-0.062500,41.575029,-0.062500,-0.062500,-0.139132,-0.104458,-0.023164,-0.025204,0.466783,-0.062500,1.000000
46.125000,-0.062500,-0.062500,-0.188811,0.080565,-0.052448,-0.415938,0.873252,-0.062500,41.564977,-0.062500,-0.062500,-0.156177,-0.172494,-0.097028,-0.009907,0.468823,-0.062500,1.000000
46.125000,-0.062500,-0.062500,-0.195076,0.125437,-0.056090,-0.437791,0.848485,-0.062500,41.558566,-0.062500,-0.062500,-0.149767,-0.196970,-0.165501,-0.009470,0.455565,-0.062500,1.000000
46.125000,-0.062500,-0.062500,-0.138840,0.169143,-0.061189,-0.479021,0.821096,-0.062500,41.557255,-0.062500,-0.062500,-0.118881,-0.199738,-0.186334,0.023456,0.430361,-0.062500,1.000000
46.125000,-0.062500,-0.062500,-0.061626,0.255390,-0.067745,-0.477710,0.765006,-0.062500,41.562500,-0.062500,-0.062500,-0.087121,-0.140589,0.527972,0.045309,0.409382,-0.062500,1.000000
46.125000,-0.062500,-0.062500,0.054341,0.340763,-0.062500,-0.456585,0.741259,-0.062500,41.562500,-0.062500,-0.062500,-0.063374,-0.021853,-0.287150,0.074592,0.394085,-0.062500,1.000000
46.125000,-0.062500,-0.062500,0.042686,0.488636,-0.062500,-0.402681,0.723776,-0.062500,41.562500,-0.062500,-0.062500,-0.088287,0.123397,-0.921766,0.067745,0.392483,-0.062500,1.000000
46.125000,-0.062500,-0.062500,0.001603,0.558712,-0.062500,-0.412005,0.717803,-0.062500,41.562500,-0.062500,-0.062500,-0.123543,0.267920,-1.345571,0.064103,0.400350,-0.062500,1.000000
46.119755,-0.062500,-0.062500,-0.016026,0.581876,-0.062500,-0.427593,0.716638,-0.062500,41.562500,-0.062500,-0.062500,-0.168998,0.413753,-1.594114,0.039918,0.408217,-0.062500,1.000000
46.121066,-0.062500,-0.062500,-0.070076,0.495921,-0.062500,-0.474068,0.739656,-0.062500,41.562500,-0.062500,-0.062500,-0.181818,0.526807,-1.671620,0.012238,0.417395,-0.062500,1.000000
46.127477,-0.062500,-0.062500,-0.161713,0.420892,-0.062500,-0.483683,0.818473,-0.067745,41.562500,-0.062500,-0.062500,-0.155157,0.572698,-1.589015,-0.008159,0.451486,-0.062500,1.000000
46.137529,-0.062500,-0.062500,-0.214307,0.373106,-0.062500,-0.521853,0.875000,-0.061189,41.562500,-0.062500,-0.062500,-0.028263,0.586830,-1.345425,-0.005245,0.519522,-0.062500,1.000000
46.149767,-0.062500,-0.062500,-0.096591,0.284237,-0.062500,-0.570513,0.911276,-0.056090,41.562500,-0.062500,-0.062500,0.064540,0.588578,-0.850233,-0.000291,0.547348,-0.062500,1.000000
46.162733,-0.062500,-0.062500,0.001311,0.226544,-0.062500,-0.593240,0.931090,-0.052448,41.562500,-0.062500,-0.062500,0.109703,0.474650,-0.246066,0.034237,0.546620,-0.062500,1.000000
46.174971,-0.062500,-0.062500,0.003788,0.260344,-0.062500,-0.572698,0.925117,-0.050262,41.562500,-0.062500,-0.062500,0.098485,0.347465,0.557547,0.030012,0.479895,-0.062500,1.000000
46.185023,-0.062500,-0.062500,-0.023456,0.357517,-0.062500,-0.515152,0.877914,-0.049534,41.562500,-0.062500,-0.062500,0.058712,0.217512,-0.142920,0.044726,0.405886,-0.062500,1.000000
46.191434,-0.062500,-0.062500,-0.121503,0.521416,-0.062500,-0.436626,0.785256,-0.050262,41.562500,-0.062500,-0.062500,-0.076195,0.107226,-0.160402,0.088287,0.346008,-0.062500,1.000000
46.192745,-0.062500,-0.062500,-0.226690,0.637966,-0.062500,-0.394376,0.682255,-0.052448,41.562500,-0.062500,-0.062500,-0.252622,0.044289,-0.166230,0.108974,0.290355,-0.062500,1.000000
46.187500,-0.062500,-0.062500,-0.366113,0.710373,-0.062500,-0.356206,0.594551,-0.056090,41.562500,-0.062500,-0.062500,-0.395979,-0.025641,-0.160402,0.144668,0.227564,-0.062500,1.000000
46.187500,-0.062500,-0.062500,-0.494901,0.742716,-0.062500,-0.344988,0.526807,-0.061189,41.567745,-0.062500,-0.062500,-0.492716,-0.028555,-0.142920,0.150350,0.216929,-0.062500,1.000000
46.187500,-0.062500,-0.062500,-0.497378,0.747086,-0.062500,-0.346591,0.529283,-0.067745,41.566434,-0.062500,-0.062500,-0.524767,0.025058,-0.113782,0.137821,0.242861,-0.062500,1.000000
46.187500,-0.062500,-0.062500,-0.404138,0.726981,-0.062500,-0.362471,0.599359,-0.062500,41.560023,-0.062500,-0.062500,-0.526515,0.150787,-0.072990,0.132139,0.320221,-0.062500,1.000000
46.187500,-0.062500,-0.062500,-0.299097,0.672786,-0.062500,-0.383159,0.647727,-0.062500,41.549971,-0.062500,-0.062500,-0.614802,0.287150,-0.025787,0.140006,0.362471,-0.062500,1.000000
46.187500,-0.062500,-0.062500,-0.267045,0.621358,-0.062500,-0.414773,0.706294,-0.062500,41.537733,-0.062500,-0.062500,-0.665355,0.340763,-0.066434,0.108974,0.380099,-0.062500,1.000000
46.187500,-0.062500,-0.062500,-0.268794,0.568182,-0.062500,-0.460956,0.746212,-0.062500,41.524767,-0.062500,-0.062500,-0.711538,0.407925,-0.060023,0.036713,0.351253,-0.062500,1.000000
46.187500,-0.062500,-0.062500,-0.328526,0.532343,-0.062500,-0.519814,0.734266,-0.062500,41.512529,-0.062500,-0.062500,-0.767920,0.459790,-0.055216,-0.003934,0.364802,-0.062500,1.000000
46.187500,-0.062500,-0.062500,-0.392483,0.581876,-0.062500,-0.552593,0.697261,-0.067745,41.502477,-0.062500,-0.062500,-0.830128,0.506993,-0.031177,-0.005973,0.378351,-0.062500,1.000000
46.187500,-0.062500,-0.062500,-0.426719,0.664190,-0.062500,-0.554050,0.704108,-0.061189,41.496066,-0.062500,-0.062500,-0.835082,0.522290,-0.014423,-0.002477,0.380973,-0.062500,1.000000
46.187500,-0.062500,-0.062500,-0.468240,0.739948,-0.062500,-0.537442,0.708188,-0.056090,41.494755,-0.062500,-0.062500,-0.768065,0.501166,-0.004953,0.023601,0.383013,-0.062500,1.000000
46.187500,-0.062500,-0.062500,-0.445513,0.857372,-0.062500,-0.504225,0.719843,-0.052448,41.500000,-0.062500,-0.062500,-0.714598,0.486888,-0.002768,0.062791,0.422786,-0.062500,1.000000
46.187500,-0.062500,-0.062500,-0.355041,0.948864,-0.062500,-0.446824,0.778846,-0.050262,41.505245,-0.062500,-0.062500,-0.664044,0.485868,-0.013112,0.118590,0.430653,-0.062500,1.000000
46.187500,-0.062500,-0.062500,-0.347611,0.976253,-0.062500,-0.382721,0.813228,-0.049534,41.503934,-0.062500,-0.062500,-0.666521,0.508450,-0.024184,0.150350,0.442162,-0.062500,1.000000
46.187500,-0.062500,-0.062500,-0.371795,0.922931,-0.062500,-0.325466,0.803176,-0.050262,41.497523,-0.062500,-0.062500,-0.666958,0.520396,-0.037442,0.146707,0.416084,-0.062500,1.000000
46.187500,-0.062500,-0.062500,-0.423805,0.832459,-0.062500,-0.339452,0.785111,-0.052448,41.487471,-0.062500,-0.062500,-0.667686,0.488345,-0.035839,0.112908,0.402098,-0.062500,1.000000
46.187500,-0.062500,-0.062500,-0.490239,0.695367,-0.062500,-0.383596,0.755973,-0.056090,41.475233,-0.062500,-0.062500,-0.766900,0.545746,-0.041667,0.067016,0.406760,-0.062500,1.000000
46.187500,-0.062500,-0.062500,-0.545017,0.597465,-0.067745,-0.449009,0.745484,-0.061189,41.462267,-0.062500,-0.062500,-0.872523,0.609120,-0.041667,0.001311,0.414481,-0.062500,1.000000
46.187500,-0.062500,-0.062500,-0.556090,0.540210,-0.061189,-0.472756,0.758741,-0.067745,41.450029,-0.062500,-0.062500,-0.864073,0.654720,-0.038316,-0.024621,0.416375,-0.062500,1.000000
46.187500,-0.062500,-0.062500,-0.416958,0.514860,-0.056090,-0.496649,0.826195,-0.062500,41.439977,-0.062500,-0.062500,-0.794726,0.690122,-0.026515,-0.031614,0.408800,0.608829,1.000000
46.187500,-0.062500,-0.062500,-0.224505,0.505390,-0.057692,-0.521707,0.837704,-0.062500,41.433566,-0.062500,-0.062500,-0.702797,0.706876,-0.017337,-0.030012,0.393357,-0.230332,1.000000
46.187500,-0.062500,-0.062500,0.005099,0.523310,-0.075175,-0.495338,0.828089,-0.062500,41.437500,-0.062500,-0.062500,-0.584645,0.702214,0.008304,0.008159,0.362617,-0.883013,1.000000
46.187500,-0.062500,-0.062500,0.186480,0.508013,-0.062791,-0.453089,0.779429,-0.062500,41.441434,-0.062500,-0.062500,-0.524621,0.685752,0.069056,0.054050,0.293415,-1.349213,1.000000
46.187500,-0.062500,-0.062500,0.269814,0.428759,-0.022582,-0.389714,0.685460,-0.062500,41.435023,-0.062500,-0.062500,-0.528555,0.617424,0.148019,0.065122,0.238782,-1.628934,1.000000
46.187500,-0.062500,-0.062500,0.317162,0.299534,0.031614,-0.339744,0.628934,-0.062500,41.424971,-0.062500,-0.062500,-0.598048,0.511218,0.241550,0.054050,0.188520,-1.722174,1.000000
46.187500,-0.062500,-0.062500,0.241259,0.259470,0.071678,-0.353875,0.592512,-0.062500,41.412733,-0.062500,-0.062500,-0.747960,0.402389,0.343240,0.078380,0.201632,-1.628934,1.000000
46.187500,-0.062500,-0.062500,0.072407,0.226836,0.127331,-0.365530,0.611451,-0.062500,41.399767,-0.062500,-0.062500,-0.982809,0.339889,0.432110,0.109994,0.281323,-1.349213,1.000000
46.187500,-0.062500,-0.062500,-0.113636,0.202360,0.146707,-0.334207,0.715472,-0.062500,41.392774,-0.062500,-0.062500,-1.176136,0.270979,0.469114,0.123252,0.375437,-0.883013,1.000000
46.187500,-0.062500,-0.062500,-0.302156,0.039044,0.185897,-0.310169,0.831585,-0.062500,41.381410,-0.062500,-0.062500,-1.249709,0.195076,0.477273,0.173077,0.485868,-0.230332,1.000000
46.187500,-0.062500,-0.062500,-0.418269,-0.176136,0.233392,-0.298951,0.976399,-0.062500,41.368590,-0.062500,-0.062500,-1.287442,0.176282,0.474505,0.204108,0.596154,0.608829,1.000000
46.187500,-0.062500,-0.062500,-0.256702,-0.665647,0.238345,-0.287442,1.084353,-0.062500,41.372960,-0.062500,-0.062500,-1.095280,-0.138840,0.378059,0.225670,0.663899,0.026661,1.000000
46.260927,-0.062500,-0.062500,-0.376603,-1.527389,0.263258,-0.276078,1.145542,0.021416,41.383013,7.322115,0.084353,-1.327652,-0.595280,0.381265,0.188374,0.624854,-0.084790,1.000000
46.242570,-0.062500,-0.062500,-0.575321,-1.418415,0.277826,-0.384178,1.052739,-0.083479,41.345571,5.481206,0.042395,-1.448281,-0.021999,0.359266,0.105332,0.518939,-0.171474,1.000000
46.152826,-0.062500,-0.062500,-0.787296,-0.554779,0.268357,-0.524038,0.860140,-0.165064,41.277535,-3.545746,-0.135781,-1.413462,1.301573,0.301428,-0.027389,0.361305,-0.233392,1.000000
46.012092,-0.062500,-0.062500,-1.086830,0.916958,0.228875,-0.705565,0.656469,-0.223339,41.190559,-17.700758,-0.410839,-1.327797,3.118298,0.237908,-0.199155,0.193619,-0.270542,1.000000
45.840763,-0.062500,-0.062500,-1.436189,2.775350,0.157197,-0.918852,0.396270,-0.258304,41.096300,-34.942890,-0.743444,-1.286713,5.270251,0.176573,-0.347902,0.048805,-0.282925,1.000000
45.659237,-0.062500,-0.062500,-1.919435,4.804196,0.089452,-1.094843,0.210227,-0.269959,41.006410,-53.217949,-1.094260,-1.222319,7.535111,0.117279,-0.425262,0.008159,-0.270542,1.000000
45.487908,-0.062500,-0.062500,-2.441288,6.876020,-0.004079,-1.116113,0.127040,-0.258304,40.932547,-70.471737,13.387238,-1.177448,9.750437,0.037150,-0.396707,0.041375,-0.233392,1.000000
45.347174,-0.062500,-0.062500,-2.715909,8.496795,-0.055507,-1.189540,0.166521,-0.223339,40.873106,-84.650058,9.415210,-1.001748,11.399621,-0.014277,-0.289336,0.156031,-0.171474,1.000000
45.262675,-0.062500,-0.062500,-2.644522,9.656469,-0.075612,-1.251020,0.333333,-0.165064,40.843531,-93.698718,-8.856789,-0.776369,12.224796,-0.063811,-0.230478,0.326486,-0.084790,1.000000
45.232517,-0.062500,-0.062500,-2.291230,9.603584,-0.093969,-1.344551,0.690851,-0.083479,40.838287,-102.958625,-52.228001,-0.710810,11.598339,-0.120192,-0.267483,0.526369,0.026661,1.000000
45.302156,-0.062500,-0.062500,-1.901807,9.523601,-0.062500,-1.452943,0.923514,-0.020542,40.863199,-93.736597,-82.901078,-0.820659,11.057401,-0.062500,-0.375583,0.650204,-0.062500,1.000000
45.304924,-0.062500,-0.062500,-1.218969,10.705565,-0.062500,-1.641463,0.971445,-0.135927,40.877185,-84.699301,-101.247232,-0.419143,11.453526,-0.062500,-0.601107,0.706439,-0.062500,1.000000
45.307547,-0.062500,-0.062500,-0.475816,12.083188,-0.062500,-1.836830,0.999854,-0.074155,40.908654,-70.526661,-107.147145,0.270105,12.178030,-0.062500,-0.917249,0.647290,-0.062500,1.000000
45.278409,-0.062500,-0.062500,-0.204400,12.820367,-0.062500,-2.129516,1.092803,0.141463,40.909819,-53.266171,-100.645396,0.858246,12.233392,-0.062500,-1.347028,0.644231,0.052885,1.000000
45.303759,-0.062500,-0.062500,0.571387,14.778118,-0.062500,-2.287442,1.032780,0.298805,40.964015,-34.983829,-81.781323,1.561480,14.239802,-0.062500,-1.667978,0.554487,-0.049388,1.000000
45.254953,-0.062500,-0.062500,1.168706,16.738491,-0.062500,-2.531614,0.954400,0.397873,40.981643,-17.728584,-50.594260,2.526224,16.941142,-0.162150,-2.019814,0.412733,-0.214015,1.000000
45.372960,-0.062500,-0.062500,2.523310,21.263695,-0.062500,-2.365822,0.806672,0.438666,41.132576,-3.554633,-7.123543,3.891463,21.676136,-0.116259,-1.854895,0.260781,-0.334936,1.000000
45.655303,-0.062500,-0.062500,4.175699,27.329545,-0.062500,-1.893357,0.658217,0.421183,41.374563,5.483829,11.152098,5.032634,27.414336,0.068473,-1.360577,0.129371,-0.412150,1.000000
46.067308,-0.062500,-0.062500,5.516026,33.944784,-0.062500,-1.088724,0.513403,0.345425,41.670600,7.332605,14.890297,5.401515,33.406323,0.227273,-0.476544,0.032197,-0.445659,1.000000
46.529283,-0.062500,-0.062500,6.075466,39.891317,-0.062500,-0.097902,0.416084,0.211393,41.966638,1.259178,-0.062500,4.697407,38.894668,0.333625,0.641317,-0.011801,-0.435460,1.000000
47.016900,-0.062500,-0.062500,6.389860,45.471300,-0.062500,0.990967,0.180944,0.019085,42.261655,0.928759,-0.062500,3.574155,43.917395,0.387529,1.854458,-0.076486,-0.381556,1.000000
47.465035,-0.062500,-0.062500,5.882576,49.758596,-0.062500,1.862471,-0.046329,-0.125437,42.503497,-0.723339,-0.062500,1.874272,47.590618,0.388986,3.007576,-0.129662,-0.283945,1.000000
47.822844,-0.062500,-0.062500,4.424971,52.008596,-0.062500,2.624709,-0.142045,-0.146416,42.668998,-3.284091,-0.062500,0.060460,49.343677,0.337995,3.882721,-0.158800,-0.142628,1.000000
48.034237,1.253934,-0.062500,2.183275,51.863782,-0.062500,3.243298,-0.181818,-0.109703,42.712704,-6.387383,-0.062500,-1.713141,48.769668,0.234557,4.631993,-0.079545,-0.041521,1.000000
48.143939,0.846154,-0.062500,0.841492,51.453380,-0.062500,3.609120,-0.249126,-0.103147,42.728001,-9.594697,-0.062500,-2.258887,48.262092,0.078671,4.958625,-0.105769,-0.093969,1.000000
48.087850,-0.816579,-0.062500,-1.019522,49.539773,-0.062500,3.698864,-0.028555,-0.044143,42.643065,-12.487908,-0.062500,-3.288462,46.905740,-0.129662,4.984557,-0.145542,-0.098922,1.000000
48.088432,1.872669,-13.982080,-2.910256,49.601690,-0.062500,3.878788,0.246212,-0.178030,42.595862,-9.440268,14.853584,-3.422203,46.875291,-0.138549,5.026807,-0.043561,-0.112762,1.000000
48.134324,-2.337850,-10.586101,-4.574009,49.804633,-0.062500,4.379662,0.679341,0.141463,42.584207,-11.860723,11.166521,-3.842366,46.605186,-0.072990,5.450466,0.116841,0.353001,1.000000
48.129808,-17.629953,20.451195,-5.476399,49.875000,-0.062500,5.523310,1.105186,0.490822,42.598339,-23.908362,-22.032780,-3.489510,46.656760,-0.492570,6.251311,0.415938,0.847611,1.000000
48.206148,-28.439248,43.732080,-5.625000,48.993298,-0.120192,6.724068,1.551865,0.700903,42.663607,-30.191142,-46.933712,-3.148747,45.665793,-0.411276,7.389569,0.780594,1.475524,1.000000
48.351253,-34.765734,59.256556,-5.008159,47.896270,-0.210664,7.823135,2.108392,1.506556,42.780012,-34.049971,-63.536276,-2.981061,43.551282,0.031760,8.530012,1.332022,2.568182,1.000000
48.547931,-36.609411,67.024621,-3.715181,46.216929,-0.297494,8.743007,2.324009,2.006265,42.898019,-34.530303,-71.840472,-2.469697,40.615093,1.455857,9.617570,1.645979,3.197552,1.000000
48.753059,-33.970280,67.036276,-3.130828,43.836393,-0.012821,9.451923,2.198718,2.200029,42.971591,-31.906469,-71.846300,-2.341638,37.091200,2.482226,10.452360,1.722465,3.363636,1.000000
48.933129,-26.848339,59.291521,-2.893502,40.944639,0.494755,9.854312,1.756556,1.878059,42.969988,-26.479312,-63.553759,-2.866696,33.252477,3.110868,11.133596,1.561480,3.066434,1.000000
49.064248,-18.571241,43.790355,-3.103293,38.359703,1.257576,9.595571,1.092075,1.594988,42.894814,-18.446678,-46.962850,-3.813811,29.456439,3.341783,11.126020,1.082168,2.124709,1.000000
49.123106,-7.989365,20.532780,-5.580128,36.157634,2.251457,9.117570,0.279866,1.186480,42.725670,-8.022727,-22.073572,-6.536131,26.342949,2.718677,10.552593,0.449155,1.331731,1.000000
49.049971,4.660402,-10.481206,-8.086830,34.631556,3.110286,8.028555,0.179050,1.018211,42.412442,4.598776,11.114073,-8.271416,24.268357,2.325903,9.334499,0.321970,0.985286,1.000000
48.855769,6.094843,-14.065997,-9.086247,33.853001,4.042686,7.107372,1.135490,1.555944,42.078817,6.026661,14.895542,-9.309149,23.036859,1.697115,8.133887,0.753205,1.615385,1.000000
48.656177,1.217220,-0.062500,-9.047203,33.143502,4.310315,6.628934,2.178904,2.270251,41.754516,-0.062500,-0.062500,-8.983246,22.805507,1.712850,7.379371,1.145688,1.913024,1.000000
48.563228,0.850087,-0.062500,-8.129371,31.451777,4.153700,5.758596,2.637966,2.589015,41.437354,-0.062500,-0.062500,-7.921329,21.608246,2.159674,6.564394,1.412296,2.152535,1.000000
48.532197,-0.712704,-0.062500,-6.135198,29.853584,3.480041,4.511946,2.944202,3.326049,41.141754,-0.062500,-0.062500,-6.174825,19.667832,2.685897,5.381265,1.751748,2.712558,1.000000
48.560023,-3.105186,-0.062500,-3.361014,27.463869,2.512821,3.283217,2.827214,3.306381,40.865676,-0.062500,-0.062500,-3.656469,17.337704,3.655303,4.197552,1.674534,2.839307,1.000000
48.620921,-5.998397,-0.062500,-1.550991,24.153846,1.656323,1.947261,2.508596,2.833625,40.624563,-0.062500,-0.062500,-1.733100,14.902244,3.618881,2.982080,1.532925,2.476544,1.000000
48.724213,-9.081731,-0.062500,-0.146853,20.749563,0.823135,0.768065,2.285693,1.907780,40.431818,-0.062500,-0.062500,-0.814540,12.802302,3.122086,1.947698,1.542832,2.016317,1.000000
48.806672,-11.900641,-0.062500,0.083770,17.598485,0.241987,-0.713141,1.575175,1.059149,40.275495,-0.062500,-0.062500,-0.589598,10.283217,2.752331,0.878642,1.058421,0.816579,1.000000
48.850962,-14.143648,-0.062500,-0.965763,15.142774,-0.055361,-2.105186,0.723631,0.229021,40.170892,-0.062500,-0.062500,-1.091929,7.523893,0.600524,-0.359994,0.556964,0.216346,1.000000
48.818328,-15.475670,-0.062500,-1.515734,13.409528,-0.229021,-3.348339,0.733537,-0.126603,40.091492,-0.062500,-0.062500,-1.165064,5.157925,-0.695076,-1.757430,0.561189,0.077360,1.000000
48.750146,-15.569784,-0.062500,-0.724068,13.152098,-0.065122,-4.083188,1.214889,-0.179779,40.111305,-0.062500,-0.062500,-0.021416,3.938228,-1.373834,-2.956148,0.794726,0.184149,1.000000
48.747086,-14.095425,-0.062500,-3.034819,12.479021,0.561626,-4.330274,1.239510,-0.006702,40.136072,-0.062500,-0.062500,-1.842366,2.939540,-0.717366,-3.175262,0.545600,-0.000874,1.000000
48.641317,-13.933712,-0.062500,-4.742279,11.596008,0.476399,-4.645979,0.631265,-0.156906,40.067599,-0.062500,-0.062500,-3.466783,1.750728,-1.278700,-3.590181,0.200321,-0.261655,1.000000
48.484994,-13.739073,-0.062500,-5.892191,12.365967,-1.120338,-5.062791,0.146999,-0.083479,39.949446,-0.062500,-0.062500,-4.808421,0.643502,-3.089598,-4.114656,0.028118,-0.022727,1.000000
48.314394,-13.545163,-0.062500,-6.093531,9.958188,-1.625583,-5.110140,-0.200175,-0.062500,39.843240,-0.062500,-0.062500,-4.657343,0.131119,-4.176428,-4.226690,-0.374417,-0.132576,1.000000
48.161422,-13.399184,-0.062500,-4.985723,7.926573,-3.289336,-5.051719,-0.309003,-0.062500,39.779720,-0.062500,-0.062500,-2.996212,0.262383,-4.295309,-4.261655,-0.472756,-0.314685,1.000000
48.060169,-13.290647,-0.062500,-4.120921,6.642628,-4.361597,-4.877477,-0.062500,-0.062500,39.702506,-0.062500,-0.062500,-2.199155,1.345134,-4.244755,-4.227710,-0.348776,-0.233829,1.000000
47.958479,-13.016754,-0.062500,-2.591200,5.126457,-5.104604,-3.975962,-0.062500,-0.062500,39.578234,-0.062500,-0.062500,-0.417978,0.495629,-4.250728,-3.075612,-0.375437,-0.490385,1.000000
48.049971,-12.843386,-0.062500,-1.183129,3.792249,-4.949301,-4.282488,-0.062500,-0.062500,39.771707,-0.062500,-0.062500,1.098776,-0.557984,-4.792541,-3.076049,-0.309149,-0.562500,1.000000
48.288607,-12.758596,-0.062500,0.239656,2.737617,-3.905594,-5.343969,-0.062500,-0.062500,40.222465,-0.062500,-0.062500,2.765297,-1.381410,-3.972611,-4.448281,-0.218094,-0.586538,1.000000
48.641608,-12.758013,-0.062500,1.877768,2.107372,-2.077069,-7.002768,-0.062500,-0.062500,40.863491,-0.062500,-0.062500,4.256119,-1.857517,-2.387383,-6.281614,-0.102273,-0.562500,1.000000
49.009907,-12.826340,-0.062500,0.420455,1.451632,0.438374,-9.101253,-0.088724,-0.062500,41.509907,-0.062500,-0.062500,2.561480,-2.377185,-0.698864,-8.483974,-0.033508,-0.024621,1.004783
49.342075,-12.945076,-0.062500,-0.120338,1.362908,2.010052,-11.481352,-0.055944,-0.062500,42.152389,-0.062500,-0.062500,1.266317,-2.484120,-0.058566,-10.850233,0.039336,-0.200175,1.082720
49.547640,-13.062937,-0.062500,-1.178030,2.319639,2.507284,-13.175699,-0.030449,-0.062500,42.629808,-0.062500,-0.062500,-0.144085,-2.126894,-0.266900,-12.347319,0.132576,-0.222756,1.057091
49.633450,-13.151224,-0.062500,-1.489802,0.841200,3.546766,-13.694056,-0.012238,-0.062500,42.940559,-0.062500,-0.062500,-0.601690,-1.293706,0.361014,-12.681235,-0.032197,-0.675699,0.951205
49.594988,-13.200612,-0.062500,-1.234994,1.478438,2.659965,-13.112762,-0.001311,-0.062500,43.031031,-0.062500,-0.062500,-0.641171,-0.135198,1.048951,-12.196387,-0.097028,-0.809003,0.788373
49.478147,-13.177593,-0.062500,-1.515297,2.636801,2.290938,-11.329108,-0.055361,-0.062500,42.909674,-0.062500,-0.062500,-1.674679,1.358683,0.870338,-10.321970,-0.172057,-0.853438,0.591904
49.335956,-12.982517,-0.062500,-0.585227,3.652098,1.116696,-8.606935,-0.201923,-0.062500,42.695659,-0.062500,-0.062500,-1.091638,1.286859,0.344114,-7.398164,-0.179633,-0.809003,0.385110
49.234557,-12.891900,-0.062500,-0.638112,3.615822,0.432255,-7.337413,-0.055798,-0.062500,42.495629,-0.062500,-0.062500,-1.952797,0.957314,0.218240,-6.007867,-0.085664,-0.675699,0.191298
49.120921,-12.780012,-0.062500,-1.738928,2.793998,-0.358974,-6.929924,0.384907,-0.062500,42.233100,-0.062500,-0.062500,-3.936043,0.681964,0.120192,-5.668124,-0.004808,-0.453526,0.033781
48.886218,-12.832751,-0.062500,-2.623106,0.763112,-0.881119,-6.915064,0.695950,-0.062500,41.787733,-0.062500,-0.062500,-5.270979,-0.903118,0.069493,-5.587995,0.062937,-0.142483,-0.064133
48.592512,-13.013403,-0.062500,-3.350524,-2.072844,-1.070659,-7.329983,0.877331,-0.062500,41.238054,-0.062500,-0.062500,-6.029429,-3.292249,0.051136,-6.129225,0.117570,0.257430,-0.079133
48.288607,-13.295600,-0.062500,-3.596008,-5.102564,-0.798514,-7.673223,0.995338,-0.062500,40.679633,-0.062500,-0.062500,-6.081731,-6.006556,0.250874,-6.574301,0.106061,-0.062500,0.000000
47.927739,-13.579837,-0.062500,-3.960227,-8.272582,-0.733392,-7.445076,0.964744,0.399038,40.080711,-0.062500,-0.062500,-5.881993,-8.603438,0.043269,-6.330565,0.065122,-0.062500,0.000000
47.573427,-13.922348,-0.062500,-4.211247,-11.528118,-0.619610,-7.110577,0.806527,-0.177885,39.545892,-0.062500,-0.062500,-5.333479,-10.862325,-0.148310,-6.365385,0.076049,-0.062500,0.000000
47.278992,-14.263112,-0.062500,-3.887529,-14.120047,-0.486888,-6.848776,0.506265,-0.626603,39.140589,-0.062500,-0.062500,-4.443765,-12.120629,-0.208479,-6.417832,0.059295,-0.062500,0.000000
47.093969,-14.560460,-0.062500,-3.001311,-15.778992,-0.301428,-6.749272,0.152972,-0.947115,38.947261,-0.062500,-0.062500,-3.360431,-12.821824,-0.357080,-6.146999,0.014860,-0.062500,0.000000
47.024330,-14.755099,-0.062500,-1.872815,-16.499417,-0.590763,-6.989802,-0.187063,-1.139423,38.929050,-0.062500,-0.062500,-2.156323,-13.211976,-0.480332,-6.175991,-0.057255,-0.062500,0.000000
46.960373,-16.221445,-0.062500,-1.592366,-18.231206,-0.673077,-7.714744,-0.351836,-1.203526,38.880828,-0.062500,-0.062500,-2.369464,-13.764277,-1.053613,-6.629662,-0.163024,-0.225087,0.000000
46.993590,-15.993881,-0.062500,-1.926428,-18.330857,-0.954545,-8.299679,-0.042978,-1.207605,38.940414,-0.062500,-0.062500,-3.277681,-15.306818,-0.851107,-6.733537,-0.033654,-0.084790,0.000000
46.994027,-14.579108,-0.062500,-2.153700,-15.819784,-1.237179,-8.297203,0.141463,-1.076923,38.937063,-0.062500,-0.062500,-3.666667,-14.634615,-0.659674,-6.414336,0.154138,-0.005390,0.000000
47.002477,-12.226836,-0.062500,-1.866550,-15.634615,-0.810315,-7.376020,0.456585,-0.600962,38.958333,5.989948,1.190997,-3.552593,-15.026515,-0.328526,-5.429779,0.384761,0.139860,0.000000
47.018065,-9.297203,-0.062500,-1.075466,-14.870629,-0.336830,-5.760344,0.829983,-0.064394,39.001166,4.492570,0.877622,-2.640152,-16.061772,0.110577,-3.869755,0.650641,0.686189,0.000000
47.043706,-6.142774,-0.062500,-0.180653,-14.334645,0.063957,-3.703817,1.174534,1.010052,39.083333,-2.908800,-0.654429,-1.318765,-17.266608,0.237179,-1.885927,0.792686,1.063520,0.000000
47.054341,-3.172057,-0.062500,0.601836,-13.753497,0.386364,-1.816871,1.430798,0.904138,39.159091,-14.507576,-3.056964,0.468240,-18.592366,0.481206,-0.383013,0.890443,1.271853,0.000000
47.060315,-0.701777,-0.062500,1.987034,-13.155886,0.575612,-0.334353,1.424534,0.938228,39.245629,-28.644376,-5.981789,2.494755,-19.688811,0.659091,0.841783,0.841638,1.311189,0.000000
47.058566,0.893357,-0.062500,3.837121,-13.146416,0.629371,0.715472,1.047931,0.945950,39.329691,-43.653992,-9.080711,4.521999,-21.054779,0.559149,1.712704,0.677739,1.181527,0.000000
46.960519,7.537150,-13.709353,6.825321,-14.619901,0.497815,0.519376,0.097611,1.317453,39.245775,-62.743007,-13.259033,7.064394,-23.703817,0.384033,1.623543,0.068328,0.830420,0.000000
47.014277,4.691871,-10.266171,8.407051,-15.711684,0.258013,0.428030,-0.391317,1.429633,39.351107,-73.280886,-15.348193,7.820513,-25.283071,-0.017628,1.753934,-0.164481,0.239510,0.000000
47.221737,-2.988345,6.442162,8.362762,-14.174534,0.003059,0.750874,-0.077943,1.067453,39.643502,-74.887383,-15.348193,7.428322,-25.924534,0.257721,2.367279,0.392045,0.101544,0.000000
47.478584,-20.162005,46.129662,5.659382,-7.986451,-0.786276,0.462121,0.173951,0.808421,39.952943,-68.568182,-13.259033,4.866113,-22.377185,0.183421,2.115239,0.768357,0.081294,0.000000
47.777244,-35.009033,74.472465,3.921766,-8.302156,-0.455857,1.502331,0.956148,1.213141,40.426719,-51.035402,-9.080711,3.347465,-20.250874,0.193765,2.907634,1.165501,0.473922,0.000000
48.087267,-44.215035,91.470571,3.170892,-10.284965,0.067599,3.203671,1.611305,1.368735,41.010344,-37.588287,-5.981789,3.074009,-16.772290,-0.047203,4.265297,1.439685,1.056381,0.000000
48.401807,-47.780012,97.123980,3.644668,-14.182547,1.023019,5.483829,2.075612,1.672057,41.658362,-23.895396,-3.056964,3.914336,-14.869901,-0.045017,6.043706,1.470280,1.253059,0.000000
48.675699,-45.703963,91.432692,6.072698,-21.640880,2.815705,8.233392,2.002914,1.501603,42.269959,-11.626603,-0.654429,6.988928,-16.396562,0.394231,8.407634,1.320221,1.289481,-0.000084
48.875728,-37.986888,74.396707,8.680798,-27.112471,4.027098,10.336538,1.829691,1.064394,42.786568,-2.520542,0.877622,9.337850,-15.779866,0.408945,10.085956,0.989510,1.165647,-0.000818
48.999272,-24.628788,46.016026,10.807255,-30.435460,3.949155,11.587995,1.567308,0.788462,43.122232,1.699301,1.190997,10.671183,-16.669289,0.953671,10.898601,0.478147,0.881556,-0.006821
48.942016,-5.629662,6.290647,12.134324,-34.610140,4.883013,11.108974,0.975962,0.763258,43.195367,-0.696387,-0.062500,11.573427,-18.657488,1.164481,10.147436,-0.213869,0.437209,-0.004751
48.936917,3.074883,-10.283217,10.686917,-32.794143,4.409528,10.251894,0.955274,0.350233,43.342512,0.886801,-0.062500,9.823864,-18.741404,1.651078,9.572698,-0.251311,-0.034819,0.004816
48.840618,5.971591,-13.641171,7.281031,-28.442599,4.574155,8.370629,0.982372,-0.204108,43.366696,1.238199,-0.062500,6.809878,-17.867861,1.863782,8.318036,-0.071678,-0.227710,0.018790
48.673951,1.248689,-0.062500,2.401807,-20.625291,3.172348,5.717220,0.830274,-0.356206,43.245484,-0.062500,-0.062500,2.552593,-15.768357,1.346300,6.317745,-0.109703,-0.198864,0.036918
48.568619,-0.062500,-0.062500,-0.360140,-18.373980,2.992716,3.753934,0.919580,-0.062500,43.242424,-0.062500,-0.062500,0.296037,-14.036131,1.072844,5.173951,-0.088724,-0.062500,0.055737
48.348631,-0.062500,-0.062500,-2.750146,-14.797786,3.118444,2.083333,0.627477,-0.062500,43.182401,-0.062500,-0.062500,-1.417541,-9.601399,0.940268,4.143648,-0.055944,-0.062500,0.074660
48.075466,-0.062500,-0.062500,-3.930944,-10.554779,3.596737,1.237325,0.238491,-0.062500,43.030157,-0.062500,-0.062500,-2.745047,-5.808129,1.629516,3.733829,-0.030449,-0.062500,0.091026
47.924971,-0.062500,-0.062500,-3.864219,-8.104604,4.947115,1.406469,-0.254662,-0.298514,42.921766,-0.062500,-0.062500,-3.654429,-3.175845,3.401952,4.405157,-0.085664,-0.135927,0.102298
47.569784,1.259178,-0.062500,-5.290938,-1.115530,4.910693,1.595280,-0.272582,-0.003497,42.651078,-0.062500,-0.062500,-5.341929,3.555361,4.190122,4.178322,-0.087850,-0.170017,0.107765
47.080274,0.902535,-0.062500,-6.783508,7.090472,4.008887,2.396416,-0.006847,0.194493,42.260052,-0.062500,-0.062500,-6.945221,9.041812,4.884907,4.278409,0.008159,-0.187791,0.105105
46.462850,-0.727273,-0.062500,-7.800845,13.622815,4.031469,3.071241,0.124417,0.203671,41.794435,1.259178,-0.062500,-7.358829,14.710956,4.651078,4.191142,0.185023,0.047203,0.107403
45.797057,-3.333333,-0.062500,-8.007139,21.956876,2.677302,3.508887,0.440705,0.465035,41.310315,0.829108,-0.062500,-7.129808,19.583770,4.321533,4.378934,0.522290,0.712995,0.108816
45.213287,-6.334790,-0.062500,-7.629079,26.784237,2.245338,4.136364,0.618590,0.819784,40.892628,-0.782343,-0.062500,-6.290501,23.302302,3.180361,4.772436,0.715326,0.987179,0.108977
44.785985,-9.361014,-0.062500,-6.463141,29.247960,0.690122,4.958770,0.765006,0.996066,40.577506,-3.209499,-0.062500,-4.806818,25.563228,1.576340,5.495338,0.781177,1.260490,0.108438
44.559149,-12.136364,-0.062500,-4.741987,28.873834,0.192162,5.762383,0.855624,1.141317,40.412879,-6.108246,-0.062500,-3.050262,25.707168,0.490530,6.516608,0.749272,1.602127,0.106981
44.409091,-14.269814,-0.062500,-3.450466,29.353001,-0.301573,6.253497,0.903992,1.151078,40.303176,-9.068182,-0.062500,-1.647436,26.524767,-0.274038,7.239802,0.796766,1.994464,0.106014
44.455420,-15.423951,-0.062500,-2.126603,28.799388,-0.472902,6.548805,0.918706,0.882576,40.276369,-11.787442,-0.062500,-1.060752,26.412879,-0.389860,7.830128,0.829691,2.327943,0.104350
44.699155,-15.284237,-0.062500,-1.825612,26.913462,-0.078234,6.559149,0.962121,0.629662,40.394522,-13.928759,-0.062500,-1.608392,25.188520,0.216200,7.973193,0.780303,2.411568,0.103368
44.786568,-13.528700,-0.062500,-2.044143,25.734848,-0.062500,6.073718,0.944930,0.870047,40.404575,-15.164481,-0.062500,-1.525932,24.264860,0.187063,7.200175,0.780303,2.328089,0.103844
44.870921,-13.161131,-0.062500,-1.308129,24.822261,-0.062500,5.727710,0.924825,0.855769,40.409965,-15.154283,-0.062500,-0.976544,23.243007,0.062937,6.595425,0.856061,2.257430,0.104289
44.930944,-7.542686,-14.307255,0.563957,24.174679,-0.062500,5.322552,0.959353,1.011946,40.430070,-13.575466,-0.062500,0.520251,22.101981,-0.093240,5.836976,1.049097,2.463869,0.104287
44.974213,-8.797057,-10.793269,1.578089,23.874563,-0.062500,5.157780,1.236597,1.670017,40.469697,-8.132430,1.143794,1.394522,21.036276,0.009178,5.488636,1.515443,2.804341,0.103343
45.048077,-15.089889,6.628788,2.334936,23.343677,-0.062500,4.953089,1.067890,1.827652,40.491987,-9.254953,0.842220,1.586684,20.462558,0.165647,5.187937,1.596300,2.392774,0.103417
45.114656,-25.072115,33.983683,2.670017,22.995921,-0.062500,4.974942,1.001894,1.906469,40.482809,-15.577652,-0.621649,1.463141,20.218677,0.368590,5.054196,1.436626,1.764423,0.103676
45.157051,-37.317308,67.307984,2.404429,23.100962,-0.062500,5.063811,1.006702,2.097611,40.434586,-25.625728,-2.899621,1.333770,19.971445,0.443619,5.132721,1.094697,1.415501,0.104490
45.196678,-50.281614,102.636801,2.192016,22.812063,-0.062500,5.002914,1.024621,2.111305,40.398893,-37.833333,-5.736305,1.902389,19.683566,0.458916,5.111014,0.908800,1.289627,0.105159
45.232663,-62.491841,136.003788,1.867133,22.394376,-0.062500,4.916375,1.048514,1.958916,40.359994,-50.814977,-8.767774,2.553176,19.023310,0.414481,4.902098,0.762092,1.286276,0.105524
45.261364,-72.463141,163.446387,1.376311,22.097319,-0.062500,4.643065,1.236888,2.210519,40.341492,-63.073281,-11.681235,3.196096,18.361742,0.252622,4.622232,0.721882,1.396416,0.106490
45.292395,-78.743298,180.983537,1.571970,21.713287,-0.062500,4.607080,1.437209,2.330420,40.345717,-73.126603,-14.129371,4.250583,17.813957,-0.132867,4.563666,0.809295,1.540064,0.107382
45.336830,-79.844114,184.640734,1.823427,21.469988,-0.062500,4.872669,1.462121,2.368590,40.371212,-79.464307,-15.747815,5.429341,17.480915,-0.415793,4.908217,1.148601,1.832459,0.107497
45.389860,-74.402389,170.380390,1.644959,21.248543,-0.172640,5.694493,1.470862,2.491404,40.488928,-80.712121,-16.258887,4.740530,17.826777,0.268065,5.546329,1.212850,1.708042,0.106357
45.407780,-74.319347,170.402972,1.102855,21.560169,-0.150350,6.421329,1.001748,2.180070,40.529720,-75.250146,-15.125291,3.156031,18.295455,0.919289,6.587850,1.604458,1.928322,0.103746
45.453671,-80.072261,185.000146,0.656906,21.334499,-0.035402,6.968677,1.052739,1.688957,40.555070,-81.142191,-16.324301,1.170892,18.762092,1.662005,7.237034,1.622086,1.680361,0.100907
45.442016,-78.207168,181.623106,0.145688,21.474213,0.234557,7.025932,0.790210,1.116259,40.446533,-79.301865,-15.922203,-0.748834,19.226836,2.459645,7.386364,1.687063,1.500146,0.097177
45.359120,-70.429633,164.255099,-0.231061,22.209062,0.525932,6.762092,1.403118,1.153263,40.219988,-70.785256,-14.280594,-2.204691,19.241841,3.021853,7.270688,2.102418,2.222902,0.094259
45.225524,-58.456585,136.875583,0.395833,23.018794,0.869027,6.706876,1.750874,1.055361,39.970571,-59.486451,-11.819784,-2.369610,19.449738,3.442599,7.239948,2.315122,2.645979,0.092098
45.168852,-43.987325,103.465472,-0.228875,22.557692,1.064977,5.537879,1.931527,0.988928,39.667541,-45.490239,-8.851253,-3.203380,18.680944,3.430216,6.084790,2.261946,2.836684,0.089918
45.164773,-28.733829,68.007139,-0.453963,21.326195,1.113782,3.593677,2.018794,1.119172,39.354604,-30.512383,-5.762966,-3.271416,16.725524,2.891900,4.254662,2.125146,2.865093,0.088483
45.203671,-14.438228,34.471154,-0.469260,19.544289,1.015443,1.573572,1.927885,1.034819,39.067890,-16.280012,-2.891754,-2.519376,14.505536,1.952506,2.118444,1.886218,2.585373,0.087765
45.294435,-2.787150,6.846591,-0.975233,17.430070,0.769959,-0.607955,1.545746,0.833479,38.840763,-4.515880,-0.576923,-2.023601,12.192308,1.214161,0.275058,1.521853,1.980041,0.087476
45.415647,4.521416,-10.868007,-1.736160,15.372086,0.372086,-2.557547,0.956002,0.576049,38.723631,3.021853,0.825175,-2.366696,10.175262,0.852273,-1.837995,0.721300,0.924534,0.087683
45.520396,5.979458,-14.490822,-1.548951,13.766463,0.091055,-4.500874,0.076049,0.109120,38.607809,4.802885,1.149038,-1.931964,8.062937,0.210082,-3.546329,0.219988,0.332751,0.086497
45.647436,-0.062500,-0.062500,-1.835664,11.960373,-0.088432,-5.537587,-0.010052,-0.021853,38.603875,-0.883013,-0.062500,-1.646562,6.372815,0.186334,-4.864073,-0.294580,-0.365385,0.084380
45.689103,-0.062500,-0.062500,-1.712995,11.320659,-0.121358,-6.489365,-0.503059,-0.350962,38.554487,-0.230332,-0.062500,-1.496503,5.513403,0.420455,-5.702069,-0.371941,-0.466346,0.082256
45.666230,-0.062500,-0.062500,-0.970862,11.710227,-0.174971,-6.695513,-0.062500,-0.062500,38.538316,0.608829,-0.062500,-0.464452,5.295309,0.732226,-5.892483,-0.062500,-0.062500,0.082487
45.610868,-0.062500,-0.062500,-0.648019,12.373834,-0.064540,-6.309586,-0.062500,-0.062500,38.527972,-0.062500,-0.062500,-0.458188,5.984994,1.138112,-5.353584,-0.062500,-0.062500,0.081131
45.592075,-0.062500,-0.062500,-3.195804,12.238199,0.263986,-6.376894,-0.062500,-0.062500,38.498543,-0.062500,-0.062500,-2.916230,6.168561,1.293561,-5.416375,-0.062500,-0.062500,0.078881
45.525641,-0.062500,-0.062500,-4.441871,12.132284,0.575758,-6.611160,-0.062500,-0.062500,38.415647,-0.062500,-0.062500,-4.621503,5.655449,1.241841,-5.624272,-0.062500,-0.062500,0.075641
45.393211,-0.062500,-0.062500,-5.615385,12.423951,0.927593,-6.473631,-0.455857,-0.062500,38.274330,-0.062500,-0.062500,-5.954254,5.130973,1.019668,-5.353875,-0.429633,-0.062500,0.072669
45.276078,-0.062500,-0.062500,-5.696824,12.350816,1.120629,-6.792686,-0.236888,-0.062500,38.150932,-0.062500,-0.062500,-6.289190,4.228001,0.680070,-5.619901,0.029283,-0.062500,0.069224
45.234703,-0.062500,-0.062500,-4.763986,12.127914,1.154866,-7.238054,0.486451,-0.062500,38.055361,-0.062500,-0.062500,-5.679196,3.123543,0.207896,-6.160985,0.386218,-0.062500,0.065510
45.221300,-0.062500,-0.062500,-2.561626,11.442453,1.043561,-7.574155,1.024767,-0.062500,38.018211,-0.062500,-0.062500,-4.137529,2.097611,-0.033071,-6.234266,0.641171,-0.062500,0.061573
45.295455,-0.062500,-0.062500,0.793998,10.264132,0.835956,-7.740239,1.378059,-0.062500,38.050991,-0.062500,-0.062500,-1.062209,1.346445,-0.139277,-6.364510,0.794143,-0.062500,0.058674
45.463141,-0.062500,-0.062500,5.124417,8.895396,0.505099,-7.798077,1.493881,-0.062500,38.163170,-0.062500,-0.062500,3.391608,0.847028,-0.145105,-6.400495,0.845134,-0.062500,0.057569
45.723193,-0.062500,-0.062500,9.055944,7.504808,0.101836,-7.845134,1.500728,-0.062500,38.362179,-0.062500,-0.062500,8.582896,0.726544,-0.088724,-6.512383,0.720717,-0.062500,0.058296
46.014714,-0.062500,-0.062500,11.378205,6.071533,-0.140734,-7.887092,1.360431,-0.062500,38.612325,-0.062500,-0.062500,11.954545,0.774184,-0.062500,-6.652098,0.544143,-0.062500,0.058718
46.289481,-0.062500,-0.062500,11.899913,4.881265,-0.121503,-7.895105,1.035111,-0.062500,38.885344,-0.062500,-0.062500,13.993444,0.895396,-0.062500,-6.937646,0.389423,-0.062500,0.060636
46.505245,-0.062500,-0.062500,12.216055,4.062209,-0.141171,-8.114948,0.640297,-0.062500,39.098631,-0.062500,-0.062500,15.330857,0.833916,-0.062500,-7.293124,0.339889,-0.062500,0.062727
46.652244,-0.062500,-0.062500,11.318619,4.021853,-0.062500,-7.862471,0.003642,-0.062500,39.284528,-0.062500,-0.062500,15.640734,0.737908,-0.062500,-7.318765,0.103875,-0.062500,0.064536
46.800117,-0.062500,-0.062500,10.452069,4.048223,-0.088724,-8.105041,0.119464,-0.062500,39.495047,-0.062500,-0.062500,15.637092,0.599505,-0.062500,-7.846882,0.609411,-0.062500,0.064958
46.945513,-0.062500,-0.062500,9.533800,4.455711,-0.134615,-8.113345,0.398747,-0.062500,39.700758,-0.062500,-0.062500,14.497960,0.548951,-0.062500,-7.844406,0.663316,-0.062500,0.065571
47.044143,-0.062500,-0.062500,8.981643,4.828380,-0.073718,-7.796037,0.348485,-0.062500,39.885635,-0.062500,-0.062500,13.130828,0.642483,-0.062500,-7.562209,0.632721,-0.062500,0.066224
47.174534,-0.062500,-0.062500,8.775641,5.010781,0.036713,-7.340618,0.241404,-0.062500,40.052593,-0.062500,-0.062500,12.025932,0.933712,-0.062500,-7.118153,0.475670,-0.062500,0.067399
47.294872,-0.062500,-0.062500,8.608683,4.944056,0.173951,-6.747523,0.077506,-0.062500,40.217949,-0.062500,-0.062500,10.951195,1.376603,-0.062500,-6.249417,0.328526,-0.062500,0.067632
47.417541,-0.062500,-0.062500,8.055798,4.777826,0.384761,-6.145688,-0.010635,-0.062500,40.366841,-0.062500,-0.062500,9.945076,1.771562,-0.062500,-5.326486,0.085227,-0.062500,0.067096
47.516608,-0.062500,-0.062500,7.429050,4.387238,0.547931,-5.744901,-0.087413,-0.062500,40.495338,-0.062500,-0.062500,8.796911,1.949883,-0.062500,-4.863782,-0.068619,-0.062500,0.066723
47.615967,-0.062500,-0.062500,7.065268,3.992716,0.623689,-5.819784,-0.130682,-0.062500,40.578234,-0.062500,-0.062500,7.983100,1.984120,-0.062500,-4.938666,-0.079983,-0.062500,0.066545
47.611014,-0.062500,-0.062500,7.747815,3.724068,0.612034,-6.126166,-0.062500,-0.062500,40.536568,-0.062500,-0.062500,8.377914,1.752185,-0.062500,-5.396416,0.041230,-0.062500,0.066305
47.714889,-0.062500,-0.062500,8.129371,3.376311,0.512966,-6.457022,-0.062500,-0.062500,40.672057,-0.062500,-0.062500,9.193182,1.304050,-0.062500,-5.666230,0.192745,0.110577,0.064497
47.899767,-0.062500,-0.062500,8.535256,3.287005,0.279283,-6.800845,-0.062500,-0.062500,40.924242,-0.062500,-0.062500,9.906031,0.943036,-0.062500,-5.709499,0.135927,0.067308,0.061541
48.149767,-0.062500,-0.062500,8.527972,3.176573,0.083479,-6.850670,-0.062500,-0.062500,41.268357,-0.062500,-0.062500,10.257867,0.625583,-0.062500,-5.623543,-0.242861,-0.317308,0.059807
48.433421,0.608829,-0.062500,8.106352,2.940122,0.041812,-6.496358,-0.062500,-0.062500,41.641317,-0.062500,-0.062500,10.266754,0.361888,-0.062500,-5.383741,-0.545892,-0.605769,-0.020986
48.720717,-0.230332,-0.062500,7.295309,2.387529,0.066871,-6.100233,-0.062500,-0.062500,42.037879,-0.062500,-0.062500,9.774330,0.299097,-0.062500,-5.066871,-0.773164,-0.798077,-0.002061
48.978875,-0.883013,-0.062500,6.251894,1.815559,0.112325,-5.820950,-0.062500,-0.062500,42.413462,-0.062500,-0.062500,8.969843,0.426282,-0.062500,-4.731206,-0.818619,-0.894231,0.093480
49.193619,-1.349213,-0.062500,4.762383,1.503934,0.208916,-5.528700,-0.062500,-0.062500,42.711684,-0.062500,-0.062500,8.018065,0.511801,-0.062500,-4.522582,-0.818619,-0.894231,0.248639
49.343094,-1.628934,-0.062500,3.139569,1.262675,0.237762,-5.547057,-0.062500,-0.062500,42.911713,-0.062500,-0.062500,6.609266,0.809441,-0.062500,-4.671474,-0.731206,-0.798077,0.494107
49.408362,-1.722174,-0.062500,2.031469,1.225816,0.215909,-5.986888,-0.062500,-0.062500,43.002185,-0.062500,-0.062500,5.383159,1.132430,-0.062500,-5.160111,-0.556381,-0.605769,0.639110
49.341638,-1.628934,-0.062500,1.657197,1.427302,0.159091,-6.513403,-0.062500,-0.062500,42.957605,-0.062500,-0.062500,4.733246,1.415210,-0.062500,-5.638986,-0.294143,-0.317308,0.712828
49.361305,-1.349213,-0.062500,0.857080,1.613782,0.067308,-7.156177,0.005682,0.252185,43.016754,-0.062500,-0.062500,3.868298,1.697115,-0.062500,-6.044580,0.055507,0.067308,0.782524
49.384178,-0.883013,-0.062500,0.537879,2.141463,-0.059441,-7.602418,-0.095280,-0.141171,43.059149,-0.062500,-0.062500,3.073864,1.896707,-0.062500,-6.134178,0.152535,0.435752,0.826168
49.400641,-0.230332,-0.062500,0.189103,2.489365,-0.101836,-7.865530,-0.168124,-0.447115,43.098193,-0.062500,-0.062500,2.546474,2.082314,-0.062500,-6.196096,-0.076923,-0.143794,0.822911
49.402535,0.608829,-0.062500,-0.192453,2.751311,-0.093969,-8.054341,-0.193619,-0.665647,43.131702,-0.062500,-0.062500,1.881410,2.132284,-0.036276,-6.784819,-0.148747,-0.459936,0.749529
49.405449,-0.062500,-0.062500,-0.562937,2.982663,-0.025787,-8.329983,-0.126603,-0.314248,43.160402,-0.062500,-0.062500,1.073135,2.161422,-0.027098,-7.603293,-0.148164,-0.423514,0.784972
49.404138,-0.062500,-0.062500,-0.936626,3.004516,-0.003497,-8.775787,-0.118590,-0.961101,43.169435,-0.062500,-0.062500,0.461684,1.840909,-0.089307,-8.568910,-0.183129,-0.886801,0.849855
49.394814,-0.062500,-0.062500,-1.550117,2.703089,-0.030012,-9.346154,-0.103293,-1.386509,43.167686,-0.062500,-0.062500,-0.127477,1.087413,-0.215181,-9.306090,-0.200612,-1.186917,0.944179
49.378934,-0.062500,-0.062500,-2.057984,1.934149,-0.239802,-10.025350,-0.080711,-1.590472,43.165501,-0.062500,-0.062500,-0.621795,0.181672,-0.305944,-10.082022,-0.085227,-0.684003,1.057126
49.363199,-0.062500,-0.062500,-1.950758,0.825175,-0.394231,-10.629516,-0.035111,-1.027535,43.178613,-0.062500,-0.062500,-0.632430,-0.856789,-0.336684,-11.315414,-0.211976,-1.457605,1.035664
49.342512,-0.062500,-0.062500,-1.961101,0.146853,-0.493298,-11.624417,-0.112034,-1.470425,43.166521,-0.062500,-0.062500,-1.265589,-1.626603,-0.232663,-12.297057,-0.341638,-1.890297,1.000000
49.347465,1.238199,-0.062500,-2.000291,-0.583333,-0.537005,-13.598193,0.035111,-1.540355,43.181090,-0.062500,-0.062500,-2.172931,-2.782197,0.141900,-14.357955,-0.303759,-1.982080,1.000000
49.340618,0.834353,-0.062500,-2.151661,0.381265,-0.525350,-13.476107,0.021562,-1.382430,43.171037,-0.062500,-0.062500,-3.561626,-2.659965,0.737762,-13.766026,-0.215181,-1.224213,1.000000
49.274621,-0.740967,-0.062500,-2.285111,1.810897,-0.458333,-13.683858,0.112617,-1.426719,42.989948,-0.062500,-0.062500,-4.689248,-1.286568,1.170455,-13.734411,-0.267628,-1.614802,1.000000
49.172203,-3.136509,-0.062500,-2.420600,3.743444,-0.335956,-14.129953,0.094697,-1.920017,42.678467,-0.062500,-0.062500,-5.588578,0.731935,1.439977,-14.322990,-0.266608,-2.362179,1.000000
49.040355,-6.019522,-0.062500,-2.328089,5.799825,-0.158217,-14.541812,0.048368,-2.478147,42.282488,-0.062500,-0.062500,-5.934003,3.126457,1.480041,-14.706731,-0.165647,-2.585082,1.000000
48.917395,-9.061189,-0.062500,-1.724359,7.731061,-0.017920,-15.620338,-0.123689,-4.565851,41.879371,-0.062500,-0.062500,-5.960227,5.585664,1.269814,-15.449155,-0.071970,-2.778555,1.000000
48.798077,-11.877768,-0.062500,-1.448427,8.560752,0.304633,-16.068036,-0.363345,-5.557984,41.452214,-0.062500,-0.062500,-5.317308,7.325612,0.879662,-15.282634,-0.068182,-2.635781,1.000000
48.698427,-14.133304,-0.062500,-0.926719,8.337267,-0.130682,-15.721445,-0.617424,-6.024184,41.068910,-0.062500,-0.062500,-4.228730,8.144085,0.438083,-14.760781,0.023747,-1.994755,1.000000
48.644959,-15.498397,-0.062500,-0.249709,6.741404,-0.395833,-14.937063,-0.777681,-5.566725,40.782780,-0.062500,-0.062500,-3.054341,8.646562,0.019814,-14.385635,-0.053759,-2.472902,1.000000
48.616841,-15.659237,-0.062500,-0.512383,4.365385,-0.422640,-14.375728,-0.851690,-5.564394,40.573281,-0.062500,-0.062500,-2.813957,7.708042,-0.240822,-13.564685,-0.045017,-1.990676,1.000000
48.623543,-14.282051,-0.062500,-1.121358,1.118298,-0.603147,-13.773164,-0.615967,-4.244464,40.496066,-0.062500,-0.062500,-2.749854,5.117861,-0.221008,-12.852418,0.067162,-1.187937,1.000000
48.620047,-14.341783,-0.062500,-1.958333,-1.390734,-0.890880,-11.081731,-0.393065,-2.152389,40.447552,-0.062500,-0.062500,-3.161713,3.055798,-0.072552,-9.793852,0.112325,-0.064685,1.000000
48.588287,-14.344988,-0.062500,-2.500728,-4.204400,-1.196824,-9.579545,-0.275495,-1.089452,40.336393,-0.062500,-0.062500,-3.175554,0.933421,-0.132430,-8.391317,-0.017483,-0.090472,1.000000
48.557401,-14.381993,-0.062500,-2.583333,-6.862179,-1.322115,-8.063666,-0.131993,-0.258450,40.240239,-0.062500,-0.062500,-2.847611,-1.458333,-0.155449,-7.167249,0.060460,-0.462995,1.000000
48.518502,-14.460082,-0.062500,-2.219988,-9.014714,-1.266754,-6.964598,0.234266,0.448864,40.186917,-0.062500,-0.062500,-2.147145,-3.756847,-0.127477,-6.085810,0.225233,-0.087267,1.000000
48.502477,-15.856643,-0.062500,-1.393065,-10.496212,-1.030740,-7.020979,0.315997,0.055070,40.168561,-0.062500,-0.062500,-1.070221,-4.532780,0.074738,-6.001457,0.335227,0.818910,1.000000
48.479604,-15.665355,-0.062500,-0.774038,-11.819347,-0.614073,-5.685169,0.521707,0.455128,40.164481,-0.062500,-0.062500,0.223922,-6.664481,0.392045,-4.391317,0.286859,1.155157,1.000000
48.438520,-14.237908,-0.062500,0.103147,-10.511072,-0.936917,-3.671766,0.671037,1.565997,40.178322,-0.062500,-0.062500,1.303467,-10.255536,0.737325,-2.319202,0.318765,1.466929,1.000000
48.442599,-11.918269,-0.062500,1.219406,-14.422640,-0.362908,-1.102564,0.728584,1.925991,40.269814,-0.062500,-0.062500,2.196678,-12.603001,0.951486,0.204545,0.360140,1.586393,1.000000
48.478147,-9.059878,-0.062500,2.805070,-14.046911,0.152244,1.426136,0.814394,2.603730,40.363491,6.194493,1.274913,3.374272,-12.966929,1.330711,2.820076,0.304779,1.513549,1.000000
48.519668,0.051865,-14.191871,3.808712,-16.593969,0.395542,4.261655,0.761946,3.786713,40.535839,4.630245,0.940559,3.906323,-15.320221,1.201049,5.844988,0.199883,1.248397,1.000000
48.559149,1.483100,-10.638549,4.192308,-20.994318,0.561043,7.230769,0.584207,4.308275,40.749563,-2.985723,12.737762,3.546766,-18.940997,0.631410,8.667104,0.045455,0.790938,1.000000
48.584790,-3.508304,6.625437,4.058275,-30.638695,0.889569,9.851253,0.244464,3.895688,40.984411,-14.949446,6.821678,2.501603,-23.313083,-0.275058,10.854458,-0.158508,0.141171,1.000000
48.608537,-13.566725,33.707314,3.492424,-32.450321,1.008596,11.888258,0.125000,3.497378,41.206876,-29.565268,-12.711684,1.185752,-28.022873,-1.278555,12.609557,-0.107080,-0.236888,1.000000
48.610723,-27.364365,66.676282,2.236451,-39.116987,1.231498,12.982080,0.135052,3.002622,41.396707,-50.444202,-56.549825,-0.381265,-34.801428,-2.702943,13.446533,-0.078234,-0.571241,1.000000
48.569347,-43.719551,101.545892,0.452797,-41.019814,1.253351,13.137966,-0.083333,2.498106,41.529866,-63.901807,-87.332896,-1.616113,-34.689977,-3.149184,13.260635,-0.097902,-0.196241,1.000000
48.516608,-63.383887,148.350233,-0.734994,-34.771270,0.911568,13.371503,0.012675,2.490676,41.628788,-69.491696,-105.060897,-2.508450,-36.125728,-3.442745,13.520542,-0.188520,-0.075758,1.000000
48.394376,-74.039190,171.691579,-2.245629,-29.051865,0.493298,13.471882,0.213141,2.842075,41.654429,-67.225087,-109.733829,-3.358246,-41.116259,-3.963287,13.654429,-0.145251,0.532197,1.000000
48.289190,-75.371358,171.569930,-4.000000,-28.696241,0.745192,13.765880,0.555070,2.518357,41.665938,-58.096300,-101.351690,-4.630245,-40.853584,-3.898456,14.095717,0.042395,1.251894,1.000000
48.133304,-67.332605,147.985286,-4.694784,-25.146416,0.779429,13.684732,1.057110,2.878497,41.617861,-38.950029,-79.914481,-5.077069,-33.984120,-2.938811,14.217075,0.336830,1.902244,1.000000
47.930361,-50.898310,100.937646,-5.621066,-28.002768,0.936480,14.042978,1.476544,3.466055,41.590472,-25.602564,-48.802885,-5.893794,-31.082459,-2.520833,14.769814,0.787733,2.320367,1.000000
47.678904,-38.278700,66.142920,-6.082459,-33.541084,1.330711,14.755682,1.810460,3.074883,41.549971,-13.534965,-7.050991,-6.031177,-32.701923,-2.288462,15.155157,1.184149,2.426719,1.000000
47.385927,-25.208625,33.343531,-5.840763,-42.559003,1.929196,14.704545,2.184441,2.166521,41.512529,-4.564831,11.017045,-5.724213,-32.377914,-1.952652,15.168269,1.671037,2.221300,1.000000
47.103438,-13.339015,6.479458,-5.111305,-47.619464,2.719551,14.065268,2.578526,1.430361,41.477273,-0.500291,14.717220,-4.947407,-30.957605,-1.640589,14.900204,2.256847,1.704108,1.000000
46.830857,-4.468823,-10.596591,-4.338141,-55.199883,3.291812,13.023164,2.971591,0.828526,41.453817,-3.141171,-0.062500,-3.935897,-29.410839,-1.534382,13.741259,2.743590,0.875146,1.000000
46.598922,-0.472756,-14.065997,-3.467075,-52.262675,3.253934,11.572990,3.255536,0.550408,41.439977,-0.831585,-0.062500,-2.718677,-21.904138,-0.754225,12.247815,3.123543,0.344260,1.000000
46.463141,-3.100816,-0.062500,-3.009324,-40.583042,2.296474,9.994318,3.476107,0.020688,41.419289,0.836976,-0.062500,-2.241841,-17.133450,-0.520979,10.493444,3.279720,-0.182110,1.000000
46.301282,6.596882,-0.188374,-2.358683,-36.141463,1.792832,8.572261,3.960082,-0.182984,41.346445,1.185752,-0.062500,-0.738491,-15.637821,-0.645251,9.181090,3.761801,-0.191871,1.000000
46.184295,6.354458,-0.151661,-2.368590,-30.949301,1.716783,6.777244,3.934441,-0.074301,41.363199,-0.062500,-0.062500,-0.306818,-11.115530,-0.303613,7.503059,3.611597,-0.128059,1.000000
46.066434,-9.718677,0.121503,-1.869610,-25.892628,1.866696,4.775787,3.399621,-0.121212,41.444202,-0.062500,-0.062500,0.254079,-6.255682,0.147290,5.435752,2.985431,-0.033654,1.000000
45.980478,-23.252040,0.326195,-1.432255,-21.870629,2.612617,3.016900,2.483537,-0.104604,41.560315,-0.062500,-0.062500,0.414627,-6.992133,0.084353,3.512238,2.003788,-0.055070,1.000000
45.886509,-31.459353,0.462413,-1.031031,-18.923951,3.151078,1.638258,1.361305,-0.199883,41.686626,-0.062500,-0.062500,0.601253,-11.083333,-0.062500,1.770396,0.722902,-0.111742,1.000000
45.866259,-35.562646,0.530157,0.214598,-18.458916,3.039481,0.158362,0.210810,-0.394814,41.874417,-0.062500,-0.062500,0.905012,-12.651224,-0.062500,0.505390,-0.549388,-0.423514,1.000000
45.821678,-35.561917,0.529429,0.804924,-20.250437,3.410985,-1.026807,-0.966929,-0.596591,43.349796,-0.062500,-0.062500,0.866259,-13.349213,-0.277535,-0.390589,-1.646270,-0.609703,1.000000
45.861014,-31.457168,0.460227,-0.354312,-18.343094,4.071678,-1.581294,-1.265152,-0.712413,41.819202,-0.062500,-0.062500,-0.495921,-13.651661,-0.008741,-1.152244,-2.247086,-0.759615,1.000000
45.682110,-23.248397,0.322552,-3.027098,-15.083333,3.577069,-2.137529,-1.737908,-0.889132,40.417104,-0.062500,-0.062500,-3.571824,-12.682547,0.048223,-1.716055,-2.854895,-0.702069,1.000000
45.175554,-10.935606,0.116404,-6.996503,-10.939685,2.812209,-1.756410,-1.424971,-0.759615,39.053176,-0.062500,-0.062500,-7.806235,-10.903700,0.329983,-1.472902,-2.584353,-0.356789,1.000000
44.460373,5.481206,-0.158217,-11.418269,-11.835373,3.148310,-0.843094,-0.202943,-0.389569,37.838578,-0.062500,-0.062500,-11.575321,-9.809441,0.639569,-0.280740,-1.210956,0.331294,1.000000
43.489802,7.322115,-0.183129,-14.690997,-10.614073,3.293706,-0.342803,0.692308,-0.013112,36.907634,-0.062500,-0.062500,-14.228001,-9.046766,0.831148,0.321096,-0.275787,1.051428,1.000000
42.390152,-0.062500,-0.062500,-16.197407,-9.509907,3.364073,0.042104,1.499126,0.365385,36.298660,-0.062500,-0.062500,-15.116987,-8.539773,0.904720,0.732663,0.587704,1.711684,1.000000
41.333479,-0.062500,-0.062500,-15.911568,-9.146707,3.317453,0.275204,2.079545,0.797931,36.117861,-0.062500,-0.062500,-14.598631,-8.074301,0.860286,0.938374,1.214307,2.019231,1.000000
40.393357,-0.062500,-0.062500,-14.050554,-8.564831,2.651661,0.430653,2.364073,1.043124,36.403263,-0.062500,-0.062500,-12.822698,-7.561334,0.697844,0.994610,1.599359,2.049388,1.000000
39.717657,-0.062500,-0.062500,-10.430216,-8.166084,1.446824,0.457459,2.303467,1.035693,37.261946,-0.062500,-0.062500,-9.554779,-7.312500,0.417395,0.958042,1.661859,1.682838,1.000000
39.281906,-0.062500,-0.062500,-6.911713,-7.347756,0.882867,0.185023,2.086247,0.892628,38.649913,-0.062500,-0.062500,-5.980186,-6.459207,-0.091200,0.661131,1.513112,1.267628,1.000000
39.163899,-0.062500,-0.062500,-4.148164,-6.493881,0.834790,-0.038024,2.098048,0.649330,37.240967,-0.062500,-0.062500,-3.285985,-5.820659,-0.026078,0.275495,1.308129,0.695513,1.000000
39.030886,-0.062500,-0.062500,-2.128788,-5.414481,-0.020396,-0.730624,1.431964,0.269085,37.156906,-0.062500,-0.062500,-1.720280,-4.890734,-0.140297,-0.341492,0.619610,0.248106,1.000000
38.891434,-0.062500,-0.062500,-0.813636,-4.925874,-0.308129,-0.936538,1.265472,0.114336,37.054283,-0.062500,-0.062500,-0.559615,-4.355070,-0.050699,-0.509615,0.437762,0.013636,1.000000
38.817395,-0.062500,-0.062500,-0.144318,-4.638462,-0.404283,-1.024738,1.205769,0.000087,36.986189,-0.062500,-0.062500,-0.000350,-3.937850,0.166958,-0.525350,0.372902,-0.120455,1.000000
38.808770,-0.062500,-0.062500,-0.120833,-4.552244,-0.308858,-0.995221,1.252855,-0.073660,36.952622,-0.062500,-0.062500,-0.042483,-3.639073,0.512675,-0.388695,0.425029,-0.154167,1.000000
38.865559,-0.062500,-0.062500,-0.743182,-4.667220,-0.021853,-0.847990,1.406731,-0.106906,36.953584,-0.062500,-0.062500,-0.686014,-3.458741,0.986451,-0.099650,0.594143,-0.087500,1.000000
38.987762,-0.062500,-0.062500,-2.011364,-4.983392,0.456731,-0.583042,1.667395,-0.099650,36.989073,-0.062500,-0.062500,-1.930944,-3.396853,1.588287,0.341783,0.880245,0.079545,1.000000
