28.188684,-15.091718,-0.062500,-0.109673,1.549726,-0.023032,0.084267,0.835152,0.152219,85.751112,-0.061763,-0.062508,-0.657855,0.906842,0.040718,0.398605,0.049308,0.492326,1.000000
28.185387,-15.103399,-0.062500,0.002483,1.487996,-0.027488,0.062399,0.766202,0.127122,85.747826,-0.063995,-0.062484,-0.564945,0.929209,-0.009368,0.413586,0.055682,0.426736,1.000000
28.184207,-15.112230,-0.062500,0.079134,1.381337,-0.034438,-0.017979,0.676016,0.099016,85.746753,-0.060620,-0.062520,-0.468122,0.965819,-0.032765,0.390375,0.037366,0.354928,1.000000
28.184786,-15.118624,-0.062500,0.122060,1.243917,-0.043451,-0.146852,0.564488,0.071298,85.747545,-0.064035,-0.062484,-0.369631,1.014138,-0.029898,0.330509,-0.004314,0.281602,1.000000
28.186165,-15.123301,-0.062500,0.135288,1.115356,-0.052262,-0.292141,0.430959,0.054761,85.749065,-0.062304,-0.062502,-0.276719,1.064499,-0.002078,0.240891,-0.067972,0.222524,1.000000
28.187558,-15.127349,-0.062500,0.117295,1.033390,-0.058533,-0.417590,0.280331,0.059376,85.750144,-0.057467,-0.062553,-0.198591,1.106430,0.051028,0.136627,-0.147381,0.190408,1.000000
28.188799,-15.132099,-0.062500,0.057898,1.010852,-0.061544,-0.500723,0.126570,0.086789,85.750316,-0.073440,-0.062383,-0.141947,1.135887,0.131499,0.039247,-0.228605,0.183544,1.000000
28.189996,-15.138814,-0.062500,-0.054526,1.035129,-0.062485,-0.538438,-0.010724,0.128932,85.749974,-0.079316,-0.062321,-0.107228,1.159020,0.239272,-0.030902,-0.291999,0.186513,1.000000
28.190729,-15.148179,-0.062500,-0.221580,1.087722,-0.062659,-0.535423,-0.112961,0.174242,85.749725,-0.011455,-0.063043,-0.089259,1.187087,0.367894,-0.060118,-0.321125,0.183150,1.000000
28.190261,-15.159868,-0.062500,-0.433263,1.149220,-0.062829,-0.503153,-0.166101,0.211021,85.749990,0.030423,-0.063489,-0.079480,1.233582,0.505547,-0.044414,-0.309482,0.162174,1.000000
28.187731,-15.172890,-0.062500,-0.668129,1.200874,-0.063120,-0.459250,-0.166503,0.230122,85.750833,-0.130139,-0.061779,-0.069652,1.312633,0.638387,0.007904,-0.263557,0.120887,1.000000
28.182265,-15.186296,-0.062500,-0.897206,1.229033,-0.063276,-0.422105,-0.121386,0.225622,85.751964,-0.448734,-0.058384,-0.055800,1.432815,0.755841,0.080673,-0.199130,0.065531,1.000000
28.173543,-15.199667,-0.062500,-1.093286,1.237026,-0.063003,-0.405752,-0.045827,0.196845,85.752854,-0.572923,-0.057063,-0.040256,1.591450,0.855469,0.155706,-0.134686,0.007413,1.000000
28.162320,-15.212824,-0.062500,-1.241578,1.248411,-0.062499,-0.417344,0.041144,0.149332,85.752855,-0.086048,-0.062251,-0.031738,1.778592,0.943204,0.215741,-0.083771,-0.042739,1.000000
28.150157,-15.225477,-0.062500,-1.343094,1.294019,-0.062243,-0.454374,0.119072,0.093423,85.751187,1.242872,-0.076411,-0.043365,1.983758,1.027975,0.248628,-0.052273,-0.076102,1.000000
28.138920,-15.237318,-0.062500,-1.410363,1.400917,-0.062370,-0.504580,0.171357,0.040583,85.746781,3.083466,-0.096018,-0.087169,2.194868,1.115950,0.252777,-0.039620,-0.088552,1.000000
28.130253,-15.248695,-0.062500,-1.457818,1.582488,-0.062539,-0.551821,0.188706,-0.000195,85.738796,4.416198,-0.110197,-0.168699,2.396090,1.206346,0.235826,-0.041751,-0.084105,1.000000
28.124946,-15.260417,-0.062500,-1.496616,1.831044,-0.062547,-0.582649,0.172293,-0.026674,85.727347,3.911519,-0.104806,-0.287874,2.568100,1.288701,0.210164,-0.051382,-0.071344,1.000000
28.122600,-15.273167,-0.062500,-1.537650,2.123221,-0.062494,-0.589479,0.134034,-0.041113,85.713520,0.322023,-0.066589,-0.443056,2.689693,1.343062,0.190059,-0.060786,-0.058184,1.000000
28.122072,-15.287170,-0.062500,-1.592421,2.436381,-0.062490,-0.570260,0.092397,-0.044584,85.698442,-7.445971,0.016135,-0.635195,2.743542,1.345953,0.187371,-0.065642,-0.051818,1.000000
28.122141,-15.302448,-0.062500,-1.665811,2.750962,-0.062503,-0.530706,0.063765,-0.038631,85.682888,-19.735905,0.147099,-0.869130,2.725695,1.278852,0.206731,-0.066057,-0.059364,1.000000
28.121911,-15.319159,-0.062500,-1.748277,3.051650,-0.062501,-0.483513,0.058140,-0.031485,85.667113,-35.527707,0.315485,-1.147598,2.645489,1.136418,0.244208,-0.064187,-0.083441,1.000000
28.121156,-15.338041,-0.062500,-1.811764,3.332724,-0.062498,-0.445363,0.078372,-0.034909,85.650778,-52.616550,0.497655,-1.459570,2.517329,0.931750,0.288271,-0.062007,-0.118741,1.000000
28.120612,-15.359726,-0.062500,-1.814040,3.601451,-0.062501,-0.432443,0.121220,-0.057038,85.633299,-68.413730,0.665663,-1.776963,2.351706,0.693882,0.320950,-0.059877,-0.149488,1.000000
28.121857,-15.384040,-0.062500,-1.713891,3.873187,-0.062500,-0.453169,0.180340,-0.094791,85.614365,-80.713084,0.795681,-2.063336,2.151660,0.457248,0.323235,-0.057169,-0.148000,1.000000
28.126774,-15.410457,-0.062500,-1.486342,4.171391,-0.062500,-0.498640,0.251824,-0.126667,85.593654,-88.492395,0.876892,-2.285359,1.913711,0.251403,0.281448,-0.054642,-0.081030,1.000000
28.136785,-15.438940,-0.062500,-1.130317,4.510822,-0.062500,-0.544541,0.335753,-0.115105,85.571241,-92.092740,0.913476,-2.421152,1.634974,0.094901,0.191667,-0.055710,0.077321,1.000000
28.152411,-15.470210,-0.062500,-0.677387,4.874862,-0.062500,-0.562933,0.435905,-0.023951,85.548435,-92.605646,0.918018,-2.466448,1.323081,-0.007062,0.063144,-0.063668,0.337414,1.000000
28.172910,-15.503325,-0.062500,-0.196678,5.212518,-0.062500,-0.532419,0.558918,0.169020,85.527555,-91.277011,0.905093,-2.434332,1.006127,-0.061215,-0.081031,-0.078973,0.685923,1.000000
28.196516,-15.539061,-0.062500,0.225595,5.460206,-0.062500,-0.444056,0.708094,0.464115,85.510793,-89.435773,0.890372,-2.349983,0.736267,-0.080861,-0.212972,-0.099994,1.080087,1.000000
28.221272,-15.575528,-0.062500,0.523388,5.561581,-0.062500,-0.307354,0.874390,0.829816,85.499613,-88.101927,0.886154,-2.241924,0.582609,-0.081039,-0.309137,-0.122319,1.454755,1.000000
28.245650,-15.606926,-0.062500,0.675563,5.490097,-0.062500,-0.148160,1.036124,1.202669,85.494359,-87.607183,0.896861,-2.127492,0.606863,-0.074860,-0.356218,-0.137624,1.743327,1.000000
28.268682,-15.638060,-0.062500,0.713880,5.258254,-0.062500,-0.002098,1.166529,1.507373,85.494358,-87.722176,0.919626,-1.999335,0.833396,-0.069791,-0.353724,-0.136567,1.901234,1.000000
28.290363,-15.680279,-0.062500,0.714220,4.916800,-0.062500,0.090615,1.242120,1.679564,85.498908,-88.031831,0.948082,-1.828146,1.232044,-0.067007,-0.313329,-0.112667,1.922212,1.000000
28.311833,-15.715487,-0.062500,0.766808,4.545688,-0.062500,0.097831,1.250404,1.689413,85.507633,-88.185548,0.975822,-1.580378,1.725783,-0.065301,-0.251388,-0.062801,1.836086,1.000000
28.334876,-15.712352,-0.062500,0.944101,4.241391,-0.062500,0.013331,1.194279,1.558317,85.519812,-88.140580,0.999887,-1.237437,2.217815,-0.063635,-0.183524,0.010724,1.689494,1.000000
28.361155,-15.680369,-0.062500,1.281255,4.082526,-0.062500,-0.140161,1.088417,1.351223,85.534503,-88.074187,1.020345,-0.806083,2.625309,-0.061712,-0.121194,0.097294,1.528080,1.000000
28.391807,-15.684975,-0.062500,1.760495,4.098415,-0.062500,-0.322500,0.952076,1.144805,85.551329,-88.085777,1.037470,-0.318267,2.905317,-0.060311,-0.069220,0.181179,1.385829,1.000000
28.426668,-15.802910,-0.062500,2.305409,4.259787,-0.062500,-0.488658,0.805089,1.001014,85.570254,-88.110380,1.050815,0.178499,3.064716,-0.060640,-0.026132,0.245426,1.278005,1.000000
28.463920,-16.076050,-0.062500,2.805335,4.500485,-0.062500,-0.601271,0.663081,0.949976,85.591200,-88.115991,1.061096,0.633569,3.151304,-0.062659,0.008781,0.272400,1.202807,1.000000
28.501215,-16.443001,-0.062500,3.155150,4.745352,-0.062500,-0.639561,0.532324,0.984539,85.613746,-88.124792,1.070217,1.004329,3.233140,-0.065846,0.033232,0.249241,1.149434,1.000000
28.536617,-16.716868,-0.062500,3.283378,4.935907,-0.062500,-0.599301,0.411821,1.069862,85.636773,-88.138849,1.079869,1.268070,3.370672,-0.070246,0.043790,0.174116,1.105960,1.000000
28.568500,-16.654940,-0.062500,3.170841,5.037221,-0.062500,-0.492653,0.300025,1.161640,85.658544,-88.149753,1.090571,1.430212,3.591635,-0.074974,0.038468,0.054793,1.072652,1.000000
28.595859,-16.029707,-0.062500,2.858234,5.041103,-0.062500,-0.350812,0.198521,1.219989,85.678008,-88.162745,1.101639,1.522269,3.884095,-0.076687,0.018757,-0.091844,1.062939,1.000000
28.618987,-14.642046,-0.062500,2.430547,4.963627,-0.062500,-0.214877,0.113008,1.224506,85.695189,-88.176115,1.111747,1.590513,4.210298,-0.070740,-0.008763,-0.239016,1.085124,1.000000
28.639172,-12.429686,-0.062500,1.992704,4.842423,-0.062500,-0.120278,0.051958,1.180075,85.710724,-88.191200,1.119726,1.678787,4.527594,-0.051926,-0.036116,-0.357629,1.127525,1.000000
28.657997,-9.578064,-0.062500,1.644594,4.725337,-0.062500,-0.087694,0.021880,1.108159,85.725510,-88.208478,1.124959,1.812321,4.805576,-0.015642,-0.056870,-0.427815,1.164264,1.000000
28.676975,-6.487695,-0.062500,1.450549,4.656037,-0.062500,-0.120519,0.023988,1.030305,85.740862,-88.228162,1.127583,1.991530,5.033799,0.039232,-0.066003,-0.441756,1.162179,1.000000
28.696961,-3.629041,-0.062500,1.420742,4.659210,-0.062500,-0.206847,0.055471,0.956329,85.757967,-88.250044,1.128135,2.196373,5.218427,0.108701,-0.060916,-0.404903,1.092238,1.000000
28.717718,-1.402963,-0.062500,1.524321,4.745663,-0.062500,-0.327926,0.111467,0.879545,85.777763,-88.273706,1.127258,2.396958,5.373353,0.185349,-0.044975,-0.335762,0.946794,1.000000
28.739010,0.004906,-0.062500,1.714604,4.917028,-0.062500,-0.461920,0.184491,0.787413,85.800691,-88.299097,1.125900,2.566573,5.513562,0.259330,-0.025756,-0.257620,0.744228,1.000000
28.761403,0.656179,-0.062500,1.948340,5.166469,-0.062500,-0.584067,0.266117,0.676243,85.826546,-88.326545,1.125017,2.693619,5.648391,0.318717,-0.010358,-0.189445,0.517203,1.000000
28.785568,0.748470,-0.062500,2.198304,5.481066,-0.062500,-0.672374,0.350329,0.556505,85.854278,-88.355762,1.124907,2.784936,5.775645,0.352460,-0.002832,-0.144487,0.307392,1.000000
28.811754,0.507532,-0.062500,2.456155,5.848007,-0.062500,-0.714066,0.434724,0.448940,85.882755,-88.385644,1.125127,2.860949,5.884619,0.354154,-0.002710,-0.125906,0.150529,1.000000
28.840183,0.174225,-0.062500,2.723238,6.244661,-0.062500,-0.703887,0.517627,0.378108,85.911362,-88.415184,1.124792,2.947809,5.967027,0.323106,-0.004285,-0.125160,0.057560,1.000000
28.870905,-0.066647,-0.062500,3.004617,6.634225,-0.062500,-0.643822,0.595005,0.359051,85.940218,-88.444019,1.124690,3.065978,6.023204,0.264664,0.000029,-0.129004,0.015068,1.000000
28.903821,-0.154994,-0.062500,3.302404,6.969985,-0.062500,-0.544460,0.658060,0.389048,85.969833,-88.472022,1.120979,3.218355,6.060732,0.189599,0.016086,-0.127867,0.001937,1.000000
28.939152,-0.132503,-0.062500,3.606811,7.203306,-0.062500,-0.422773,0.695148,0.448493,86.001022,-88.499072,1.125377,3.389434,6.090338,0.110572,0.047379,-0.117476,-0.002707,1.000000
28.977179,-0.074744,-0.062500,3.896610,7.296099,-0.062500,-0.299423,0.696976,0.505829,86.034488,-88.524941,1.121688,3.554646,6.122877,0.038486,0.093058,-0.099854,-0.012735,1.000000
29.017491,-0.045661,-0.062500,4.151657,7.246742,-0.062500,-0.196895,0.662146,0.527327,86.070833,-88.549476,1.114675,3.694437,6.167305,-0.018349,0.145675,-0.081097,-0.030466,1.000000
29.059478,-0.053258,-0.062500,4.359824,7.094904,-0.062500,-0.131066,0.596726,0.495393,86.110435,-88.572924,1.151378,3.805813,6.230471,-0.055374,0.195486,-0.066150,-0.050798,1.000000
29.103115,-0.065546,-0.062500,4.519750,6.905866,-0.062500,-0.104229,0.512395,0.417422,86.153376,-88.596151,1.170892,3.902266,6.314207,-0.073671,0.235834,-0.056617,-0.068337,1.000000
29.148755,-0.064478,-0.062500,4.639764,6.750220,-0.062500,-0.108233,0.424569,0.319450,86.199022,-88.619577,1.044537,4.000259,6.411352,-0.078424,0.263453,-0.053487,-0.077247,1.000000
29.196539,-0.061601,-0.062500,4.732008,6.683282,-0.062500,-0.129853,0.349537,0.233651,86.246229,-88.642248,0.972321,4.107266,6.505659,-0.075473,0.278891,-0.055479,-0.075809,1.000000
29.246287,-0.062427,-0.062500,4.806613,6.718768,-0.062500,-0.153233,0.297310,0.185718,86.294167,-88.662198,1.308641,4.221514,6.578355,-0.069809,0.287271,-0.060110,-0.068205,1.000000
29.297466,-0.062795,-0.062500,4.875405,6.825999,-0.062500,-0.166453,0.267580,0.182743,86.343123,-88.677593,1.963353,4.337366,6.613396,-0.064889,0.294141,-0.063168,-0.060041,1.000000
29.349626,-0.062331,-0.062500,4.953428,6.946689,-0.062500,-0.167100,0.250338,0.212963,86.394196,-88.687213,2.226563,4.448133,6.597835,-0.061990,0.301848,-0.064259,-0.055450,1.000000
29.402862,-0.062556,-0.062500,5.054577,7.020846,-0.062500,-0.160092,0.232324,0.254967,86.448616,-88.690601,1.259563,4.548785,6.522273,-0.061041,0.310733,-0.065135,-0.057565,1.000000
29.457555,-0.062487,-0.062500,5.185110,7.012212,-0.062500,-0.153657,0.204356,0.287930,86.507172,-88.687896,-1.402293,4.638722,6.384884,-0.061532,0.317916,-0.062224,-0.066387,1.000000
29.513999,-0.062502,-0.062500,5.340864,6.925580,-0.062500,-0.156626,0.166507,0.299586,86.570170,-88.679868,-5.093139,4.724364,6.193662,-0.062451,0.315411,-0.053761,-0.079135,1.000000
29.572255,-0.062500,-0.062500,5.506178,6.794532,-0.062500,-0.173082,0.125678,0.291278,86.636948,-88.667857,-7.759489,4.817675,5.967465,-0.062788,0.296746,-0.055162,-0.089836,1.000000
29.632041,-0.062500,-0.062500,5.658655,6.655039,-0.062500,-0.199973,0.091731,0.273633,86.705622,-88.653654,-6.724561,4.928211,5.732674,-0.062585,0.262815,-0.073982,-0.089034,1.000000
29.692898,-0.062500,-0.062500,5.775755,6.523835,-0.062500,-0.232515,0.073463,0.257728,86.773449,-88.638870,0.521672,5.053872,5.514320,-0.062444,0.218401,-0.091216,-0.068273,1.000000
29.754136,-0.062500,-0.062500,5.841508,6.395787,-0.062500,-0.268079,0.076710,0.249220,86.837701,-88.624349,16.178996,5.179861,5.328779,-0.062486,0.168916,-0.079228,-0.025414,1.000000
29.814681,-0.062500,-0.062500,5.850612,6.253009,-0.062500,-0.303830,0.102104,0.246998,86.896755,-88.610258,40.936252,5.288654,5.183014,-0.062510,0.120930,-0.031815,0.037290,1.000000
29.873384,-0.062500,-0.062500,5.812320,6.081399,-0.062500,-0.336966,0.145040,0.244026,86.951049,-88.596910,72.737173,5.374527,5.075538,-0.062499,0.081065,0.035355,0.111622,1.000000
29.929746,-0.062500,-0.062500,5.750262,5.881017,-0.062500,-0.366356,0.196639,0.232042,87.002271,-88.585204,107.141589,5.448127,4.996823,-0.062499,0.056064,0.073643,0.179251,1.000000
29.984398,-0.062500,-0.062500,5.696340,5.670359,-0.062500,-0.390134,0.248805,0.205823,87.052067,-88.576166,138.938241,5.528368,4.931512,-0.062494,0.053898,0.023099,0.218530,1.000000
30.039201,-0.062500,-0.062500,5.678879,5.481981,-0.062500,-0.405226,0.297116,0.165101,87.101805,-88.570029,163.686968,5.630747,4.861956,-0.062534,0.078540,-0.143053,0.216693,1.000000
30.096891,-0.062500,-0.062500,5.715801,5.352754,-0.062500,-0.410629,0.340775,0.114586,87.153063,-88.565978,179.332338,5.760330,4.773238,-0.062387,0.123741,-0.417570,0.174278,1.000000
30.159785,-0.062500,-0.062500,5.809888,5.307140,-0.062500,-0.406750,0.380045,0.062365,87.206997,-88.562334,186.564538,5.909323,4.660963,-0.062733,0.177075,-0.788410,0.105213,1.000000
30.228210,-0.062500,-0.062500,5.944321,5.342828,-0.062500,-0.394124,0.415537,0.016115,87.263896,-88.557111,187.584206,6.058420,4.533904,-0.062315,0.226701,-1.190147,0.031335,1.000000
30.300343,-0.062500,-0.062500,6.083882,5.427333,-0.062500,-0.375749,0.445671,-0.019474,87.323246,-88.548901,184.901613,6.180657,4.407022,-0.062085,0.261334,-1.500884,-0.029777,1.000000
30.372896,-0.062500,-0.062500,6.187280,5.515021,-0.062500,-0.357139,0.467246,-0.042985,87.384073,-88.537201,181.193351,6.246479,4.293610,-0.063946,0.270604,-1.613711,-0.070845,1.000000
30.442334,-0.062500,-0.062500,6.217962,5.568414,-0.062500,-0.343214,0.476743,-0.055360,87.445649,-88.522195,178.512496,6.232832,4.198797,-0.063035,0.249817,-1.494063,-0.089891,1.000000
30.506313,-0.062500,-0.062500,6.153147,5.568237,-0.062498,-0.338704,0.470026,-0.058870,87.508296,-88.503967,177.523168,6.133771,4.116204,-0.056332,0.203533,-1.176334,-0.089151,1.000000
30.564380,-0.062500,-0.062500,5.991884,5.511954,-0.062505,-0.346706,0.440996,-0.055592,87.572361,-88.485914,177.764808,5.960072,4.031308,-0.058689,0.145488,-0.766991,-0.077392,1.000000
30.617639,-0.062500,-0.062500,5.754628,5.410001,-0.062489,-0.363933,0.386559,-0.047396,87.637275,-88.463980,178.387793,5.728011,3.927427,-0.077101,0.094810,-0.388783,-0.065118,1.000000
30.668116,-0.062500,-0.062500,5.473242,5.278262,-0.062509,-0.381856,0.309190,-0.036874,87.701907,-88.447155,178.699552,5.451042,3.787935,-0.091477,0.066900,-0.109145,-0.058618,1.000000
30.718068,-0.062500,-0.062500,5.180911,5.130999,-0.062519,-0.392752,0.216876,-0.026547,87.765321,-88.433069,178.606981,5.136066,3.603487,-0.073754,0.066732,0.058366,-0.058615,1.000000
30.769021,-0.062500,-0.062500,4.901599,4.977938,-0.062433,-0.391493,0.121669,-0.019496,87.826591,-88.397745,178.419710,4.785601,3.384816,-0.018178,0.089262,0.105370,-0.061603,1.000000
30.820980,-0.062499,-0.062502,4.641727,4.822077,-0.062466,-0.376905,0.038549,-0.019179,87.884801,-88.370484,178.400745,4.405578,3.159626,0.058197,0.124793,0.058246,-0.063307,1.000000
30.872612,-0.062510,-0.062479,4.386722,4.656396,-0.062830,-0.354184,-0.020003,-0.025980,87.938912,-88.414770,178.550992,4.004731,2.956978,0.104619,0.164317,-0.020758,-0.062708,1.000000
30.921454,-0.062433,-0.062643,4.106920,4.483415,-0.062539,-0.334880,-0.047754,-0.036038,87.987403,-88.431110,178.607336,3.587228,2.809182,0.058730,0.201694,-0.077585,-0.061711,1.000000
30.964536,-0.062812,-0.061829,3.775563,4.333609,-0.062118,-0.334268,-0.047874,-0.047516,88.028801,-88.245014,178.258798,3.159701,2.751066,-0.107683,0.228562,-0.091490,-0.062791,1.000000
30.999730,-0.061475,-0.064702,3.386028,4.231680,-0.060847,-0.367650,-0.031665,-0.061648,88.062735,-87.900499,177.599777,2.739732,2.779502,-0.388259,0.233737,-0.067146,-0.066276,1.000000
31.028569,-0.064614,-0.057955,2.973542,4.186033,-0.061598,-0.437707,-0.015101,-0.074169,88.091131,-87.750654,177.328308,2.350186,2.846082,-0.768035,0.215115,-0.036983,-0.067989,1.000000
31.056072,-0.060825,-0.066102,2.588984,4.220236,-0.066336,-0.528252,-0.011343,-0.065527,88.117274,-88.217938,178.300550,2.002385,2.895956,-1.181065,0.190066,-0.028743,-0.062031,1.000000
31.086232,-0.058734,-0.070596,2.254179,4.339738,-0.068190,-0.615639,-0.027270,-0.011226,88.143889,-89.526552,180.980672,1.692963,2.889615,-1.505756,0.181885,-0.044504,-0.051166,1.000000
31.118829,-0.075610,-0.034319,1.927296,4.491301,-0.064080,-0.686139,-0.061522,0.096332,88.171774,-91.331086,184.700111,1.394595,2.829929,-1.626700,0.199494,-0.077664,-0.044669,1.000000
31.149706,-0.067347,-0.052054,1.483595,4.639574,-0.065710,-0.738865,-0.107728,0.233007,88.199058,-92.635476,187.392228,1.046668,2.834850,-1.501912,0.225774,-0.133747,-0.045703,1.000000
31.169434,-0.006589,-0.182822,0.754229,4.813202,-0.071951,-0.779967,-0.155507,0.348380,88.220817,-92.148486,186.362356,0.589421,3.097935,-1.178932,0.219428,-0.208204,-0.049178,1.000000
31.164249,-0.027798,-0.136746,-0.327436,5.050858,-0.071200,-0.823074,-0.194860,0.384272,88.231954,-88.594860,179.082716,0.024694,3.758349,-0.770336,0.127705,-0.282306,-0.050495,1.000000
31.117875,-0.195226,0.222218,-1.668999,5.408551,-0.053381,-0.907588,-0.220912,0.297356,88.225689,-80.794773,163.337659,-0.579403,4.844846,-0.377339,-0.102469,-0.337103,-0.051436,1.000000
31.014411,-0.325163,0.502333,-3.070629,6.017476,-0.001916,-1.103475,-0.238689,0.067320,88.191037,-68.347651,138.432252,-1.099101,6.296284,-0.039072,-0.527513,-0.363169,-0.071060,1.000000
30.846097,-0.163908,0.157472,-4.291757,7.030614,0.106120,-1.481095,-0.249983,-0.287534,88.116696,-52.300063,106.434846,-1.379539,7.954733,0.232934,-1.190403,-0.353882,-0.134942,1.000000
30.629405,0.337214,-0.926129,-5.072891,8.655375,0.240380,-2.048913,-0.245022,-0.691412,88.004484,-34.991783,71.814246,-1.299323,9.705757,0.405625,-2.067718,-0.303421,-0.244028,1.000000
30.411108,1.030170,-2.417893,-5.253260,11.247145,0.313924,-2.714248,-0.213272,-1.023131,87.876639,-19.215245,39.816072,-0.848508,11.655369,0.441651,-3.015014,-0.210460,-0.372540,1.000000
30.258585,1.464812,-3.326496,-4.838573,15.183169,0.227552,-3.284182,-0.166214,-1.177255,87.776361,-7.323824,14.909762,-0.135007,14.121307,0.328644,-3.764817,-0.097202,-0.512208,1.000000
30.244436,1.051394,-2.420360,-4.007419,20.671412,-0.120478,-3.493861,-0.132406,-1.118268,87.759309,-0.387512,-0.835546,0.610982,17.503645,0.087875,-3.981265,-0.004547,-0.676453,1.000000
30.431104,-0.493017,0.833726,-3.105922,27.749201,-0.802253,-3.048155,-0.133071,-0.887203,87.877191,1.945745,-8.112725,1.049594,22.192874,-0.248076,-3.357571,0.039779,-0.853233,1.000000
30.849088,-3.090822,6.293088,-2.541883,36.170235,-1.753553,-1.700424,-0.151804,-0.562686,88.158706,0.940147,-9.140779,0.850593,28.296505,-0.661381,-1.720266,0.054164,-0.979865,1.000000
31.485914,-6.561214,13.727944,-2.489135,45.265906,-2.799571,0.643135,-0.135269,-0.216254,88.602793,-1.733510,-6.436121,-0.128449,35.395902,-1.102869,0.897895,0.092629,-0.977212,1.000000
32.284000,-10.196759,21.750442,-2.886282,54.091008,-3.737601,3.822223,-0.019124,0.109447,89.169464,-4.246757,-2.709994,-1.833255,42.617866,-1.458600,4.239612,0.207255,-0.796521,1.000000
33.147274,-12.808104,27.828633,-3.638447,61.700473,-4.353064,7.413037,0.229683,0.383919,89.778660,-5.296868,-0.025194,-4.052083,48.912120,-1.600749,7.847810,0.408383,-0.462265,1.000000
33.963435,-13.538735,30.039496,-4.688548,67.277158,-4.456092,10.830999,0.603039,0.583632,90.330256,-4.642816,0.993701,-6.437856,53.298358,-1.472284,11.155057,0.673798,-0.048952,1.000000
34.641632,-12.360319,28.049333,-5.943440,70.373376,-3.987724,13.510706,1.057496,0.708306,90.740923,-2.956701,0.753944,-8.570893,55.224534,-1.116865,13.638581,0.980287,0.390034,1.000000
35.135383,-9.790962,22.449899,-7.287552,71.108452,-3.038571,15.061421,1.520362,0.780182,90.969083,-1.279236,-0.026616,-10.048801,54.762975,-0.668961,14.980976,1.303108,0.848705,1.000000
35.445079,-6.795389,14.639301,-8.502898,70.012752,-1.815366,15.347255,1.890548,0.826796,91.025512,-0.566675,-0.435407,-10.492816,52.456355,-0.281568,15.130172,1.590718,1.313497,1.000000
35.607648,-4.447765,6.315397,-9.242402,67.751201,-0.632385,14.484477,2.081823,0.877782,90.963619,-1.275005,-0.031765,-9.651306,49.058277,-0.040588,14.262358,1.785068,1.741596,1.000000
35.682057,-3.307251,-1.502866,-9.169477,65.027495,0.172091,12.792624,2.074344,0.970022,90.856281,-3.282030,0.738111,-7.548212,45.382869,0.050972,12.693966,1.864853,2.095982,1.000000
35.729089,-3.407857,-8.117363,-8.074323,62.382353,0.400938,10.687511,1.940092,1.157695,90.769278,-6.050764,0.972578,-4.519235,42.062784,0.026777,10.780885,1.869036,2.381170,1.000000
35.799535,-4.857997,-11.816018,-5.824298,60.079691,0.020876,8.559264,1.794595,1.499859,90.748911,-8.841266,-0.024804,-1.083427,39.414573,-0.024481,8.829704,1.857806,2.601501,0.999999
35.924580,-7.710843,-10.584504,-2.529298,58.217608,-0.893406,6.667964,1.721845,1.994761,90.812426,-10.897375,-2.651251,2.134221,37.521558,0.037853,7.063404,1.844912,2.711612,1.000002
36.111746,-11.943844,-2.647214,1.259220,56.834737,-2.139661,5.111632,1.715720,2.536296,90.944138,-11.887007,-6.301487,4.510490,36.328125,0.350565,5.598842,1.768105,2.623496,1.000000
36.349416,-17.805714,13.840742,4.646712,55.858538,-3.397493,3.861517,1.701998,2.957293,91.100675,-12.188798,-8.957662,5.582274,35.647737,0.984093,4.449350,1.557791,2.303359,0.999991
36.615111,-25.557964,39.645430,6.729919,55.148231,-4.316775,2.844230,1.603904,3.100440,91.231247,-12.678220,-7.961837,5.215515,35.251518,1.902015,3.564466,1.225457,1.851913,1.000005
36.879738,-34.683972,72.372270,6.928695,54.530018,-4.630545,1.997158,1.405487,2.878536,91.299032,-14.317721,-0.848435,3.649136,34.908188,2.940348,2.885349,0.868668,1.486730,1.000040
37.118000,-43.796420,106.544670,5.235704,53.824156,-4.261096,1.294873,1.154173,2.358944,91.291791,-17.944196,14.557964,1.430202,34.378212,3.865035,2.348841,0.600597,1.408874,1.000004
37.316307,-51.050448,135.221778,2.172443,52.927802,-3.370961,0.757695,0.943342,1.768011,91.215961,-23.934398,38.942386,-0.862706,33.518365,4.469697,1.922808,0.502998,1.700812,0.999875
37.473379,-54.586212,151.787282,-1.494863,51.898948,-2.274413,0.438737,0.876840,1.374998,91.086545,-31.896796,70.297397,-2.887759,32.375448,4.634522,1.634533,0.611887,2.313544,0.999829
37.595063,-53.115601,151.953475,-4.988984,50.804255,-1.269701,0.358136,1.034520,1.367471,90.912694,-40.698296,104.259444,-4.627934,31.078480,4.336405,1.534379,0.916799,3.129437,0.999972
37.686605,-46.641729,135.732354,-7.634821,49.582943,-0.519531,0.453759,1.413953,1.782074,90.690749,-48.891249,135.739498,-6.205635,29.686240,3.659386,1.641474,1.343284,3.980560,1.000417
37.741058,-36.430840,107.147950,-8.998167,48.031430,-0.041885,0.580844,1.908672,2.444446,90.410012,-55.194803,160.378467,-7.675771,28.133394,2.774668,1.941085,1.741475,4.668559,1.000977
37.739489,-24.521525,72.622233,-9.007237,45.812559,0.254470,0.544241,2.340876,3.039084,90.061048,-58.987782,176.104071,-8.933805,26.188481,1.889739,2.294115,1.927406,4.991626,1.001013
37.656899,-13.265396,39.507510,-7.922948,42.439027,0.510742,0.152201,2.546261,3.273409,89.637831,-60.483187,183.640862,-9.745588,23.455793,1.189684,2.363829,1.783712,4.789122,1.000468
37.469588,-4.623077,13.885955,-6.164172,37.421875,0.861765,-0.716664,2.439944,2.965793,89.150678,-60.367190,185.252046,-9.756788,19.532697,0.763379,1.684213,1.326513,3.949191,0.999903
37.159781,0.586513,-1.685085,-4.096817,30.543586,1.360421,-2.078625,2.051957,2.075748,88.639039,-59.301767,183.155614,-8.641668,14.271960,0.578480,-0.155431,0.679493,2.418684,0.998238
36.734435,2.727073,-8.221611,-1.967870,22.106308,1.933445,-3.807381,1.496079,0.796119,88.165437,-57.920803,179.570357,-6.313287,7.928790,0.524910,-3.349566,-0.011561,0.184994,0.993641
36.244285,2.778017,-8.588433,0.012981,12.961085,2.419660,-5.614630,0.912389,-0.498986,87.798890,-56.833294,176.558072,-3.077287,1.183161,0.486214,-7.705511,-0.630075,-2.650425,0.987176
35.765952,1.820039,-5.914704,1.589671,4.275447,2.666658,-7.148785,0.412997,-1.454536,87.595724,-56.473897,175.458811,0.410029,-5.036436,0.391327,-12.622201,-1.085614,-5.784322,0.983714
35.346929,0.770972,-2.639385,2.507760,-2.851890,2.615816,-8.157486,0.066296,-1.878156,87.571608,-56.985108,176.663700,3.333719,-9.850266,0.241983,-17.264285,-1.303113,-8.711202,0.988669
34.998187,0.141018,0.046836,2.630004,-7.660720,2.349126,-8.563145,-0.116396,-1.764804,87.694041,-58.242658,179.854906,5.066383,-12.676299,0.087317,-20.783483,-1.254820,-10.863053,1.004841
34.730611,0.001440,1.740164,2.029177,-9.772750,2.037286,-8.436516,-0.171325,-1.299241,87.901056,-59.772574,183.721909,5.406484,-13.251572,-0.026501,-22.462129,-0.997772,-11.758791,1.028137
34.579934,0.227829,1.863942,0.950119,-9.165160,1.819267,-7.937580,-0.156075,-0.738072,88.118815,-60.847815,186.168638,4.547426,-11.604571,-0.080081,-21.957485,-0.660989,-11.199122,1.046184
34.586190,0.573597,-0.019357,-0.345123,-6.106861,1.730264,-7.245370,-0.116908,-0.258113,88.275288,-60.680787,184.902942,2.856322,-7.988978,-0.061780,-19.470087,-0.385845,-9.368302,1.043058
34.760576,0.652589,-3.572146,-1.711881,-0.990987,1.718438,-6.516637,-0.082845,0.061216,88.321784,-58.476091,177.631488,0.731250,-2.765759,0.024898,-15.671475,-0.275799,-6.774459,1.004159
35.025822,-0.030881,-7.351614,-3.121713,5.821563,1.684400,-5.889312,-0.062532,0.184917,88.239625,-53.421062,162.025164,-1.517592,3.753585,0.176128,-11.453881,-0.374008,-4.057409,0.916964
35.201814,-1.950689,-8.895808,-4.597856,13.911235,1.532919,-5.460091,-0.054302,0.157190,88.032812,-45.223531,137.316384,-3.717393,11.208542,0.404225,-7.674035,-0.663249,-1.817680,0.777573
35.068418,-5.416801,-5.305980,-6.156495,22.646565,1.234999,-5.237676,-0.056008,0.076533,87.722495,-34.553384,105.584386,-5.798955,19.074054,0.728931,-4.893470,-1.072522,-0.405872,0.597829
34.421941,-10.347070,5.385025,-7.760727,31.091025,0.842719,-5.176481,-0.068383,0.004546,87.330396,-22.939858,71.253305,-7.711818,26.581625,1.160425,-3.291394,-1.481155,0.174214,0.403217
33.079131,-16.170562,23.319990,-9.273657,38.059549,0.447027,-5.234121,-0.084707,-0.059124,86.856189,-12.276531,39.507112,-9.363795,32.778282,1.702718,-2.756840,-1.742124,0.169241,0.223472
30.974388,-21.937569,46.387310,-10.446888,42.394495,0.134743,-5.368450,-0.093545,-0.137326,86.287492,-4.259411,14.796061,-10.569686,36.739450,2.319961,-3.002396,-1.749114,-0.103620,0.083749
28.265418,-26.578844,70.317299,-10.979151,43.348512,-0.045850,-5.502717,-0.085671,-0.258072,85.618871,0.246321,-0.826512,-11.099511,37.908168,2.908931,-3.587711,-1.495042,-0.348143,-0.004418
25.312797,-28.982252,88.981574,-10.619061,40.712944,-0.114178,-5.508770,-0.057218,-0.421986,84.853754,1.311154,-8.048524,-10.789312,36.152824,3.317701,-4.044624,-1.065657,-0.397913,-0.045108
22.553307,-28.292918,96.509358,-9.299664,34.847695,-0.144054,-5.236940,-0.006461,-0.574968,84.017057,-0.409445,-9.067791,-9.648208,31.731453,3.410561,-4.050213,-0.586103,-0.252687,-0.050848
20.369181,-24.339795,89.872949,-7.211215,26.672686,-0.211915,-4.587010,0.064524,-0.644380,83.169159,-3.979700,-6.390187,-7.866329,25.251458,3.122815,-3.500869,-0.169453,-0.011366,-0.035753
18.946532,-17.908843,70.577079,-4.740201,17.505223,-0.361869,-3.563174,0.148990,-0.594722,82.387204,-8.220779,-2.689098,-5.764107,17.676677,2.513582,-2.462219,0.114042,0.211657,-0.014845
18.240926,-10.455150,43.934225,-2.312727,8.642982,-0.591100,-2.274332,0.232749,-0.435657,81.740697,-12.061573,-0.015981,-3.697190,10.045630,1.731375,-1.105823,0.245780,0.323705,0.000267
18.077260,-3.628004,17.096982,-0.276193,0.974050,-0.854206,-0.895205,0.292954,-0.210359,81.280370,-14.851025,0.963955,-1.965367,3.189321,0.921654,0.364767,0.247245,0.313932,0.005800
18.247302,1.238382,-3.462579,1.172794,-5.181365,-1.085260,0.375289,0.302895,0.012111,81.019613,-16.387104,0.714566,-0.739940,-2.483051,0.180504,1.744255,0.166245,0.242446,0.004388
18.522500,3.331712,-13.156334,1.995915,-9.911594,-1.230267,1.348799,0.243416,0.174526,80.925482,-16.766141,0.073664,-0.052462,-6.975289,-0.435486,2.833494,0.063020,0.162665,0.000769
18.723172,2.338126,-9.667547,2.256925,-13.418950,-1.267918,1.890548,0.106948,0.274659,80.943132,-16.182395,-0.249420,0.162019,-10.470030,-0.910729,3.471140,-0.017685,0.075303,-0.001056
18.786705,-1.727552,7.315303,2.048078,-15.882408,-1.221363,1.965486,-0.101385,0.368927,81.018396,-14.678392,-0.165335,0.003244,-13.047279,-1.252555,3.612497,-0.066606,-0.038633,-0.000580
18.744203,-8.337658,35.457121,1.496401,-17.583928,-1.143303,1.663127,-0.356515,0.525723,81.101237,-12.297623,-0.028054,-0.401199,-14.823065,-1.489770,3.349122,-0.096713,-0.191474,0.000191
18.662543,-16.430683,70.035800,0.755862,-18.905443,-1.083951,1.152963,-0.608509,0.796450,81.159306,-9.322223,-0.042286,-0.906001,-16.065806,-1.677619,2.849489,-0.118012,-0.348647,0.000124
18.604750,-24.674282,105.148739,-0.028498,-20.111526,-1.059494,0.623832,-0.790100,1.211102,81.187924,-6.241167,-0.069794,-1.381402,-17.160662,-1.874072,2.295646,-0.125192,-0.416955,-0.000056
18.576472,-31.917404,135.697704,-0.748000,-21.189555,-1.055403,0.248152,-0.832964,1.767462,81.196829,-3.488830,-0.062203,-1.750221,-18.417854,-2.088812,1.857304,-0.102971,-0.293963,-0.000005
18.541744,-37.431271,158.580223,-1.327379,-21.910886,-1.047235,0.139880,-0.698773,2.404261,81.198581,-1.370859,-0.072861,-1.996453,-19.990760,-2.308593,1.654890,-0.039685,0.082208,0.000018
18.500566,-41.072005,173.365729,-1.734122,-22.036532,-1.025052,0.307523,-0.405122,3.014578,81.205017,-0.031216,-0.040480,-2.154410,-21.828561,-2.543928,1.718109,0.062114,0.722195,-0.000011
18.489349,-43.145061,181.516828,-1.960776,-21.446895,-0.987115,0.658450,-0.020651,3.475381,81.218220,0.610883,-0.019763,-2.274913,-23.682833,-2.801576,1.976484,0.184904,1.549786,0.000003
18.504714,-44.143794,185.237391,-2.018101,-20.158107,-0.928148,1.031977,0.363603,3.681333,81.230701,0.767257,-0.184414,-2.402917,-25.207566,-3.052115,2.292911,0.298875,2.423761,-0.000001
18.488766,-44.463614,186.196552,-1.954224,-18.342412,-0.841879,1.250410,0.657462,3.592016,81.236612,0.567535,-0.290586,-2.572709,-26.088518,-3.247217,2.510298,0.368402,3.196026,0.000000
18.378933,-44.339117,185.129538,-1.850178,-16.434503,-0.745502,1.185112,0.804682,3.250587,81.236578,0.102784,0.171487,-2.793313,-25.990966,-3.310914,2.499118,0.368858,3.739340,-0.000001
18.143846,-43.768919,181.468375,-1.763902,-15.313916,-0.685852,0.802010,0.816363,2.740250,81.232923,-0.376073,0.947305,-3.019223,-24.640863,-3.154180,2.197520,0.308432,3.976145,0.000002
17.833049,-42.522624,173.427712,-1.723784,-15.993651,-0.714294,0.140959,0.769219,2.179617,81.224283,-0.457172,0.853048,-3.164637,-22.058666,-2.744631,1.620504,0.233749,3.970640,0.000000
17.598000,-40.137244,158.331948,-1.738471,-18.730112,-0.838668,-0.706653,0.765577,1.742560,81.206994,0.093094,-0.935344,-3.144117,-18.770400,-2.148989,0.844120,0.215518,3.903359,-0.000005
17.636513,-36.271860,134.551409,-1.776342,-22.667833,-1.010073,-1.596086,0.900025,1.606704,81.183884,1.062177,-3.854204,-2.904591,-15.674394,-1.501320,-0.005279,0.320756,3.937139,0.000010
18.135109,-31.184953,103.619640,-1.783130,-26.443073,-1.140108,-2.350677,1.222490,1.873068,81.167103,1.911200,-6.228830,-2.455139,-13.649904,-0.950344,-0.758716,0.580868,4.132567,0.000018
19.254178,-25.689901,70.217642,-1.723466,-28.878078,-1.151653,-2.818473,1.709826,2.532496,81.168937,2.012411,-5.929522,-1.858258,-13.267525,-0.626212,-1.253002,0.967107,4.466430,-0.000047
21.039105,-20.485616,39.548777,-1.541158,-29.374730,-1.037509,-2.906645,2.268449,3.458293,81.196461,0.897192,-1.508984,-1.163776,-14.601374,-0.596537,-1.382907,1.394009,4.834326,-0.000099
23.335731,-15.792011,15.247464,-1.115875,-28.083230,-0.884831,-2.579611,2.774073,4.435913,81.259351,-1.703563,7.372696,-0.368633,-17.316251,-0.847897,-1.101209,1.750860,5.153563,0.000048
25.822336,-11.452713,-1.438327,-0.327884,-25.778047,-0.814799,-1.844576,3.112974,5.255055,81.376748,-5.967529,20.590709,0.544363,-21.000708,-1.304297,-0.396386,1.944641,5.431326,0.000384
28.131060,-7.321879,-11.038064,0.885496,-23.592846,-0.904978,-0.742861,3.233822,5.757307,81.582101,-11.849994,37.372834,1.593944,-25.085451,-1.840486,0.692236,1.937754,5.686020,0.000571
29.959719,-3.709896,-14.363738,2.549690,-23.017484,-1.137054,0.650013,3.175168,5.841359,81.922092,-18.632633,54.736450,2.836966,-28.573115,-2.298777,2.062963,1.761810,5.857138,0.000143
31.182260,-1.466737,-11.731158,4.660538,-25.332653,-1.381014,2.201202,3.029143,5.509149,82.435761,-24.989784,68.056551,4.365101,-30.393280,-2.552189,3.556676,1.495717,5.897091,-0.001215
31.869010,-1.389963,-4.059496,7.175148,-30.499961,-1.430542,3.719297,2.869089,4.886095,83.139358,-29.739713,73.976368,6.263414,-30.027424,-2.548688,4.972375,1.234220,5.794478,-0.003271
32.195754,-3.904610,7.082782,10.030026,-37.142524,-1.109990,5.009662,2.727320,4.129841,84.033771,-32.429020,72.250109,8.575358,-27.703538,-2.311200,6.109987,1.069608,5.530300,-0.005041
32.349080,-9.153120,20.568236,13.073965,-43.704580,-0.345891,5.921442,2.597505,3.363556,85.095959,-33.009660,64.566565,11.197543,-24.187393,-1.880633,6.838490,1.060224,5.068704,-0.005049
32.508193,-16.630378,35.194552,15.994245,-48.997230,0.796796,6.336701,2.432222,2.638162,86.259116,-31.621241,53.398891,13.819638,-20.457455,-1.282813,7.093407,1.182514,4.397918,-0.001725
32.789273,-24.694904,48.309499,18.379392,-52.126497,2.088759,6.162894,2.154040,1.923179,87.419297,-28.595889,40.979708,15.995273,-17.159045,-0.527952,6.841809,1.326307,3.500407,0.006436
33.198786,-31.076813,56.490296,19.816041,-52.421910,3.199831,5.370493,1.699232,1.157324,88.462412,-24.416467,28.722025,17.234416,-14.399721,0.377228,6.101468,1.350156,2.415207,0.020214
33.659860,-33.862668,57.107314,19.877953,-49.420046,3.877490,4.025585,1.054072,0.334586,89.289405,-19.727473,17.818319,17.046065,-12.133557,1.414165,4.976950,1.145234,1.265424,0.038887
34.071831,-32.149976,49.312044,18.183315,-42.982234,4.058565,2.293579,0.288265,-0.498740,89.841475,-15.348717,9.511637,15.077146,-10.218354,2.492400,3.633392,0.685313,0.172930,0.060207
34.349305,-26.365659,34.699665,14.581566,-33.778921,3.870603,0.428320,-0.442691,-1.258046,90.111973,-11.726685,3.363513,11.316809,-8.092322,3.439761,2.270659,0.038196,-0.832805,0.081168
34.460857,-18.192359,17.058724,9.326007,-23.141642,3.560579,-1.291299,-0.976400,-1.833675,90.131221,-8.790980,-2.542083,6.226117,-5.053369,4.060139,1.080529,-0.676370,-1.734835,0.098905
34.421473,-9.916352,0.740515,3.108214,-12.118479,3.343066,-2.635949,-1.239727,-2.129960,89.951693,-6.683876,-8.694722,0.701064,-0.746458,4.211463,0.193801,-1.328529,-2.473539,0.111588
34.255800,-3.890306,-10.323252,-3.056487,-1.083501,3.263600,-3.438888,-1.246151,-2.127892,89.649918,-6.280674,-12.474454,-4.148040,4.755989,3.844645,-0.325286,-1.780977,-2.941916,0.118811
33.986522,-2.228210,-12.640166,-8.136686,9.682224,3.234622,-3.606535,-1.048967,-1.874399,89.311241,-8.484922,-10.266655,-7.398329,11.067771,3.052187,-0.441461,-1.920917,-3.041691,0.121255
33.657866,-6.179019,-3.950343,-11.407561,19.776798,3.147739,-3.172876,-0.724313,-1.473427,89.004205,-13.727404,0.597212,-8.602593,17.692405,2.051538,-0.178008,-1.729108,-2.750431,0.120158
33.331012,-15.353346,15.363967,-12.576785,28.985449,2.903358,-2.297196,-0.358745,-1.047005,88.773167,-21.889943,20.851905,-7.813088,24.400224,1.078374,0.356941,-1.299511,-2.173535,0.117138
33.066144,-27.701831,41.955249,-11.763204,37.442355,2.438694,-1.192841,-0.029881,-0.676763,88.641397,-31.998351,48.284556,-5.468139,31.215957,0.299043,1.006368,-0.786969,-1.473015,0.113773
32.911472,-40.265465,70.458482,-9.457229,45.409461,1.755441,-0.062494,0.201749,-0.374153,88.615098,-42.200709,78.132447,-2.254121,38.013097,-0.179382,1.627591,-0.338834,-0.796005,0.111054
32.900937,-49.956526,94.483960,-6.402983,52.992602,0.878177,0.948104,0.321684,-0.116425,88.690774,-50.245893,104.390066,1.062774,44.455220,-0.341105,2.127921,-0.032131,-0.244074,0.109328
33.039755,-54.235671,107.990946,-3.386457,59.950812,-0.183948,1.781810,0.387490,0.148085,88.857493,-53.764457,120.174395,3.802016,50.299574,-0.295392,2.497531,0.146258,0.138532,0.108641
33.305859,-52.017822,107.627925,-0.992431,65.843914,-1.412212,2.434728,0.478300,0.478725,89.092778,-51.178113,120.171731,5.559856,55.416197,-0.198224,2.773625,0.250169,0.386211,0.108998
33.674343,-44.109218,94.016480,0.538089,70.489746,-2.809593,2.920547,0.635567,0.913938,89.367871,-42.934587,104.408488,6.289970,59.713095,-0.131662,2.993712,0.331508,0.599325,0.110435
34.122836,-32.768293,70.837352,1.256268,74.124303,-4.380970,3.276085,0.878214,1.451187,89.659293,-31.380925,78.127400,6.171450,63.158147,-0.088347,3.195062,0.452801,0.930554,0.112852
34.588716,-20.945683,43.547530,1.342580,76.968085,-6.056551,3.544842,1.217880,2.062920,89.942968,-19.438342,48.256029,5.418331,65.736453,-0.017450,3.426111,0.675407,1.511059,0.115844
34.989058,-11.429823,18.135528,0.995169,79.005763,-7.673332,3.742826,1.635200,2.701300,90.185451,-9.703484,21.015919,4.238103,67.444729,0.111473,3.710544,0.999157,2.351078,0.118753
35.298501,-5.851056,-0.894559,0.419843,80.249176,-9.070482,3.886288,2.074260,3.305882,90.364177,-3.903755,0.828093,2.874607,68.446067,0.242668,4.044853,1.347151,3.315144,0.120962
35.582710,-4.297417,-11.864939,-0.181288,80.880078,-10.128180,4.014463,2.449888,3.801920,90.491770,-2.364025,-10.686600,1.610461,69.045459,0.242285,4.403933,1.609809,4.184987,0.122068
35.943218,-5.952043,-14.924575,-0.657986,81.103505,-10.794397,4.162128,2.655561,4.109668,90.612019,-4.305026,-13.737729,0.719789,69.504129,0.013320,4.744110,1.696731,4.732330,0.121863
36.457092,-9.646392,-11.169780,-0.968419,81.069886,-11.085118,4.337626,2.608555,4.154965,90.772571,-8.392092,-9.562736,0.342362,69.929256,-0.456993,5.013063,1.577685,4.807657,0.120324
37.083612,-14.174495,-1.958685,-1.198550,80.863882,-11.046913,4.514272,2.304765,3.894012,90.992221,-12.919722,-1.025956,0.358811,70.299501,-1.147276,5.160576,1.304974,4.401484,0.117637
37.621282,-18.934688,12.610458,-1.516390,80.466376,-10.686130,4.599532,1.812247,3.339733,91.232514,-16.481554,8.415031,0.460862,70.501447,-1.975080,5.104895,0.970844,3.608738,0.114173
37.784249,-23.927715,33.197447,-2.091582,79.811686,-9.989472,4.449143,1.231362,2.574388,91.400310,-18.631920,16.669036,0.309771,70.371773,-2.736460,4.741811,0.652694,2.577067,0.110364
37.290684,-28.870180,58.350709,-3.072630,78.867066,-8.923741,3.924419,0.671327,1.723695,91.378117,-19.404138,22.229189,-0.393872,69.717761,-3.188839,3.997228,0.408560,1.515229,0.106529
35.868430,-33.067497,84.374372,-4.530537,77.577914,-7.478181,2.932408,0.218429,0.927310,91.049130,-19.007460,24.172737,-1.817152,68.378551,-3.184082,2.860245,0.279488,0.638095,0.102882
33.392423,-35.801240,106.949432,-6.377288,75.908146,-5.734434,1.473045,-0.093265,0.305567,90.326609,-18.034157,23.502107,-3.879930,66.351275,-2.722630,1.397711,0.252687,0.062317,0.099627
30.047229,-36.376348,121.710093,-8.342643,73.945661,-3.897120,-0.306580,-0.267225,-0.086153,89.212867,-17.278094,23.015774,-6.251884,63.870250,-1.956557,-0.219139,0.273345,-0.207771,0.096897
26.308225,-34.258438,124.916071,-10.048907,71.799256,-2.208847,-2.137669,-0.315671,-0.266953,87.830159,-17.406199,26.171967,-8.462841,61.252982,-1.130264,-1.747877,0.295417,-0.221488,0.094721
22.762659,-29.576850,115.465956,-11.120168,69.513985,-0.881663,-3.720230,-0.257924,-0.290488,86.384636,-19.026545,36.650221,-10.053569,58.736847,-0.440039,-2.942716,0.300409,-0.028494,0.093058
19.937197,-23.022415,95.106515,-11.301843,67.162810,-0.027299,-4.800322,-0.120006,-0.225652,85.095318,-22.261493,55.895378,-10.739327,56.452104,0.030621,-3.608343,0.292622,0.361928,0.091802
18.103496,-15.592314,67.882146,-10.526008,64.830868,0.369623,-5.229034,0.080088,-0.152937,84.123062,-26.280944,80.756253,-10.493286,54.417208,0.253718,-3.659843,0.310538,0.962726,0.090759
17.216207,-8.629300,39.867486,-8.925637,62.545185,0.422176,-5.001616,0.333400,-0.121520,83.519604,-29.660362,104.442037,-9.493759,52.564022,0.244471,-3.160767,0.399755,1.745629,0.089785
17.045333,-3.379482,17.029972,-6.800640,60.304178,0.267173,-4.233393,0.619659,-0.128436,83.237639,-31.047859,119.532046,-8.022917,50.774331,0.097593,-2.266524,0.563741,2.602387,0.088837
17.319799,-0.163965,1.913909,-4.565936,58.020664,0.051456,-3.100745,0.901037,-0.139059,83.183353,-29.479168,120.476508,-6.400540,48.785880,-0.064269,-1.140275,0.762109,3.377319,0.087869
17.737305,1.375870,-5.900173,-2.631850,55.390893,-0.101977,-1.792983,1.124641,-0.092464,83.251187,-24.892559,106.243048,-4.908121,46.181509,-0.156735,0.076221,0.936977,3.898063,0.086839
18.053031,1.714820,-7.961001,-1.286477,51.983368,-0.141124,-0.454818,1.232198,0.084537,83.339705,-18.271221,80.803815,-3.725683,42.620254,-0.149626,1.278721,1.022408,4.012341,0.085795
18.177464,1.313852,-6.267052,-0.636086,47.406282,-0.089014,0.854261,1.198774,0.429243,83.385175,-11.035392,50.519646,-2.917852,37.962999,-0.067923,2.417950,0.986494,3.657020,0.084778
18.155626,0.632602,-3.101916,-0.607076,41.318622,0.006411,2.123847,1.066297,0.939928,83.377919,-4.479993,21.614431,-2.453627,32.069644,0.039554,3.472285,0.870948,2.915719,0.083794
18.080844,0.015534,-0.322323,-0.994539,33.574008,0.101159,3.327174,0.912665,1.589721,83.341451,0.441547,-0.948356,-2.261795,24.760681,0.157579,4.417569,0.756266,2.010700,0.082948
18.038862,-0.278167,0.891437,-1.542204,24.454739,0.182985,4.387974,0.802467,2.302819,83.305646,3.328820,-14.558403,-2.256919,16.145931,0.286447,5.215284,0.705104,1.230605,0.082370
18.046186,-0.232418,0.644563,-1.991300,14.500304,0.286124,5.180312,0.770360,2.946529,83.291885,4.242234,-19.042516,-2.320633,6.751794,0.398451,5.776903,0.739083,0.812202,0.082044
18.063729,-0.123917,0.191687,-2.136865,4.254923,0.463222,5.564310,0.816167,3.384790,83.299764,3.376685,-15.375656,-2.319701,-2.588700,0.453460,5.975215,0.829982,0.870205,0.081826
18.065918,-0.191541,0.474813,-1.889923,-5.688315,0.731944,5.450905,0.901745,3.516531,83.311589,0.884802,-4.407932,-2.159211,-10.890825,0.434032,5.737292,0.902890,1.365421,0.081520
18.068265,-0.282510,0.846202,-1.291591,-14.668336,1.062578,4.844096,0.972666,3.297567,83.309300,-3.263868,14.118019,-1.796868,-17.360852,0.337258,5.096408,0.866557,2.124673,0.080882
18.076275,-0.085699,0.028453,-0.471020,-22.123217,1.395407,3.847190,0.975486,2.777466,83.282389,-9.212988,40.938615,-1.255517,-21.732745,0.178298,4.161192,0.647357,2.928305,0.079814
18.083508,0.548912,-2.616686,0.399294,-27.661091,1.661172,2.644700,0.862424,2.097461,83.225427,-16.831830,75.253161,-0.633441,-24.162405,-0.005941,3.076878,0.220518,3.589089,0.078471
18.092971,1.423738,-6.244617,1.135616,-31.087636,1.811169,1.443536,0.619169,1.420058,83.151665,-25.337342,112.991324,-0.076221,-25.097039,-0.168416,1.980214,-0.358266,3.982622,0.077134
18.101860,2.033530,-8.706399,1.582486,-32.556654,1.849032,0.384078,0.284690,0.871663,83.100067,-33.402100,147.407339,0.283206,-25.426888,-0.260419,0.944085,-0.953941,4.074593,0.076133
18.098778,1.796434,-7.632226,1.651679,-32.660936,1.839017,-0.503882,-0.081795,0.502619,83.119124,-39.544169,171.368728,0.354490,-26.415815,-0.235098,-0.017602,-1.411738,3.914794,0.075849
18.106012,0.186807,-0.941966,1.342508,-32.151320,1.865654,-1.288524,-0.430132,0.265879,83.251111,-42.628557,179.966485,0.121035,-28.953675,-0.078661,-0.922177,-1.626750,3.564310,0.076483
18.160155,-3.340813,13.602504,0.733750,-31.690525,1.995790,-2.099135,-0.723373,0.051163,83.530460,-42.154515,171.483482,-0.349578,-32.979864,0.184979,-1.830975,-1.586382,3.046393,0.077885
18.253722,-9.094899,37.348469,-0.052977,-31.712687,2.250434,-3.051933,-0.949165,-0.234605,83.962885,-38.283578,147.554563,-0.950287,-37.485450,0.508322,-2.813873,-1.358573,2.391471,0.079671
18.318246,-16.769345,69.121652,-0.894798,-32.184041,2.569645,-4.170625,-1.111910,-0.621922,84.504820,-31.696639,112.850892,-1.584492,-40.915870,0.825497,-3.859468,-1.038422,1.669149,0.081406
18.273104,-25.420596,105.067584,-1.677746,-32.480375,2.807140,-5.373181,-1.202207,-1.077536,85.072064,-23.596876,74.487996,-2.158137,-41.822256,1.056294,-4.875129,-0.711125,0.959783,0.082733
18.074304,-33.718066,139.488627,-2.300779,-31.820266,2.818154,-6.511050,-1.200755,-1.520641,85.570957,-15.431717,39.779018,-2.584047,-39.638555,1.142475,-5.748925,-0.442466,0.349137,0.083540
17.782994,-40.255724,166.088490,-2.689531,-29.833531,2.554507,-7.424125,-1.104495,-1.853042,85.926691,-8.440859,13.877262,-2.802008,-34.883661,1.068933,-6.390512,-0.264612,-0.090774,0.083897
17.587851,-44.034100,180.277107,-2.821523,-26.743522,2.086664,-8.015847,-0.927658,-2.016683,86.111636,-3.313212,-1.616137,-2.787417,-28.888134,0.863415,-6.775158,-0.170499,-0.335906,0.083868
17.730732,-44.714268,180.286688,-2.732869,-23.283180,1.572823,-8.299069,-0.700546,-2.029478,86.149868,-0.159057,-8.253793,-2.550263,-23.417945,0.581363,-6.967619,-0.130152,-0.402466,0.083513
18.431688,-42.419386,166.114619,-2.496116,-20.581727,1.216887,-8.367757,-0.477569,-1.981255,86.091743,1.321435,-8.963323,-2.132929,-20.279641,0.283615,-7.057380,-0.108961,-0.329632,0.082859
19.878474,-37.685923,139.524428,-2.192429,-19.588620,1.163278,-8.339389,-0.314045,-1.979776,85.989556,1.570602,-6.315920,-1.598642,-20.506277,0.005205,-7.102658,-0.082762,-0.191041,0.081890
22.119065,-31.603009,105.104515,-1.907696,-20.541999,1.422001,-8.318518,-0.238177,-2.080643,85.894062,1.129459,-2.710327,-1.032945,-23.781307,-0.242932,-7.141771,-0.051777,-0.071810,0.080390
24.948480,-25.513383,69.152473,-1.721062,-23.078959,1.898207,-8.354000,-0.257483,-2.245462,85.840889,0.528582,-0.140664,-0.544401,-28.616906,-0.456277,-7.187345,-0.033601,-0.016348,0.078379
27.949476,-20.458498,37.369300,-1.682345,-26.432950,2.441470,-8.415712,-0.356211,-2.367188,85.837093,0.071850,0.794553,-0.236063,-33.076308,-0.627589,-7.197407,-0.035202,-0.014858,0.076257
30.648977,-16.923284,13.611891,-1.792579,-29.499084,2.870152,-8.426225,-0.481530,-2.332763,85.865737,-0.227011,0.858293,-0.158957,-35.468188,-0.751011,-7.112731,-0.048392,-0.039786,0.074007
32.660000,-14.795163,-0.938500,-1.996895,-31.319140,3.050075,-8.310095,-0.569292,-2.089262,85.901865,-0.417508,0.852730,-0.281646,-34.973307,-0.813095,-6.900121,-0.062816,-0.065217,0.071369
33.823444,-13.503182,-7.638466,-2.196788,-31.536010,2.950370,-8.025111,-0.581885,-1.663563,85.926231,-0.426982,0.783328,-0.497377,-31.841497,-0.795533,-6.565501,-0.071370,-0.076695,0.069709
34.232679,-12.380734,-8.708833,-2.300465,-30.244173,2.608731,-7.596078,-0.516390,-1.143512,85.935430,-0.076378,-0.120627,-0.676387,-27.099840,-0.692474,-6.169177,-0.070885,-0.075000,0.070964
34.109035,-10.966300,-6.240108,-2.269631,-27.824954,2.101968,-7.116650,-0.398064,-0.634152,85.936107,0.771821,-2.671730,-0.728934,-22.069888,-0.529851,-5.816506,-0.064379,-0.065177,0.074578
33.687941,-9.007735,-2.634148,-2.121704,-25.041266,1.561235,-6.706283,-0.267113,-0.226571,85.931783,1.937589,-6.404110,-0.618904,-18.076268,-0.364720,-5.595814,-0.054120,-0.045821,0.076577
33.211126,-6.523176,-0.007277,-1.901361,-22.766484,1.122017,-6.467005,-0.148957,0.032766,85.920092,2.791160,-9.121845,-0.342918,-16.078213,-0.267531,-5.553467,-0.040994,-0.017039,0.072141
32.858483,-3.876215,0.935148,-1.656010,-21.524989,0.853338,-6.466844,-0.042126,0.155037,85.901504,2.498366,-8.074453,0.078863,-16.309290,-0.285764,-5.704270,-0.030175,0.011810,0.058442
32.678812,-1.597399,0.688798,-1.407201,-21.465771,0.759385,-6.717853,0.059887,0.185565,85.884090,0.252641,-0.792937,0.608632,-18.256044,-0.419689,-6.028054,-0.033450,0.020557,0.038787
32.619267,-0.055089,0.071493,-1.144750,-22.368880,0.796076,-7.165846,0.155646,0.155418,85.881711,-4.669240,14.915393,1.202935,-20.995024,-0.627628,-6.468613,-0.060566,-0.020016,0.023981
32.599826,0.672383,-0.244613,-0.852172,-23.653478,0.880604,-7.713218,0.243024,0.067658,85.909247,-12.512923,39.744550,1.809571,-23.521734,-0.852228,-6.959782,-0.113091,-0.141363,0.028328
32.558416,0.759990,-0.162076,-0.526148,-24.666512,0.940778,-8.254228,0.311227,-0.096051,85.978982,-22.653231,71.606148,2.373559,-25.027149,-1.035392,-7.430834,-0.184316,-0.361521,0.065348
32.492396,0.499473,-0.029669,-0.174622,-24.922849,0.945629,-8.699033,0.334279,-0.362883,86.100305,-33.710860,106.035827,2.852224,-25.094776,-1.130005,-7.813517,-0.265809,-0.662345,0.146825
32.437978,0.170985,-0.041153,0.161569,-24.080176,0.890976,-8.999142,0.289607,-0.738809,86.274775,-44.043546,137.797977,3.194254,-23.733182,-1.116951,-8.069637,-0.350077,-0.982920,0.276466
32.410192,-0.062581,-0.072206,0.405092,-22.074681,0.809781,-9.150755,0.179986,-1.172283,86.489277,-52.226893,162.447278,3.322871,-21.249008,-1.014553,-8.202825,-0.434952,-1.256492,0.443474
32.388483,-0.153081,-0.063285,0.479858,-19.236273,0.788365,-9.184802,0.032513,-1.583153,86.717388,-57.565950,177.944611,3.175809,-18.139984,-0.862763,-8.247973,-0.530267,-1.466078,0.624420
32.359989,-0.133091,-0.059316,0.362471,-16.114610,0.915328,-9.156299,-0.113297,-1.940547,86.928327,-60.226888,185.010500,2.753140,-14.963419,-0.702440,-8.268133,-0.655976,-1.642779,0.791734
32.325513,-0.074981,-0.064323,0.094085,-13.191346,1.215898,-9.128989,-0.222264,-2.294387,87.096485,-60.861227,185.877075,2.117688,-12.140645,-0.559781,-8.331780,-0.822159,-1.829141,0.921942
32.282864,-0.045872,-0.061897,-0.240621,-10.776634,1.632318,-9.152836,-0.283232,-2.753116,87.209440,-60.240644,183.075642,1.372947,-9.862929,-0.442354,-8.480941,-1.014369,-2.043425,1.004194
32.228385,-0.053101,-0.062636,-0.569932,-8.983029,2.051060,-9.262668,-0.315083,-3.415391,87.268426,-59.214984,179.292291,0.625561,-8.181646,-0.341181,-8.733873,-1.195394,-2.274207,1.042136
32.163202,-0.065600,-0.062479,-0.858213,-7.824690,2.355653,-9.471061,-0.346694,-4.295029,87.283726,-58.451443,176.577706,-0.044420,-7.100335,-0.245497,-9.086290,-1.312509,-2.493764,1.047408
32.089614,-0.064346,-0.062502,-1.077655,-7.324529,2.472164,-9.754013,-0.396197,-5.304767,87.269488,-58.184564,175.592034,-0.576877,-6.586121,-0.161098,-9.483921,-1.311489,-2.677143,1.033270
32.013547,-0.061808,-0.062500,-1.160816,-7.471129,2.379757,-10.042161,-0.458290,-6.316011,87.241088,-58.290968,175.844650,-0.905130,-6.548875,-0.117457,-9.817899,-1.164540,-2.778098,1.013790
31.946563,-0.062526,-0.062500,-1.018583,-8.074191,2.110962,-10.251466,-0.506019,-7.179458,87.212767,-58.535261,176.499375,-0.989912,-6.825594,-0.145640,-9.985710,-0.892595,-2.746617,0.999736
31.903737,-0.061708,-0.062500,-0.577948,-8.812488,1.731054,-10.308515,-0.509973,-7.739016,87.196345,-58.702519,176.830890,-0.855009,-7.156141,-0.249996,-9.946396,-0.569074,-2.613084,0.994597
31.901477,-0.064139,-0.062500,0.175738,-9.243427,1.317686,-10.201494,-0.472707,-7.877612,87.199856,-58.745902,176.697155,-0.591114,-7.215037,-0.384862,-9.760078,-0.305849,-2.532386,0.995919
31.959237,-0.066269,-0.062500,1.180979,-8.850616,0.949807,-10.024339,-0.442675,-7.586647,87.226357,-58.788518,176.516275,-0.344847,-6.700537,-0.458357,-9.592949,-0.211977,-2.672458,0.999289
32.091793,-0.052253,-0.062500,2.286784,-7.328937,0.691346,-9.942828,-0.497097,-6.944507,87.270615,-58.923851,176.625172,-0.291809,-5.455786,-0.366678,-9.645812,-0.344810,-3.112393,1.000982
32.290745,-0.044361,-0.062500,3.259482,-4.842572,0.540328,-10.096339,-0.708738,-6.085055,87.311026,-59.034570,176.706621,-0.574456,-3.550581,-0.042679,-10.035567,-0.688415,-3.788844,1.000539
32.525076,-0.081735,-0.062500,3.804021,-1.916026,0.430065,-10.586308,-1.112930,-5.138137,87.308520,-58.975079,176.366264,-1.285202,-1.323093,0.520189,-10.791966,-1.163788,-4.522519,0.999822
32.758480,-0.140649,-0.062500,3.676066,0.738398,0.270060,-11.472704,-1.673652,-4.227993,87.222976,-58.787886,175.771796,-2.452061,0.701331,1.257651,-11.897955,-1.646619,-5.120327,0.999885
32.962766,-0.138795,-0.062500,2.807570,2.389814,-0.031770,-12.749682,-2.276562,-3.503089,87.027604,-58.717920,175.669819,-4.006792,2.001376,2.030367,-13.292001,-1.998925,-5.463214,1.000053
33.120988,-0.007885,-0.062500,1.361553,2.529307,-0.541594,-14.315892,-2.756111,-3.147041,86.710508,-59.047886,176.904907,-5.761875,2.225450,2.639751,-14.840419,-2.114450,-5.456401,1.000004
33.228177,0.248027,-0.062500,-0.332619,1.186212,-1.239497,-15.985012,-2.964661,-3.268566,86.281365,-59.944689,179.951511,-7.461259,1.240796,2.903956,-16.362675,-1.961790,-5.052378,0.999983
33.276132,0.483232,-0.062500,-1.900621,-1.198077,-2.038186,-17.457109,-2.842638,-3.860514,85.774728,-61.210826,184.100550,-8.844778,-0.822386,2.746852,-17.613800,-1.595933,-4.334036,1.000010
33.244506,0.447031,-0.062500,-3.066665,-4.113658,-2.800347,-18.371538,-2.438389,-4.770946,85.237160,-62.190641,187.228339,-9.718651,-3.548934,2.236264,-18.306202,-1.131355,-3.502038,0.999997
33.111638,-0.003506,-0.062500,-3.716082,-7.215931,-3.333881,-18.416848,-1.867299,-5.716019,84.712297,-61.976559,186.577309,-9.998463,-6.301147,1.546688,-18.183640,-0.678732,-2.731975,1.000001
32.860580,-0.813965,-0.062500,-3.877349,-10.582234,-3.456185,-17.367712,-1.253525,-6.333660,84.230580,-59.659588,179.568324,-9.691008,-8.378052,0.871643,-17.055079,-0.297683,-2.115166,1.000000
32.468235,-1.878444,-0.062500,-3.673267,-14.738655,-3.116524,-15.044091,-0.679317,-6.338514,83.797182,-54.427903,163.957733,-8.837886,-9.253666,0.339024,-14.753735,0.006661,-1.626919,1.000000
31.923318,-3.069050,-0.062500,-3.285728,-20.132662,-2.400647,-11.445008,-0.169378,-5.592086,83.399511,-46.008769,139.055163,-7.544182,-8.934056,-0.013188,-11.263189,0.258048,-1.170470,1.000000
31.251160,-4.166961,-0.062500,-2.881025,-26.767550,-1.473308,-6.859979,0.291374,-4.166845,83.035549,-35.111778,106.960068,-6.010774,-8.112249,-0.206760,-6.837771,0.491041,-0.685372,1.000000
30.513880,-4.968503,-0.062500,-2.552891,-34.205139,-0.532095,-1.827418,0.733517,-2.342114,82.724929,-23.346978,72.185568,-4.502598,-7.828223,-0.292922,-1.971575,0.735267,-0.178825,1.000000
29.789784,-5.388282,-0.062500,-2.320541,-41.633866,0.255070,3.016870,1.197342,-0.492987,82.492594,-12.681098,40.025653,-3.266936,-9.023174,-0.348119,2.752505,1.002514,0.380057,1.000000
29.151109,-5.465327,-0.062500,-2.153562,-47.924228,0.823918,7.100078,1.702002,1.091318,82.359582,-4.874482,14.989348,-2.459789,-12.229380,-0.446953,6.803594,1.272848,1.025982,1.000000
28.631956,-5.416391,-0.062500,-2.001370,-52.175783,1.197812,10.119016,2.210593,2.219338,82.338397,-0.879994,-0.836600,-2.101065,-17.295528,-0.601115,9.892153,1.499264,1.727387,1.000000
28.224222,-5.506853,-0.062500,-1.846842,-54.488377,1.490502,12.075208,2.655932,2.806024,82.422060,-0.583327,-8.149858,-2.107022,-23.342135,-0.752084,12.003715,1.637317,2.398102,1.000000
27.903828,-5.718116,-0.062500,-1.711856,-55.809296,1.883193,13.140070,2.988841,2.891508,82.582521,-3.055930,-9.179069,-2.350378,-29.071914,-0.823502,13.262799,1.684095,2.953427,1.000000
27.649034,-5.750696,-0.062500,-1.607983,-57.184180,2.503929,13.530960,3.187329,2.619281,82.779068,-6.955727,-6.466964,-2.678534,-33.137760,-0.776494,13.811871,1.676930,3.319664,1.000000
27.433614,-5.363958,-0.062500,-1.521441,-59.138851,3.317627,13.508798,3.257937,2.152641,82.963334,-10.754552,-2.721248,-2.910263,-34.664511,-0.623063,13.847673,1.654780,3.473605,1.000000
27.236137,-4.518901,-0.062500,-1.435935,-61.307002,4.167395,13.294052,3.226500,1.645370,83.093297,-13.188751,-0.016014,-2.900876,-33.830718,-0.406258,13.579260,1.624730,3.416672,1.000000
27.049109,-3.325560,-0.062500,-1.339505,-62.617698,4.860705,13.003225,3.109515,1.182453,83.152799,-13.656253,0.976396,-2.628340,-31.921344,-0.154322,13.176669,1.564032,3.130559,1.000000
26.875181,-2.026108,-0.062500,-1.230257,-62.098159,5.250588,12.663223,2.915881,0.770523,83.152521,-12.269506,0.724103,-2.205743,-30.525299,0.136885,12.754962,1.446468,2.613894,1.000000
26.719586,-0.871362,-0.062500,-1.126072,-59.348869,5.276469,12.250940,2.679880,0.410439,83.112797,-9.625493,0.076009,-1.788553,-30.725354,0.477310,12.368091,1.267836,1.956330,1.000000
26.585359,-0.002362,-0.062500,-1.023246,-54.471092,4.958091,11.709148,2.447758,0.149175,83.053837,-6.518178,-0.253647,-1.441301,-32.679066,0.844092,11.987847,1.043805,1.278071,1.000000
26.463406,0.477556,-0.062500,-0.858728,-47.948659,4.364462,11.013117,2.240205,0.008156,82.995435,-3.632552,-0.163137,-1.078776,-35.633414,1.193888,11.572575,0.795787,0.675046,1.000000
26.339469,0.518872,-0.062500,-0.528158,-40.963920,3.641323,10.176668,2.058593,-0.043220,82.953382,-1.387995,-0.029080,-0.515840,-38.395333,1.477091,11.091031,0.552865,0.212882,1.000000
26.208437,0.272734,-0.062500,0.091143,-34.960392,2.972271,9.195838,1.893009,-0.047554,82.936656,0.035116,-0.050345,0.460345,-39.961863,1.643434,10.481895,0.354372,-0.079457,1.000000
26.076456,-0.000106,-0.062500,1.136986,-30.791784,2.470576,8.017633,1.706448,-0.034834,82.949167,0.644931,-0.050389,2.041854,-39.721919,1.654129,9.636184,0.231186,-0.215662,1.000000
25.951856,-0.142204,-0.062500,2.693216,-28.405395,2.128438,6.619170,1.457262,-0.025929,82.990405,0.690103,-0.029132,4.332572,-37.644148,1.502552,8.498235,0.182245,-0.222792,1.000000
25.842975,-0.145930,-0.062500,4.712687,-27.182322,1.878280,5.057208,1.134208,-0.031915,83.056491,0.512684,-0.162974,7.246764,-34.380095,1.215740,7.125474,0.175224,-0.148704,1.000000
25.757029,-0.086220,-0.062500,6.993551,-26.435355,1.670445,3.453813,0.752831,-0.078441,83.144408,0.249781,-0.253323,10.427901,-30.987761,0.858702,5.668833,0.164356,-0.067114,1.000000
25.698943,-0.046368,-0.062500,9.204980,-26.069053,1.525408,1.960040,0.345026,-0.208446,83.253690,-0.129506,0.075540,13.288423,-28.326957,0.521582,4.304771,0.116860,-0.036373,1.000000
25.671499,-0.041983,-0.062500,10.951447,-26.375411,1.480777,0.717257,-0.041787,-0.441174,83.383512,-0.533555,0.722502,15.199063,-26.713147,0.283131,3.164908,0.027444,-0.059215,1.000000
25.674060,-0.049787,-0.062500,11.881133,-27.330595,1.510058,-0.208254,-0.365858,-0.754152,83.531544,-0.641078,0.975823,15.701890,-25.808425,0.173806,2.281178,-0.091913,-0.118536,1.000000
25.699695,-0.076732,-0.062500,11.765386,-28.252195,1.520533,-0.833132,-0.608223,-1.111407,83.696286,-0.100551,-0.012888,14.625005,-24.893772,0.176506,1.620700,-0.228095,-0.205268,1.000000
25.737065,-0.130403,-0.062500,10.553138,-28.449072,1.446200,-1.210128,-0.761729,-1.475552,83.873458,1.257636,-2.714711,12.116322,-23.388706,0.248163,1.148460,-0.356182,-0.308330,1.000000
25.773010,-0.153686,-0.062500,8.406264,-27.591580,1.286412,-1.394389,-0.824083,-1.800236,84.050196,3.096937,-6.460217,8.621444,-21.165800,0.342263,0.842884,-0.435702,-0.415977,1.000000
25.794190,-0.066617,-0.062500,5.688584,-25.632857,1.079843,-1.455036,-0.807483,-2.040571,84.206817,4.428835,-9.177700,4.781354,-18.366933,0.431690,0.660899,-0.432075,-0.516139,1.000000
25.790240,0.171420,-0.062500,2.865362,-22.677663,0.868325,-1.452234,-0.728525,-2.154290,84.322430,3.936161,-8.162114,1.272715,-15.307380,0.511674,0.542914,-0.343462,-0.567914,1.000000
25.755930,0.499854,-0.062500,0.371630,-19.056805,0.694302,-1.420080,-0.591241,-2.092874,84.378218,0.352456,-0.871253,-1.369575,-12.372786,0.586050,0.434221,-0.202194,-0.510870,1.000000
25.691370,0.737052,-0.062500,-1.493308,-15.199536,0.605720,-1.381566,-0.394577,-1.822378,84.362929,-7.431999,14.927559,-2.899972,-9.836404,0.668351,0.295357,-0.061597,-0.309359,1.000000
25.602348,0.645187,-0.062500,-2.600828,-11.656917,0.648735,-1.346817,-0.152130,-1.352790,84.278262,-19.765626,39.941707,-3.390750,-7.772988,0.783830,0.113826,0.026525,0.041319,1.000000
25.499381,0.002030,-0.062500,-2.967248,-8.847555,0.814621,-1.295496,0.101843,-0.727393,84.137836,-35.632976,72.104534,-3.119104,-6.123505,0.944678,-0.086546,0.029747,0.528081,1.000000
25.394636,-1.386930,-0.062500,-2.728704,-6.849260,1.025089,-1.213117,0.321006,-0.009538,83.962591,-52.828848,106.936064,-2.448929,-4.662529,1.143548,-0.270767,-0.058587,1.089311,1.000000
25.299614,-3.581579,-0.062500,-2.120613,-5.373395,1.175960,-1.108611,0.465716,0.717719,83.777697,-68.752120,139.167894,-1.742716,-3.113718,1.355897,-0.407784,-0.225637,1.617969,1.000000
25.223256,-6.398077,-0.062500,-1.402598,-4.115670,1.203628,-0.991747,0.522145,1.365213,83.606537,-81.177653,164.300787,-1.262952,-1.354130,1.542609,-0.471824,-0.434810,2.017289,1.000000
25.169725,-9.441491,-0.062500,-0.775267,-2.958446,1.116424,-0.866892,0.505465,1.859654,83.464417,-89.062751,180.238468,-1.105436,0.530387,1.662644,-0.455932,-0.630714,2.226032,1.000000
25.137843,-12.249066,-0.062500,-0.344169,-1.984483,0.980425,-0.751660,0.443049,2.150088,83.357980,-92.733729,187.658264,-1.217561,2.365324,1.699527,-0.389341,-0.767316,2.231573,1.000000
25.122797,-14.427398,-0.062500,-0.120883,-1.271644,0.863316,-0.660617,0.358884,2.220844,83.287210,-93.277484,188.770438,-1.453141,3.926468,1.651616,-0.319268,-0.835843,2.096996,1.000000
25.117674,-15.796120,-0.062500,-0.067193,-0.815603,0.800842,-0.601240,0.274805,2.100323,83.245941,-91.946006,186.108316,-1.660286,5.043612,1.516568,-0.282742,-0.856334,1.921281,1.000000
25.114933,-16.419319,-0.062500,-0.146143,-0.482032,0.803022,-0.588124,0.212026,1.838929,83.224691,-90.080635,182.380761,-1.758272,5.699220,1.301866,-0.289048,-0.851902,1.767135,1.000000
25.108927,-16.495592,-0.062500,-0.318502,-0.139872,0.866636,-0.630255,0.181981,1.486824,83.214725,-88.713921,179.670899,-1.738326,5.965534,1.039411,-0.313239,-0.831196,1.647649,1.000000
25.097498,-16.249178,-0.062500,-0.516668,0.270328,0.969392,-0.702584,0.178735,1.100411,83.209493,-88.187926,178.659272,-1.613209,5.899574,0.765676,-0.303476,-0.787215,1.542292,1.000000
25.081458,-15.920637,-0.062500,-0.673986,0.704055,1.081899,-0.765802,0.185891,0.737418,83.204702,-88.279875,178.894512,-1.418200,5.589996,0.520322,-0.215241,-0.707235,1.398981,1.000000
25.063165,-15.691934,-0.062500,-0.761114,1.117139,1.181268,-0.786681,0.187596,0.439921,83.199199,-88.575408,179.513111,-1.211706,5.164888,0.345266,-0.039316,-0.590523,1.173732,1.000000
25.045041,-15.617269,-0.062500,-0.778291,1.508671,1.253613,-0.743518,0.175389,0.231102,83.193825,-88.719216,179.834703,-1.034311,4.735859,0.274945,0.192842,-0.450924,0.872155,1.000000
25.028484,-15.659724,-0.062500,-0.736459,1.904615,1.296935,-0.630565,0.149053,0.115800,83.189605,-88.662758,179.760442,-0.878351,4.363834,0.332281,0.424600,-0.305457,0.535984,1.000000
25.013962,-15.754516,-0.062500,-0.649015,2.301839,1.320727,-0.461142,0.113606,0.078813,83.187333,-88.580015,179.554683,-0.712412,4.065505,0.531370,0.596902,-0.171897,0.219789,1.000000
25.001440,-15.818382,-0.062500,-0.517121,2.702032,1.330580,-0.256621,0.073818,0.093578,83.187199,-88.571205,179.545366,-0.511022,3.818237,0.857836,0.674949,-0.070725,-0.017358,1.000000
24.990546,-15.809703,-0.062500,-0.337626,3.086771,1.324387,-0.048421,0.034411,0.131983,83.187943,-88.575306,179.862871,-0.278908,3.606430,1.268116,0.656377,-0.015548,-0.147016,1.000000
24.980690,-15.766836,-0.062500,-0.117016,3.408103,1.302316,0.125021,0.000313,0.165278,83.187460,-88.564375,180.040887,-0.047719,3.438289,1.710770,0.562252,-0.005266,-0.189828,1.000000
24.971739,-15.770606,-0.062500,0.132614,3.607614,1.267932,0.236572,-0.026072,0.172305,83.183942,-88.561797,179.391873,0.147527,3.311386,2.146971,0.427171,-0.025784,-0.187856,1.000000
24.964297,-15.885024,-0.062500,0.392203,3.657804,1.221773,0.288362,-0.048250,0.152307,83.176615,-88.568834,178.114874,0.289813,3.202714,2.550008,0.293832,-0.055669,-0.174309,1.000000
24.959180,-16.144339,-0.062500,0.615131,3.550989,1.166853,0.301346,-0.070432,0.121171,83.165978,-88.575845,177.629458,0.370136,3.118530,2.908063,0.194138,-0.077922,-0.163060,1.000000
24.956354,-16.495222,-0.062500,0.720763,3.306675,1.115938,0.300694,-0.090826,0.097333,83.153337,-88.586032,179.620609,0.378542,3.099088,3.223818,0.139053,-0.088076,-0.137556,1.000000
24.954442,-16.755316,-0.062500,0.618051,2.978979,1.088810,0.306160,-0.101097,0.095652,83.139382,-88.594270,185.008867,0.310003,3.168746,3.515231,0.126910,-0.087685,-0.054467,1.000000
24.950917,-16.673875,-0.062500,0.246790,2.645627,1.104903,0.327295,-0.090464,0.121265,83.123598,-88.598641,192.714828,0.184900,3.311455,3.807215,0.152212,-0.073252,0.128587,1.000000
24.943180,-16.019940,-0.062500,-0.376654,2.370069,1.174935,0.357625,-0.044083,0.163839,83.104774,-88.597825,198.379378,0.066068,3.497609,4.112052,0.208572,-0.035829,0.419107,1.000000
24.929419,-14.627384,-0.062500,-1.154800,2.183336,1.297083,0.378532,0.052970,0.202894,83.081802,-88.592003,195.976167,0.040199,3.702905,4.413940,0.293939,0.033006,0.783320,1.000000
24.909115,-12.465796,-0.062500,-1.946602,2.068495,1.457902,0.366358,0.208643,0.218943,83.054467,-88.582363,180.470518,0.183165,3.918427,4.677608,0.408453,0.134854,1.157528,1.000000
24.883125,-9.685058,-0.062500,-2.605850,1.966274,1.634929,0.304064,0.421300,0.197366,83.023940,-88.570194,148.188875,0.548887,4.156231,4.859782,0.546786,0.259947,1.462721,1.000000
24.853129,-6.582947,-0.062500,-3.024847,1.813794,1.803925,0.190505,0.679247,0.134580,82.992234,-88.555891,98.275237,1.141307,4.426157,4.926684,0.695395,0.388483,1.632164,1.000000
24.820463,-3.576954,-0.062500,-3.188011,1.597322,1.949736,0.050922,0.953258,0.047993,82.961887,-88.539223,36.031652,1.863044,4.685887,4.873600,0.834218,0.497445,1.650127,1.000000
24.785449,-1.075812,-0.062500,-3.167587,1.354525,2.072188,-0.072855,1.204332,-0.031113,82.935604,-88.520055,-28.576768,2.547926,4.851147,4.721773,0.939115,0.566688,1.552624,1.000000
24.747505,0.691627,-0.062500,-3.061803,1.135900,2.181642,-0.146091,1.403394,-0.076794,82.915484,-88.498351,-86.457361,3.055601,4.855444,4.493683,0.988878,0.582634,1.387385,1.000000
24.705954,1.661534,-0.062500,-2.938014,0.974179,2.287713,-0.152122,1.537962,-0.075646,82.902607,-88.473942,-132.447743,3.312997,4.671540,4.200801,0.971877,0.538514,1.182242,1.000000
24.660729,1.804356,-0.062500,-2.813711,0.877942,2.392061,-0.085780,1.604136,-0.023563,82.897359,-88.446692,-165.035563,3.296865,4.290942,3.846656,0.884971,0.431520,0.943038,1.000000
24.612020,1.142964,-0.062500,-2.676398,0.840697,2.492656,0.048968,1.605436,0.076315,82.899493,-88.416534,-185.430408,3.023397,3.720615,3.429850,0.731345,0.263090,0.663617,1.000000
24.559654,-0.171785,-0.062500,-2.509876,0.852211,2.590975,0.238369,1.555260,0.213886,82.908039,-88.383445,-196.866845,2.546315,2.987955,2.946040,0.518929,0.040438,0.336456,1.000000
24.503809,-1.916068,-0.062500,-2.262866,0.885900,2.683823,0.457145,1.477063,0.370259,82.921253,-88.347318,-205.866290,1.966058,2.140116,2.385458,0.264675,-0.224309,-0.062658,1.000000
