96.680839,-5.175039,-0.062500,1.094089,4.894869,-0.090482,0.037923,-0.310084,0.231391,83.069437,-0.062500,-0.062500,-0.843940,2.595146,-0.006003,-0.367547,-0.478900,0.762534,1.000000
96.688364,-3.078340,-0.062500,0.905377,4.885603,0.069671,0.109793,-0.238566,0.425898,83.062218,-0.062500,-0.062500,-1.083071,2.838323,0.118941,-0.275905,-0.422163,0.726900,1.000000
96.692820,-1.406338,-0.062500,0.661200,4.904102,0.296954,0.133901,-0.178338,0.765986,83.050851,-0.062500,-0.062500,-1.337788,3.009300,0.283866,-0.158375,-0.352017,0.637997,1.000000
96.693784,-0.169790,-0.062500,0.356045,4.935738,0.580161,0.118207,-0.132494,1.196419,83.035341,-0.062500,-0.062500,-1.607152,3.104453,0.479199,-0.019312,-0.272384,0.502375,1.000000
96.689582,0.544462,-0.062500,-0.020265,4.940696,0.882201,0.088644,-0.111081,1.545353,83.015811,-0.062500,-0.062500,-1.885611,3.114043,0.674827,0.125530,-0.193155,0.339273,1.000000
96.678802,0.721339,-0.062500,-0.463359,4.869557,1.156287,0.067568,-0.124105,1.660003,82.992848,-0.062500,-0.062500,-2.156966,3.032105,0.835684,0.251269,-0.123341,0.173535,1.000000
96.661490,0.513580,-0.062500,-0.944654,4.683293,1.367889,0.057372,-0.174304,1.516391,82.967478,-0.062500,-0.062500,-2.393451,2.862049,0.939279,0.332147,-0.066729,0.027626,1.000000
96.639058,0.187091,-0.062500,-1.422430,4.366289,1.510565,0.044149,-0.254698,1.208019,82.940503,-0.062500,-0.062500,-2.563639,2.611592,0.984005,0.353261,-0.024547,-0.082434,1.000000
96.612933,-0.061839,-0.062500,-1.857784,3.924654,1.600549,0.018190,-0.352323,0.846182,82.912468,-0.062500,-0.062500,-2.641285,2.285959,0.981853,0.315106,-0.001863,-0.143492,1.000000
96.585048,-0.157623,-0.062500,-2.218378,3.388102,1.672336,-0.021835,-0.447829,0.525925,82.884521,-0.062500,-0.062500,-2.615395,1.893193,0.956466,0.233532,-0.005939,-0.148655,1.000000
96.557327,-0.133854,-0.062500,-2.479510,2.803184,1.767914,-0.068220,-0.518746,0.293194,82.857779,-0.062500,-0.062500,-2.499261,1.450277,0.933502,0.134430,-0.044161,-0.100723,1.000000
96.529403,-0.074060,-0.062500,-2.622167,2.226420,1.918171,-0.107173,-0.546159,0.158471,82.831487,-0.062500,-0.062500,-2.324678,0.984357,0.928043,0.042874,-0.123567,-0.009462,1.000000
96.499016,-0.045724,-0.062500,-2.640435,1.712142,2.126903,-0.126470,-0.521043,0.118570,82.804023,-0.062500,-0.062500,-2.134371,0.531653,0.941867,-0.027681,-0.245931,0.111874,1.000000
96.465233,-0.053397,-0.062500,-2.547546,1.293827,2.374420,-0.122377,-0.448322,0.140015,82.775568,-0.062500,-0.062500,-1.974151,0.132305,0.967924,-0.076669,-0.402957,0.248340,1.000000
96.429271,-0.065446,-0.062500,-2.368355,0.974325,2.628781,-0.099230,-0.347222,0.171138,82.748718,-0.062500,-0.062500,-1.883398,-0.175957,0.994016,-0.111922,-0.575420,0.386897,1.000000
96.393135,-0.064517,-0.062500,-2.128801,0.731631,2.854742,-0.068995,-0.247295,0.186969,82.726124,-0.062500,-0.062500,-1.885088,-0.363813,1.008189,-0.143751,-0.738473,0.514852,1.000000
96.358857,-0.061590,-0.062500,-1.855186,0.520193,3.026804,-0.048734,-0.182722,0.203283,82.708466,-0.062500,-0.062500,-1.982879,-0.415427,1.002292,-0.179647,-0.872236,0.615984,1.000000
96.326113,-0.062429,-0.062500,-1.580690,0.296551,3.132159,-0.052754,-0.179725,0.251034,82.691241,-0.062500,-0.062500,-2.163909,-0.336994,0.972279,-0.220810,-0.969046,0.674224,1.000000
96.289977,-0.062795,-0.062500,-1.346670,0.060663,3.162936,-0.087715,-0.241443,0.354461,82.663471,-0.062500,-0.062500,-2.407273,-0.156819,0.919057,-0.262222,-1.027662,0.681563,1.000000
96.243560,-0.062331,-0.062500,-1.194990,-0.150102,3.120238,-0.151223,-0.347415,0.502376,82.612082,-0.062500,-0.062500,-2.689503,0.082119,0.847454,-0.295585,-1.050812,0.641101,1.000000
96.180619,-0.062556,-0.062500,-1.155715,-0.300101,3.014205,-0.231104,-0.468014,0.645821,82.526678,-0.062502,-0.062500,-2.985193,0.330521,0.760810,-0.315234,-1.049498,0.565660,1.000000
96.094882,-0.062487,-0.062500,-1.241040,-0.367491,2.840774,-0.309714,-0.579142,0.732985,82.400250,-0.062488,-0.062500,-3.260289,0.539073,0.656326,-0.321689,-1.044220,0.474110,1.000000
95.983492,-0.062502,-0.062500,-1.447267,-0.343583,2.588351,-0.372190,-0.665313,0.749182,82.233795,-0.062553,-0.062500,-3.473478,0.672382,0.530946,-0.320419,-1.053705,0.386360,1.000000
95.851846,-0.062500,-0.062500,-1.759009,-0.244054,2.276887,-0.409748,-0.717076,0.708828,82.040474,-0.062339,-0.062500,-3.591503,0.719618,0.389055,-0.318177,-1.084833,0.319911,1.000000
95.712424,-0.062500,-0.062500,-2.143820,-0.081783,1.963828,-0.420070,-0.724362,0.634825,81.841419,-0.062782,-0.062500,-3.603534,0.701411,0.243054,-0.318771,-1.122003,0.286267,1.000000
95.579431,-0.062500,-0.062500,-2.558666,0.149082,1.713457,-0.408617,-0.674142,0.550975,81.656291,-0.062423,-0.062500,-3.529593,0.662704,0.111225,-0.320041,-1.128965,0.285513,1.000000
95.465586,-0.062500,-0.062500,-2.947329,0.458870,1.570835,-0.386791,-0.554251,0.478959,81.498455,-0.061662,-0.062500,-3.398143,0.665389,0.008590,-0.317612,-1.063525,0.304822,1.000000
95.377673,-0.062500,-0.062500,-3.240855,0.876864,1.509566,-0.366633,-0.356740,0.426526,81.370760,-0.064365,-0.062500,-3.230448,0.770420,-0.060113,-0.306575,-0.892032,0.324057,1.000000
95.312282,-0.062500,-0.062500,-3.386423,1.455651,1.417385,-0.360978,-0.068971,0.382793,81.261162,-0.065353,-0.062500,-3.067757,1.015759,-0.095671,-0.279510,-0.585835,0.321917,1.000000
95.263338,-0.062500,-0.062500,-3.340747,2.188656,1.163701,-0.377778,0.309524,0.330489,81.154394,-0.053772,-0.062500,-2.959430,1.399316,-0.097573,-0.228581,-0.138986,0.286005,1.000000
95.231750,-0.062500,-0.062500,-3.031464,3.007776,0.641339,-0.413029,0.750900,0.260731,81.048319,-0.046606,-0.062500,-2.873910,1.899079,-0.080010,-0.158916,0.414853,0.220266,1.000000
95.218526,-0.062500,-0.062500,-2.439780,3.861830,-0.255156,-0.458969,1.214012,0.174110,80.947242,-0.074148,-0.062500,-2.711716,2.481180,-0.078074,-0.093408,1.009967,0.135827,1.000000
95.218437,-0.062500,-0.062500,-1.690445,4.741736,-1.598443,-0.509036,1.656835,0.080877,80.852146,-0.129037,-0.062500,-2.426784,3.075640,-0.109694,-0.054406,1.562657,0.044707,1.000000
95.227011,-0.062500,-0.062500,-1.007444,5.631512,-3.370777,-0.546391,2.016345,-0.000567,80.767298,-0.149871,-0.062500,-2.092434,3.555288,-0.130082,-0.038571,1.971330,-0.029894,1.000000
95.242090,-0.062500,-0.062500,-0.623675,6.520779,-5.427927,-0.556550,2.237806,-0.056757,80.697134,-0.064252,-0.062500,-1.822630,3.804957,-0.065131,-0.025102,2.165822,-0.064337,1.000000
95.256551,-0.062500,-0.062500,-0.724225,7.366228,-7.481307,-0.555739,2.325990,-0.085947,80.634407,0.165658,-0.062500,-1.663077,3.805315,0.116396,-0.004234,2.159818,-0.064907,1.000000
95.263405,-0.062500,-0.062500,-1.294008,8.063707,-9.145042,-0.591418,2.356822,-0.092627,80.569793,0.478481,-0.062500,-1.433251,3.690113,0.346582,-0.002418,2.048410,-0.065317,1.000000
95.268488,-0.062500,-0.062500,-2.023425,8.503055,-10.090526,-0.714683,2.435958,-0.084419,80.513447,0.695559,-0.062500,-0.681616,3.722849,0.466072,-0.072939,1.953846,-0.096856,1.000000
95.293271,-0.062500,-0.062500,-2.386416,8.604575,-10.139858,-0.956369,2.654808,-0.072009,80.497774,0.589198,-0.062500,1.140705,4.201098,0.287062,-0.258600,1.982691,-0.162521,1.000000
95.383719,-0.062500,-0.062500,-1.686671,8.266048,-9.286711,-1.290517,3.002633,-0.063185,80.587640,-0.046494,-0.062500,4.493667,5.316898,-0.309101,-0.550947,2.147183,-0.226304,1.000000
95.614152,-0.062500,-0.062500,0.894716,7.489001,-7.753615,-1.617791,3.325356,-0.059368,80.884366,-1.382805,-0.062500,9.722734,7.100872,-1.343271,-0.888772,2.334718,-0.226281,1.000000
96.055342,-0.062500,-0.062500,5.901532,6.483340,-6.006699,-1.805259,3.381110,-0.059275,81.481237,-3.459085,-0.062500,16.835647,9.375493,-2.722137,-1.174203,2.348574,-0.110225,1.000000
96.742923,-0.062500,-0.062500,13.250127,5.568694,-4.620640,-1.726168,2.907944,-0.061750,82.416669,-6.083963,-0.062500,25.225682,11.716781,-4.195875,-1.284920,1.947570,0.149235,1.000000
97.676906,-0.062500,-0.062500,22.224685,4.997993,-4.099978,-1.272804,1.650828,-0.064376,83.674469,-8.868638,-0.062500,33.695592,13.506908,-5.366093,-1.096683,0.877254,0.548023,1.000000
98.814481,-0.062499,-0.062500,31.595845,4.905341,-4.647526,-0.425537,-0.507805,-0.063596,85.176012,-11.371208,-0.062500,40.825730,14.182993,-5.861477,-0.556559,-0.982821,1.019193,1.000000
100.061901,-0.062511,-0.062500,39.860879,5.251578,-6.038011,0.683233,-3.431926,-0.059633,86.775676,-13.233232,-0.062500,45.388685,13.469698,-5.490546,0.257524,-3.527243,1.422974,1.000000
101.301244,-0.062431,-0.062500,45.746279,5.854321,-7.739420,1.807258,-6.755745,-0.057001,88.303923,-14.312601,-0.062500,46.790137,11.497414,-4.323842,1.145599,-6.470767,1.622488,1.000000
102.427567,-0.062798,-0.062501,48.492159,6.483494,-9.146284,2.689160,-10.015684,-0.060390,89.622756,-14.702508,-0.062500,45.206266,8.746220,-2.665785,1.869210,-9.452213,1.552946,1.000000
103.364122,-0.061636,-0.062499,47.868716,6.910137,-9.750030,3.149544,-12.784607,-0.070754,90.644903,-14.617027,-0.062500,41.303273,5.849664,-0.916472,2.260587,-12.099772,1.254729,1.000000
104.075758,-0.063820,-0.062501,44.238833,6.892422,-9.308325,3.164837,-14.810646,-0.085270,91.348196,-14.280874,-0.062500,35.865764,3.344495,0.605600,2.286900,-14.130222,0.868557,1.000000
104.576193,-0.063034,-0.062505,38.525737,6.305651,-7.890667,2.866488,-16.046287,-0.094259,91.778501,-13.916310,-0.062500,29.699712,1.566457,1.685990,2.027009,-15.377670,0.567077,1.000000
104.902678,-0.055900,-0.062483,31.761885,5.229729,-5.730333,2.442420,-16.566927,-0.085361,92.011652,-13.683549,-0.062500,23.443649,0.605338,2.265275,1.623110,-15.777646,0.460742,1.000000
105.087248,-0.073826,-0.062517,24.718415,3.879425,-3.049131,2.065109,-16.499915,-0.052094,92.110262,-13.623505,-0.062500,17.350904,0.306531,2.496143,1.241018,-15.380366,0.581015,1.000000
105.149036,-0.084301,-0.062568,17.817659,2.496958,0.022068,1.881160,-16.007458,0.002487,92.113283,-13.680813,-0.062500,11.274931,0.342335,2.673184,1.006456,-14.352796,0.878168,1.000000
105.092245,-0.000524,-0.062377,11.187849,1.362930,3.482788,1.928125,-15.210664,0.070202,92.030786,-13.773553,-0.062500,4.944109,0.381752,3.049746,0.927775,-12.863100,1.216989,1.000000
104.915163,0.047304,-0.062171,4.891567,0.837962,7.268557,2.059181,-14.136937,0.137158,91.853104,-13.840821,-0.062500,-1.749950,0.215303,3.807027,0.873243,-11.058729,1.414774,1.000000
104.632398,-0.181198,-0.062693,-0.792077,1.327255,10.995653,1.999172,-12.753256,0.189785,91.577709,-13.881555,-0.062500,-8.528511,-0.196706,4.990994,0.636489,-9.108918,1.338470,1.000000
104.275865,-0.541848,-0.063749,-5.493852,3.111872,14.063665,1.480090,-11.042496,0.215929,91.216733,-13.933015,-0.062500,-14.800534,-0.766378,6.477748,0.050625,-7.206397,0.946164,1.000000
103.878042,-0.505425,-0.063896,-8.983446,6.200327,15.920055,0.359781,-9.068537,0.204473,90.784748,-14.016060,-0.062500,-19.964555,-1.342933,8.061348,-0.913101,-5.498839,0.303043,1.000000
103.452778,0.300427,-0.061905,-11.252332,10.308255,16.182974,-1.298953,-6.965315,0.151558,90.284117,-14.116323,-0.062502,-23.737748,-1.756934,9.511427,-2.141698,-4.040593,-0.424359,1.000000
102.988651,1.754026,-0.057914,-12.556650,14.933563,14.843510,-3.254960,-4.855711,0.075693,89.700938,-14.218014,-0.062478,-26.171740,-1.846351,10.508655,-3.437966,-2.782590,-1.047066,1.000000
102.452044,3.107393,-0.054025,-13.479505,19.438616,12.419061,-5.182824,-2.815158,0.014191,89.012953,-14.311843,-0.062640,-27.588692,-1.534803,10.817590,-4.558178,-1.663823,-1.440104,1.000000
101.794666,3.111724,-0.052355,-14.817358,23.124271,9.760568,-6.731014,-0.893763,0.009386,88.194847,-14.386018,-0.061881,-28.535562,-0.853169,10.409349,-5.236986,-0.667561,-1.512278,1.000000
100.958324,0.762896,-0.061382,-17.351568,25.329716,7.761020,-7.557124,0.879220,0.090372,87.216433,-14.425038,-0.064385,-29.656884,0.105872,9.355889,-5.292225,0.225369,-1.200414,1.000000
99.903485,-4.159797,-0.066720,-21.467997,25.615971,7.081572,-7.463312,2.460248,0.262943,86.066237,-14.426113,-0.059110,-31.368430,1.187050,7.775826,-4.728255,1.122572,-0.512193,1.000000
98.640000,-11.416476,-0.095947,-26.846994,23.908641,7.752161,-6.505527,3.755971,0.509460,84.777525,-14.385750,-0.063907,-33.651458,2.152798,5.908194,-3.742401,2.165990,0.459858,1.000000
97.232444,-20.134561,-0.125555,-32.542155,20.432777,9.064189,-4.950210,4.663190,0.796870,83.425585,-14.321702,-0.070567,-36.046323,2.695162,4.013612,-2.622018,3.429939,1.576103,1.000000
95.769710,-28.166624,-0.107496,-37.459049,15.511238,10.104871,-3.136936,5.129520,1.067272,82.096568,-14.268996,-0.043968,-37.851198,2.483838,2.330946,-1.614046,4.860085,2.661727,1.000000
94.336921,-32.877496,-0.142309,-40.645073,9.510256,10.247826,-1.358616,5.132037,1.244134,80.865375,-14.239913,-0.027956,-38.305662,1.325759,1.070613,-0.833866,6.302300,3.534895,1.000000
92.998679,-32.829963,-0.297082,-41.356966,2.976496,9.226532,0.206410,4.703561,1.267438,79.782195,-14.207877,-0.154457,-36.788070,-0.645560,0.224226,-0.284691,7.554777,4.060851,1.000000
91.810896,-28.269674,-0.226851,-39.185765,-3.259625,7.155947,1.451514,3.956920,1.124150,78.885057,-14.232186,-0.270733,-32.998463,-3.014484,-0.491821,0.059527,8.398161,4.177269,1.000000
90.833596,-20.609677,0.204137,-34.241771,-8.221209,4.482234,2.270874,3.042425,0.849903,78.217747,-14.458198,0.038256,-27.125234,-5.284994,-1.296483,0.206106,8.600195,3.874510,1.000000
90.114662,-11.866135,0.541239,-27.107025,-11.073423,1.688930,2.545356,2.129224,0.518277,77.815028,-14.893315,0.813051,-19.774059,-6.982756,-2.192972,0.161757,8.028638,3.225298,1.000000
89.661306,-3.801539,0.200764,-18.589331,-11.379838,-0.822257,2.197549,1.414909,0.208875,77.671409,-15.188794,1.147888,-11.723177,-7.694157,-3.039823,-0.087366,6.759192,2.382034,1.000000
89.459115,2.585176,-1.023831,-9.399357,-9.185414,-2.719223,1.210993,0.975985,-0.027049,77.757172,-14.889654,-0.147637,-3.694313,-7.209219,-3.489371,-0.601806,5.073802,1.514344,1.000000
89.498485,6.348604,-2.866660,-0.039346,-5.000895,-3.904534,-0.355098,0.658779,-0.166286,78.040904,-13.855963,-3.448896,3.706721,-5.579102,-3.114117,-1.434733,3.319907,0.755958,1.000000
89.779601,6.372960,-3.984200,9.030046,0.330128,-4.552497,-2.321647,0.204442,-0.200417,78.493151,-12.588794,-7.388690,10.006815,-3.064498,-1.710614,-2.529071,1.744871,0.198721,1.000000
90.303342,2.524887,-2.657145,17.064511,5.874189,-4.793180,-4.335863,-0.562955,-0.149701,79.083215,-12.121186,-9.088766,14.733898,-0.046805,0.670617,-3.651441,0.425425,-0.133365,1.000000
91.066556,-4.157871,1.721142,23.102232,10.939209,-4.602165,-5.893763,-1.690558,-0.059743,79.784013,-13.546279,-5.419385,17.471421,3.166542,3.680672,-4.409190,-0.673375,-0.287177,1.000000
92.062822,-12.444656,8.398187,26.403265,15.366338,-3.986468,-6.450376,-3.091879,0.033420,80.581716,-17.420465,5.459092,18.115331,6.562371,6.497199,-4.378949,-1.649480,-0.349336,1.000000
93.284563,-20.865565,16.011434,26.610936,19.619187,-3.054158,-5.627837,-4.581636,0.113685,81.481549,-23.628203,23.694327,16.825927,10.327516,8.151353,-3.291548,-2.580869,-0.406021,1.000000
94.691404,-27.320935,22.202354,23.548271,24.419635,-1.969185,-3.375986,-5.921035,0.171942,82.474972,-31.327113,47.311337,13.720634,14.587918,8.086387,-1.138840,-3.421402,-0.520429,1.000000
96.161260,-30.094253,24.950961,17.357919,30.184379,-0.970430,-0.006166,-6.816716,0.194145,83.489600,-38.831424,71.768624,8.985795,19.271810,6.303344,1.830350,-3.999367,-0.664572,1.000000
97.491782,-28.910113,24.629918,8.800549,36.707133,-0.261190,3.913868,-6.970948,0.151466,84.384358,-43.746212,90.454798,3.086521,24.126947,3.316078,5.158494,-4.133794,-0.713718,1.000000
98.473080,-24.996247,24.006509,-0.744090,43.265280,0.129108,7.718163,-6.273522,0.016596,85.006352,-43.999112,97.489401,-3.288407,28.758961,0.103196,8.277107,-3.719049,-0.531390,1.000000
98.961788,-21.040161,26.865425,-9.564080,48.895577,0.262445,10.794200,-4.920917,-0.182317,85.246517,-38.899974,90.492253,-9.359677,32.756879,-2.359785,10.666014,-2.785307,-0.039965,1.000000
98.914968,-20.329729,37.169375,-16.080511,52.739003,0.197200,12.693305,-3.305159,-0.342236,85.063832,-29.572370,71.831220,-14.351502,35.798135,-3.526127,11.976109,-1.518689,0.779806,1.000000
98.395110,-24.447973,56.327259,-19.531625,54.338259,0.044656,13.243567,-1.787021,-0.334491,84.491428,-18.471913,47.379429,-17.813461,37.659956,-3.252718,12.121496,-0.154729,1.855020,1.000000
97.544594,-32.299262,81.083301,-20.117011,53.745216,-0.059723,12.597435,-0.558875,-0.057211,83.627357,-8.351570,23.750799,-19.648385,38.216561,-1.773698,11.309697,1.127737,3.022734,1.000000
96.549146,-41.223675,104.756458,-18.434725,51.404981,-0.061898,11.170683,0.340677,0.538579,82.619678,-1.112651,5.497613,-19.770441,37.504308,0.259669,9.937602,2.170062,4.065454,1.000000
95.595792,-47.917355,120.027415,-15.144241,47.987432,0.021267,9.470518,0.926832,1.410353,81.633857,2.428886,-5.400271,-18.130849,35.689415,2.168491,8.415247,2.833005,4.757576,1.000000
94.821900,-49.258051,121.050020,-11.102216,44.139777,0.151974,7.914628,1.222590,2.408776,80.796799,2.304387,-9.090519,-15.091375,32.966327,3.575060,7.050605,3.085952,4.948417,1.000000
94.279106,-43.980272,106.462804,-7.161232,40.251750,0.273511,6.694646,1.284796,3.303212,80.154997,-0.689234,-7.401921,-11.329251,29.526102,4.361567,5.970265,2.962822,4.671469,1.000000
93.942739,-33.433689,80.427425,-3.878113,36.449235,0.336449,5.752372,1.196968,3.843529,79.679364,-5.042852,-3.452142,-7.588211,25.646094,4.600652,5.102445,2.482982,4.088947,1.000000
93.747685,-20.644993,49.886094,-1.538339,32.818734,0.338090,4.890399,1.010351,3.861973,79.300027,-9.263570,-0.139214,-4.565845,21.726905,4.529187,4.281260,1.672425,3.356909,1.000000
93.634624,-9.000676,21.572465,-0.263657,29.546019,0.296664,3.910035,0.709598,3.357689,78.948468,-12.458971,1.136745,-2.798862,18.242410,4.323909,3.363321,0.614299,2.583269,1.000000
93.571194,-0.963709,0.865509,-0.058919,26.886252,0.222546,2.667261,0.267123,2.485750,78.577571,-14.379504,0.754426,-2.549185,15.630306,4.011402,2.246240,-0.538364,1.862628,1.000000
93.548252,3.015849,-9.510732,-0.972776,25.085526,0.125503,1.121706,-0.245073,1.485163,78.169260,-15.146633,-0.040527,-3.861208,14.135179,3.582538,0.921249,-1.553252,1.254794,1.000000
93.564531,4.087214,-10.104909,-3.026199,24.291925,0.013537,-0.618470,-0.662331,0.595364,77.735734,-14.997094,-0.273181,-6.496119,13.693791,3.039625,-0.487569,-2.225078,0.783590,1.000000
93.619665,3.732490,-3.882409,-5.960530,24.471808,-0.112058,-2.319247,-0.856630,-0.016611,77.314074,-14.035120,0.054134,-9.848535,14.037793,2.355180,-1.812846,-2.482820,0.446445,1.000000
93.687718,3.156831,4.379174,-9.278975,25.437224,-0.228352,-3.726063,-0.818865,-0.302034,76.933235,-12.523567,0.470563,-13.113937,14.901304,1.570717,-2.935750,-2.381318,0.197985,1.000000
93.700072,2.888915,9.213447,-12.544451,26.932239,-0.285590,-4.686737,-0.636435,-0.315705,76.583897,-11.188212,0.658612,-15.644252,16.066588,0.841445,-3.796293,-2.005279,-0.017238,1.000000
93.561279,2.342469,6.713932,-15.458126,28.670614,-0.229656,-5.229345,-0.446241,-0.186481,76.215987,-10.958425,0.541525,-17.097278,17.290617,0.341103,-4.433166,-1.471076,-0.194026,1.000000
93.166297,0.116813,-4.265402,-17.850555,30.364530,-0.028067,-5.561100,-0.383771,-0.071399,75.750107,-12.540608,-0.028432,-17.459888,18.290053,0.171999,-4.992866,-0.932054,-0.316781,1.000000
92.400326,-5.199694,-23.033226,-19.696186,31.769798,0.323204,-5.957958,-0.535315,-0.079175,75.092458,-16.419540,-1.251658,-16.950335,18.763732,0.345652,-5.628132,-0.544262,-0.430916,1.000000
91.192358,-14.181010,-47.295331,-21.026797,32.679864,0.793398,-6.605780,-0.902979,-0.230851,74.186203,-22.676980,-3.182333,-15.896092,18.412230,0.766430,-6.422616,-0.386644,-0.598040,1.000000
89.565580,-25.902062,-72.614287,-21.783409,32.885453,1.314273,-7.530539,-1.394342,-0.492081,73.046832,-30.721098,-5.634920,-14.661943,17.011229,1.241227,-7.402322,-0.436550,-0.828200,1.000000
87.631804,-38.065374,-92.693602,-21.802395,32.191870,1.784562,-8.614818,-1.838907,-0.782269,71.756957,-39.402589,-8.269536,-13.603743,14.455990,1.545398,-8.502032,-0.601382,-1.088388,1.000000
85.565257,-47.988161,-101.685374,-20.919259,30.514071,2.105844,-9.630757,-2.095359,-0.996856,70.444235,-47.430630,-10.677314,-12.926035,10.826819,1.522417,-9.547363,-0.819873,-1.332845,1.000000
83.573452,-53.463275,-96.723523,-19.123611,27.955208,2.227351,-10.298378,-2.139154,-1.061840,69.248938,-53.699130,-12.522964,-12.629467,6.493364,1.122944,-10.336241,-1.058231,-1.512736,1.000000
81.823208,-53.195989,-79.564358,-16.665932,24.788386,2.180724,-10.397138,-2.040286,-0.966980,68.266528,-57.680973,-13.661451,-12.527750,2.120605,0.403470,-10.704068,-1.267727,-1.596996,1.000000
80.400251,-47.250744,-55.655302,-14.022870,21.360991,2.063958,-9.867414,-1.893744,-0.752368,67.524849,-59.551319,-14.160989,-12.354606,-1.585172,-0.446606,-10.561263,-1.375500,-1.571704,1.000000
79.330641,-37.079433,-31.421592,-11.717869,17.996286,1.987151,-8.830569,-1.776704,-0.500886,67.006320,-59.870586,-14.200651,-11.914248,-4.160622,-1.166987,-9.949671,-1.331266,-1.418833,1.000000
78.590161,-24.973610,-11.594798,-10.112897,14.915421,2.011943,-7.559027,-1.724795,-0.298157,66.665400,-59.265333,-13.974515,-11.155373,-5.512894,-1.564623,-9.026173,-1.133453,-1.143754,1.000000
78.088302,-13.478644,1.343163,-9.278068,12.197965,2.134908,-6.381285,-1.752104,-0.172401,66.431182,-58.403627,-13.683149,-10.053872,-5.844266,-1.574612,-7.964283,-0.852885,-0.816477,1.000000
77.717609,-4.668488,6.992589,-9.012667,9.815508,2.303537,-5.507815,-1.853797,-0.085031,66.242213,-57.803172,-13.475730,-8.585426,-5.506448,-1.236505,-6.902608,-0.582509,-0.519958,1.000000
77.406112,0.616704,6.815032,-8.973431,7.699686,2.450567,-4.949404,-1.997555,0.018973,66.069574,-57.630404,-13.394298,-6.827625,-4.839029,-0.696157,-5.937618,-0.381705,-0.288330,1.000000
77.116026,2.790380,3.778611,-8.774450,5.781576,2.514449,-4.582996,-2.129194,0.200840,65.906522,-57.766519,-13.396427,-4.974882,-4.099521,-0.143460,-5.096538,-0.265784,-0.114879,1.000000
76.836283,2.863521,0.778086,-8.078983,4.053537,2.461854,-4.238425,-2.220026,0.514149,65.759416,-57.999489,-13.416300,-3.188093,-3.400591,0.298724,-4.341025,-0.257372,0.009945,1.000000
76.582947,1.884581,-0.662554,-6.750407,2.610173,2.304110,-3.763199,-2.283988,0.959075,65.643000,-58.148933,-13.403550,-1.545942,-2.701064,0.596799,-3.621100,-0.382579,0.100909,1.000000
76.368514,0.732054,-0.657230,-4.943958,1.577959,2.100243,-3.095178,-2.348811,1.454804,65.561610,-58.190318,-13.359431,-0.069808,-1.861996,0.752452,-2.899723,-0.644497,0.178894,1.000000
76.193150,-0.068752,-0.157111,-3.020334,1.010722,1.927905,-2.282203,-2.402686,1.865254,65.509892,-58.210588,-13.319521,1.236162,-0.779595,0.815488,-2.174110,-1.012917,0.265321,1.000000
76.062729,-0.381396,0.044835,-1.367183,0.867778,1.848085,-1.434163,-2.381238,2.050695,65.486536,-58.255106,-13.304820,2.326507,0.526069,0.856311,-1.494609,-1.439389,0.383328,1.000000
75.984916,-0.312752,-0.043164,-0.258063,1.031360,1.876939,-0.680698,-2.213520,1.940088,65.491927,-58.284968,-13.308411,3.096135,1.892558,0.901929,-0.929318,-1.859129,0.542706,1.000000
75.948651,-0.106424,-0.105389,0.211574,1.335799,1.984609,-0.138506,-1.900733,1.578798,65.517835,-58.282968,-13.327838,3.486043,3.119232,0.938331,-0.514618,-2.222193,0.714369,1.000000
75.935159,-0.001955,-0.063784,0.098770,1.628292,2.113586,0.151732,-1.514032,1.112808,65.553275,-58.264740,-13.367938,3.507533,4.056458,0.948573,-0.263729,-2.498852,0.868216,1.000000
75.931737,-0.030261,-0.046763,-0.463325,1.816815,2.207715,0.228942,-1.152029,0.713960,65.588362,-58.237619,-13.428754,3.172981,4.625631,0.902699,-0.182098,-2.651492,1.006042,1.000000
75.927778,-0.073075,-0.063942,-1.292061,1.863746,2.222163,0.158910,-0.899388,0.511393,65.611243,-58.203667,-13.506949,2.493770,4.796801,0.779155,-0.261578,-2.621285,1.138426,1.000000
75.914597,-0.069603,-0.067453,-2.152121,1.783832,2.128755,0.004482,-0.807725,0.563790,65.612275,-58.171518,-13.598728,1.561049,4.613909,0.597796,-0.478198,-2.394275,1.261432,1.000000
75.890824,-0.059287,-0.059940,-2.826807,1.640461,1.923729,-0.181121,-0.878333,0.846232,65.590058,-58.143538,-13.695993,0.539704,4.191842,0.400139,-0.791122,-2.032756,1.364233,1.000000
75.856493,-0.062245,-0.063000,-3.204220,1.500033,1.634104,-0.359221,-1.068894,1.251184,65.549302,-58.120759,-13.789508,-0.392900,3.690510,0.212923,-1.128094,-1.637028,1.426268,1.000000
75.812083,-0.063547,-0.062645,-3.289109,1.393309,1.309504,-0.490530,-1.300513,1.626077,65.498815,-58.102381,-13.870573,-1.100885,3.268010,0.060162,-1.404603,-1.289623,1.422551,1.000000
75.762088,-0.061900,-0.062364,-3.167918,1.316800,1.011819,-0.533819,-1.481140,1.834196,65.448693,-58.086582,-13.933051,-1.531025,3.032014,-0.036007,-1.558716,-1.032491,1.341707,1.000000
75.711795,-0.062699,-0.062550,-2.967921,1.242642,0.798248,-0.465192,-1.532351,1.799304,65.405711,-58.070719,-13.975077,-1.722023,3.001732,-0.075105,-1.559675,-0.831166,1.188575,1.000000
75.661731,-0.062455,-0.062488,-2.799297,1.132999,0.705010,-0.294776,-1.424331,1.529133,65.371910,-58.053506,-13.998798,-1.744580,3.127771,-0.068139,-1.408545,-0.607609,0.973216,1.000000
75.609047,-0.062507,-0.062502,-2.715750,0.968617,0.740443,-0.062477,-1.179114,1.110744,65.346587,-58.035418,-14.007977,-1.657776,3.316929,-0.020104,-1.151263,-0.310615,0.722411,1.000000
75.550353,-0.062499,-0.062500,-2.727178,0.763917,0.891252,0.171561,-0.861190,0.662497,65.327712,-58.017116,-14.006718,-1.506828,3.453709,0.066830,-0.865516,0.071937,0.477003,1.000000
75.483422,-0.062500,-0.062500,-2.816509,0.550189,1.124749,0.351751,-0.544665,0.277572,65.312127,-57.998991,-13.999634,-1.314866,3.439830,0.191936,-0.625712,0.540166,0.270889,1.000000
75.409028,-0.062500,-0.062500,-2.926605,0.351925,1.394752,0.450688,-0.285055,0.007463,65.296798,-57.981914,-13.990663,-1.068473,3.246353,0.365283,-0.476839,1.026774,0.122561,1.000000
75.331215,-0.062500,-0.062500,-2.976960,0.176148,1.653129,0.471852,-0.103439,-0.139708,65.280412,-57.966456,-13.981655,-0.748660,2.917408,0.604135,-0.422450,1.401214,0.034409,1.000000
75.254727,-0.062500,-0.062500,-2.912099,0.008002,1.863261,0.441706,0.000362,-0.186863,65.262587,-57.952214,-13.972362,-0.371604,2.539932,0.928716,-0.426140,1.551217,-0.011404,1.000000
75.184388,-0.062500,-0.062500,-2.723753,-0.182190,2.007187,0.399846,0.035325,-0.159753,65.242089,-57.938392,-13.961285,0.007771,2.209150,1.356773,-0.440774,1.438897,-0.040601,1.000000
75.124356,-0.062500,-0.062500,-2.442239,-0.426515,2.089174,0.374186,0.014899,-0.092632,65.216438,-57.923382,-13.946193,0.320363,1.994270,1.890660,-0.432395,1.099812,-0.072536,1.000000
75.075345,-0.062500,-0.062500,-2.122435,-0.747722,2.131575,0.372521,-0.030587,-0.039962,65.181974,-57.906814,-13.925248,0.510739,1.902499,2.494114,-0.384632,0.653515,-0.114156,1.000000
75.033021,-0.062500,-0.062500,-1.820824,-1.141147,2.165453,0.390989,-0.064825,-0.045254,65.133867,-57.884446,-13.895544,0.563755,1.884335,3.100909,-0.299867,0.238009,-0.160141,1.000000
74.990555,-0.062500,-0.062500,-1.568085,-1.573372,2.219280,0.421908,-0.065887,-0.107635,65.070129,-57.862752,-13.856767,0.518658,1.860142,3.631635,-0.197414,-0.072719,-0.193239,1.000000
74.939543,-0.062502,-0.062500,-1.367303,-1.984425,2.309299,0.455870,-0.037666,-0.194253,64.994111,-57.842090,-13.808743,0.451431,1.769306,4.007388,-0.100747,-0.266277,-0.193276,1.000000
74.873612,-0.062490,-0.062500,-1.211281,-2.306909,2.432882,0.488425,0.002866,-0.242415,64.913271,-57.809086,-13.751033,0.440566,1.596683,4.163323,-0.030204,-0.348732,-0.153829,1.000000
74.794364,-0.062545,-0.062500,-1.084696,-2.508199,2.570954,0.514852,0.032153,-0.181718,64.838707,-57.784857,-13.694051,0.543818,1.355984,4.071964,-0.002974,-0.375701,-0.097439,1.000000
74.710571,-0.062362,-0.062500,-0.964573,-2.585629,2.692160,0.519474,0.018795,0.017508,64.782838,-57.810488,-13.654325,0.769091,1.094884,3.744248,-0.032985,-0.436037,-0.076128,1.000000
74.627995,-0.062747,-0.062500,-0.839673,-2.493577,2.761026,0.473385,-0.076897,0.339371,64.748274,-57.820575,-13.622126,1.046435,0.948180,3.229806,-0.132037,-0.592349,-0.149854,1.000001
74.550768,-0.062404,-0.062500,-0.705342,-2.164534,2.745327,0.344798,-0.288093,0.755382,64.731338,-57.697413,-13.573767,1.263503,1.066038,2.610445,-0.315552,-0.860450,-0.358527,0.999997
74.484843,-0.061888,-0.062500,-0.536647,-1.597364,2.635177,0.106717,-0.626013,1.177513,64.728193,-57.469049,-13.517395,1.343470,1.473546,1.978100,-0.594260,-1.217484,-0.701264,1.000010
74.442289,-0.063881,-0.062500,-0.290966,-0.897877,2.448679,-0.248180,-1.062885,1.457883,64.745161,-57.365763,-13.506198,1.280153,2.014390,1.399401,-0.964202,-1.595728,-1.128431,0.999983
74.434879,-0.065064,-0.062500,0.056982,-0.222777,2.208132,-0.707160,-1.529921,1.478452,64.796481,-57.654265,-13.600792,1.110972,2.450381,0.912851,-1.416764,-1.915648,-1.553698,1.000004
74.471562,-0.055612,-0.062500,0.487518,0.297285,1.934949,-1.242069,-1.932980,1.219880,64.880466,-58.475353,-13.831723,0.877852,2.598891,0.535028,-1.942714,-2.111819,-1.882091,1.000053
74.536959,-0.047189,-0.062500,0.909053,0.715089,1.680850,-1.821377,-2.179332,0.754024,64.962219,-59.625980,-14.142649,0.589585,2.537308,0.264187,-2.529230,-2.130138,-2.027778,0.999883
74.576606,-0.070459,-0.062500,1.156811,1.338815,1.505651,-2.425536,-2.199565,0.238831,65.013013,-60.472472,-14.371609,0.210731,2.686874,0.083587,-3.171092,-1.941520,-1.938682,0.999821
74.532457,-0.127096,-0.062500,1.054460,2.583228,1.402935,-3.049162,-1.974190,-0.165010,65.020001,-60.152231,-14.310714,-0.306304,3.630739,-0.024418,-3.865976,-1.579592,-1.627757,1.000542
74.409593,-0.150056,-0.062500,0.485359,4.804062,1.272986,-3.670434,-1.552301,-0.400566,64.945147,-57.791066,-13.766675,-1.012387,5.893037,-0.078960,-4.584022,-1.124956,-1.185103,1.000985
74.240672,-0.053709,-0.062500,-0.597158,8.328086,0.996629,-4.249616,-1.042408,-0.507537,64.695502,-52.598303,-12.570509,-1.979510,9.927986,-0.101665,-5.271982,-0.663258,-0.739895,0.999284
74.009971,0.187139,-0.062500,-2.151691,13.328813,0.514010,-4.749596,-0.573256,-0.532036,64.176522,-44.330413,-10.669438,-3.231493,15.933814,-0.109303,-5.886787,-0.266699,-0.402645,0.995921
73.623578,0.471587,-0.062500,-4.018786,19.637356,-0.109440,-5.143202,-0.256333,-0.527352,63.346806,-33.753182,-8.222487,-4.653482,23.611721,-0.100893,-6.404424,0.011542,-0.212860,0.994589
72.962087,0.589791,-0.062500,-5.952544,26.744376,-0.639528,-5.395722,-0.155686,-0.545034,62.288620,-22.505873,-5.572595,-6.034860,32.195963,-0.072078,-6.804023,0.146732,-0.129447,0.999664
71.947836,0.316385,-0.062500,-7.710829,33.968569,-0.723409,-5.472225,-0.271066,-0.582406,61.229021,-12.489430,-3.122048,-7.195322,40.719650,-0.035171,-7.066959,0.137925,-0.062294,1.013662
70.642261,-0.478409,-0.062500,-9.126149,40.621002,0.006383,-5.315796,-0.544178,-0.575706,60.458609,-5.262069,-1.213645,-8.081570,48.259401,-0.021882,-7.141764,0.008843,0.073306,1.033261
69.262485,-1.803127,-0.062500,-10.147572,46.245330,1.857589,-4.829933,-0.881032,-0.449952,60.228871,-1.493780,-0.006279,-8.794754,54.233012,-0.061963,-6.911873,-0.195206,0.330830,1.047812
68.124616,-3.513286,-0.062501,-10.820797,50.650846,4.912711,-3.923964,-1.175945,-0.150546,60.759179,-0.817475,0.552907,-9.518051,58.462121,-0.163898,-6.242065,-0.426677,0.716983,1.043247
67.603472,-5.276570,-0.062496,-11.199865,53.629002,8.816320,-2.563140,-1.343599,0.300078,62.164196,-2.197821,0.632977,-10.383781,60.847583,-0.293787,-5.037758,-0.649437,1.176081,1.006077
68.119355,-6.613755,-0.062519,-11.279266,54.787502,12.785518,-0.742802,-1.344415,0.772359,64.337355,-4.359531,0.426849,-11.424948,61.131024,-0.375727,-3.243300,-0.823919,1.583259,0.924068
69.932448,-7.102726,-0.062443,-11.030769,53.827367,15.902662,1.478780,-1.190903,1.101460,66.939536,-6.029842,0.141003,-12.593218,59.154216,-0.317852,-0.892728,-0.908264,1.798991,0.792761
72.937540,-6.580324,-0.062597,-10.435187,50.724694,17.422491,3.925796,-0.932711,1.195362,69.526091,-6.388131,-0.065816,-13.731000,55.018451,-0.034800,1.825406,-0.877341,1.742167,0.622180
76.658525,-5.219499,-0.062486,-9.483725,45.697640,16.980364,6.328491,-0.636584,1.056909,71.674971,-5.388053,-0.142371,-14.561771,49.009882,0.548686,4.594945,-0.740563,1.432709,0.435149
80.433264,-3.449063,-0.062163,-8.193461,39.194386,14.734251,8.404930,-0.365062,0.756180,73.143964,-3.594704,-0.120694,-14.810513,41.594056,1.447464,7.061155,-0.537580,0.973771,0.259116
83.632487,-1.757021,-0.063251,-6.631898,31.831414,11.297408,9.910430,-0.159563,0.400134,73.935005,-1.749632,-0.076612,-14.334473,33.391163,2.558514,8.897836,-0.322805,0.501228,0.118160
85.902502,-0.450688,-0.063411,-4.930561,24.245026,7.487961,10.716694,-0.035795,0.088631,74.195981,-0.381269,-0.048157,-13.188661,25.031254,3.671847,9.906325,-0.144102,0.118003,0.024519
87.207567,0.356768,-0.059366,-3.282203,17.048279,4.132341,10.844748,0.010232,-0.119650,74.106629,0.374549,-0.042924,-11.592435,17.126121,4.547150,10.069818,-0.033194,-0.128831,-0.023426
87.708143,0.631053,-0.057273,-1.861796,10.737008,1.867661,10.393804,0.001390,-0.206435,73.874558,0.598894,-0.079502,-9.797618,10.196062,4.989732,9.492353,0.005690,-0.234382,-0.035630
87.676287,0.434021,-0.065983,-0.745444,5.480147,0.872842,9.480708,-0.028713,-0.190103,73.679602,0.406236,-0.100217,-7.970178,4.431161,4.914581,8.337095,-0.005787,-0.222891,-0.024988
87.472426,0.004709,-0.084177,0.094825,1.104261,0.834553,8.287451,-0.050122,-0.123743,73.624017,-0.003416,0.013376,-6.201065,-0.350296,4.362282,6.853303,-0.028559,-0.149027,-0.006382
87.350478,-0.313990,-0.097356,0.724044,-2.623999,1.241239,7.036266,-0.049554,-0.065212,73.718279,-0.291923,0.078829,-4.548561,-4.383499,3.464604,5.326608,-0.031269,-0.076123,0.008511
87.365812,-0.198128,-0.069468,1.172319,-5.791899,1.666215,5.911656,-0.030939,-0.041742,73.864108,-0.162669,-0.194776,-3.066691,-7.738693,2.401253,3.985705,-0.006550,-0.041647,0.015708
87.481402,0.496797,0.012913,1.380045,-8.381747,1.850292,5.018017,-0.014033,-0.046489,73.927730,0.472931,-0.672289,-1.842237,-10.378910,1.377627,2.961535,0.017282,-0.040715,0.017973
87.678080,1.526364,0.156826,1.234111,-10.311321,1.747048,4.358603,-0.024501,-0.059429,73.895595,1.376314,-0.791110,-1.038510,-12.239894,0.565669,2.271129,-0.000698,-0.050693,0.020617
87.964650,2.224127,0.259146,0.673188,-11.558828,1.462208,3.824709,-0.076413,-0.066000,73.908497,2.003501,0.032051,-0.848327,-13.328338,0.044489,1.802689,-0.083500,-0.064270,0.027987
88.398109,1.831586,0.169693,-0.274213,-12.298818,1.075306,3.264262,-0.166503,-0.066667,74.141953,1.768398,2.332110,-1.408215,-13.815616,-0.209459,1.378960,-0.233774,-0.081513,0.040589
88.922661,-0.257034,-0.109210,-1.489320,-12.780222,0.615370,2.531014,-0.287028,-0.068619,74.674231,0.190511,5.775279,-2.708581,-13.931072,-0.276484,0.817044,-0.446374,-0.088620,0.056373
89.225690,-4.414957,-0.563152,-2.700158,-13.162091,0.132755,1.497670,-0.419305,-0.071630,75.355781,-3.228523,8.375668,-4.524391,-13.824881,-0.241531,-0.036315,-0.678278,-0.066421,0.072730
88.854334,-10.590594,-1.461619,-3.506953,-13.597652,-0.395045,0.109175,-0.526561,-0.070995,75.778152,-8.802061,7.052116,-6.423095,-13.651440,-0.165261,-1.239927,-0.852059,-0.012910,0.087214
87.414309,-18.065983,-2.826840,-3.526784,-14.305534,-1.103364,-1.534835,-0.568684,-0.069089,75.425796,-16.286171,-1.175167,-7.870051,-13.653244,-0.095881,-2.685977,-0.897478,0.056554,0.097152
84.595958,-25.431766,-4.047404,-2.510405,-15.478107,-2.065950,-3.203950,-0.525642,-0.071236,73.826433,-24.839765,-18.600521,-8.343309,-13.973992,-0.063702,-4.145200,-0.788162,0.092043,0.101093
80.362747,-30.764747,-4.262348,-0.447901,-17.092921,-3.169495,-4.621284,-0.406800,-0.080081,70.606604,-33.213932,-45.095332,-7.498298,-14.480921,-0.061228,-5.356764,-0.556862,0.021087,0.099711
75.162831,-32.379462,-3.111901,2.350383,-18.933678,-4.196623,-5.552776,-0.251876,-0.091996,65.739120,-39.991954,-76.798589,-5.316649,-14.901136,-0.054621,-6.112972,-0.305390,-0.193291,0.095591
69.846534,-29.757732,-0.876961,5.353400,-20.736189,-4.936060,-5.892512,-0.116051,-0.096361,59.762419,-44.075861,-107.189336,-2.124095,-15.084400,-0.029129,-6.329654,-0.150230,-0.525180,0.091520
65.385717,-23.979531,1.176094,8.065358,-22.455618,-5.322596,-5.677876,-0.040385,-0.085999,53.692996,-44.963646,-129.276648,1.585482,-15.039409,0.011891,-6.057059,-0.162421,-0.908323,0.088842
62.634348,-17.189635,1.313600,10.185484,-24.396677,-5.565734,-5.010453,-0.037861,-0.058403,48.712760,-42.544172,-137.087489,5.360250,-14.895931,0.041445,-5.409850,-0.359439,-1.197759,0.087279
61.990586,-11.720310,-1.382626,11.652528,-26.851117,-5.988148,-4.016132,-0.108310,-0.001041,45.786641,-37.019384,-128.198371,8.901714,-14.741672,0.010856,-4.524045,-0.709719,-1.190727,0.086305
63.265790,-9.378731,-6.954759,12.637753,-29.696820,-6.749784,-2.836772,-0.238500,0.090166,45.279765,-29.173078,-105.199882,12.061707,-14.522915,-0.105143,-3.521387,-1.106855,-0.752007,0.084842
65.916956,-11.170302,-15.373432,13.434762,-32.707778,-7.867635,-1.593004,-0.388120,0.183397,46.909980,-20.287823,-74.229792,14.816107,-14.240300,-0.281824,-2.472790,-1.407779,0.094929,0.081483
69.302449,-16.886180,-25.372936,14.277286,-35.937875,-9.318574,-0.361753,-0.503544,0.228370,50.031249,-11.785628,-42.387644,17.222751,-14.224636,-0.479763,-1.403943,-1.502455,1.185652,0.075739
72.746082,-24.810141,-34.097387,15.268000,-39.610432,-10.977789,0.799192,-0.546515,0.198685,53.899198,-4.950612,-16.165481,19.387001,-14.832462,-0.624709,-0.351247,-1.355171,2.227303,0.068471
75.737121,-31.909982,-38.383906,16.349385,-43.605872,-12.544152,1.842044,-0.507638,0.103469,57.779734,-0.596658,0.691431,21.377706,-16.194254,-0.634520,0.619745,-1.015126,2.894506,0.061241
78.098832,-35.156062,-35.833163,17.283510,-47.457651,-13.634837,2.728824,-0.405168,-0.002444,61.157109,1.102904,8.248212,23.149751,-18.448522,-0.560474,1.419004,-0.598727,3.014873,0.055884
79.920741,-32.970362,-25.692617,17.729835,-50.762548,-13.970995,3.414652,-0.277240,-0.038986,63.875881,0.421204,8.995151,24.547059,-22.083699,-0.669925,1.949572,-0.211250,2.654801,0.053443
81.398947,-26.070523,-11.018160,17.468604,-53.555179,-13.563236,3.868426,-0.158853,0.044722,66.060647,-2.018819,5.956088,25.439496,-27.587730,-1.297268,2.157611,0.101919,2.039544,0.053416
82.740645,-16.964510,1.566850,16.539456,-56.294590,-12.743191,4.122652,-0.066261,0.255044,67.947868,-5.207614,2.110384,25.841077,-34.939127,-2.682020,2.087401,0.341954,1.494601,0.054431
84.021013,-8.771083,5.462239,15.212556,-59.388825,-11.913978,4.269643,-0.005926,0.581398,69.720315,-8.090337,-0.405159,25.856422,-43.140020,-4.839138,1.881184,0.537641,1.338891,0.055443
85.168235,-4.239655,-3.318725,13.861376,-62.479927,-11.245474,4.424845,0.016855,0.960547,71.374377,-9.947475,-0.881312,25.557936,-50.375357,-7.461465,1.740736,0.737064,1.711459,0.055728
86.101150,-5.559083,-25.214962,12.839648,-64.698659,-10.703442,4.691021,0.009615,1.270611,72.787185,-10.383550,0.107759,25.003781,-54.876747,-9.995661,1.841183,0.961593,2.499905,0.054851
86.811483,-13.672738,-55.345910,12.351183,-65.214452,-10.191386,5.103867,-0.011362,1.397934,73.881701,-9.181936,1.001630,24.299231,-55.903582,-11.884939,2.231831,1.177519,3.420219,0.052970
87.312812,-27.593596,-84.384584,12.421453,-63.437749,-9.593658,5.619765,-0.034989,1.297292,74.679915,-6.441348,0.020302,23.584970,-53.652906,-12.688859,2.817780,1.318190,4.109103,0.050633
87.635955,-44.343029,-102.211978,12.951753,-58.872347,-8.748590,6.163476,-0.056389,0.995225,75.234071,-2.659480,-3.330657,22.989062,-48.970471,-12.213525,3.430371,1.325020,4.264501,0.048300
87.840817,-59.992147,-100.639041,13.755117,-51.613238,-7.512733,6.669594,-0.068115,0.597946,75.603363,1.138886,-7.366722,22.564542,-43.240605,-10.667430,3.909323,1.175643,3.803322,0.046344
88.000297,-70.996582,-76.495551,14.552417,-42.837627,-5.882704,7.082938,-0.062217,0.239637,75.873834,3.496543,-9.030629,22.238911,-38.266153,-8.624850,4.147483,0.900113,2.886243,0.045011
88.181560,-75.351379,-34.974475,15.082823,-34.699725,-4.096639,7.359622,-0.033502,-0.001905,76.137174,3.024546,-5.349954,21.860504,-35.492033,-6.710641,4.113251,0.566739,1.788935,0.044345
88.453422,-72.612789,11.545414,15.216560,-29.523961,-2.563262,7.459931,0.014615,-0.124583,76.469011,-1.013164,5.442414,21.277022,-35.244834,-5.334067,3.854070,0.248061,0.781764,0.044368
88.876665,-63.501657,49.679548,14.934811,-28.865338,-1.651216,7.348190,0.059783,-0.153129,76.930429,-8.626412,23.533007,20.288850,-36.317827,-4.552499,3.488301,-0.002608,0.045456,0.045363
89.486865,-49.715636,70.281910,14.244713,-32.406307,-1.448456,7.005161,0.058088,-0.142889,77.553019,-18.936979,46.962722,18.650417,-36.660622,-4.118254,3.153727,-0.161091,-0.376349,0.047680
90.289502,-33.982190,70.941932,13.144111,-38.084765,-1.777489,6.421649,-0.038288,-0.161145,78.334525,-30.039575,71.206021,16.239147,-34.657953,-3.707939,2.918250,-0.244665,-0.543064,0.051514
91.269978,-19.278299,56.158398,11.587060,-43.033532,-2.342628,5.570348,-0.261381,-0.241062,79.252583,-39.291813,89.716521,13.175088,-30.027817,-3.159477,2.730487,-0.304686,-0.540401,0.056868
92.384014,-7.864083,34.217729,9.512327,-44.671505,-2.855137,4.453855,-0.612509,-0.364394,80.263894,-44.354302,96.665773,9.737935,-23.489562,-2.452393,2.485696,-0.388437,-0.445863,0.063429
93.541397,-0.630199,12.752129,6.951906,-41.418194,-3.066041,3.161761,-1.048510,-0.481495,81.290246,-44.137401,89.702778,6.276911,-16.191693,-1.654627,2.109041,-0.512669,-0.306387,0.070437
94.621638,2.831163,-2.695166,4.074059,-33.421050,-2.823575,1.858794,-1.479072,-0.518479,82.229735,-39.296329,71.183816,3.119601,-9.264648,-0.900225,1.600421,-0.672814,-0.115579,0.076970
95.514844,3.615043,-9.458812,1.114783,-22.509124,-2.125054,0.726963,-1.796109,-0.418652,82.993173,-31.836893,46.936276,0.485712,-3.672710,-0.330400,1.023554,-0.862038,0.164372,0.082237
96.146670,2.791998,-8.644119,-1.638577,-11.340479,-1.135297,-0.090370,-1.920178,-0.185532,83.520765,-24.112309,23.515415,-1.518541,0.009721,-0.000718,0.461596,-1.070315,0.538759,0.085704
96.494693,1.348344,-4.254012,-3.861433,-2.168444,-0.101861,-0.550375,-1.831176,0.114398,83.792613,-17.829451,5.427661,-2.850731,1.787889,0.131900,-0.024989,-1.277443,0.942097,0.087235
96.601461,0.125243,-0.264308,-5.307887,3.762947,0.738769,-0.709546,-1.574782,0.399253,83.846562,-13.883617,-5.365750,-3.587974,2.340717,0.193497,-0.387222,-1.451752,1.264393,0.087200
96.548251,-0.433383,1.345761,-5.910251,6.456588,1.257865,-0.666376,-1.242938,0.604700,83.757795,-12.409864,-9.010823,-3.923045,2.537578,0.308213,-0.587240,-1.554896,1.413478,0.086184
96.414296,-0.414379,0.929157,-5.778518,6.784320,1.443092,-0.520517,-0.931989,0.707721,83.599144,-12.854950,-7.329852,-4.039661,2.877035,0.500031,-0.627367,-1.557581,1.362295,0.084757
96.263638,-0.166388,0.008591,-5.169806,5.972860,1.363015,-0.371037,-0.708402,0.728561,83.429546,-14.143180,-3.424586,-4.025910,3.331449,0.677477,-0.563927,-1.456577,1.150152,0.083442
96.140824,-0.006353,-0.297850,-4.409952,5.087039,1.116392,-0.278332,-0.597143,0.708212,83.291974,-15.249186,-0.149830,-3.928002,3.689739,0.744651,-0.460760,-1.267487,0.853708,0.082600
96.061954,-0.012014,-0.145036,-3.759005,4.721714,0.806745,-0.241532,-0.580431,0.676132,83.203822,-15.656534,1.136864,-3.780495,3.821652,0.673474,-0.357348,-1.013853,0.554048,0.082283
96.017789,-0.067284,-0.026831,-3.343497,4.851973,0.522476,-0.226607,-0.607411,0.646170,83.159446,-15.479294,0.806495,-3.616812,3.777241,0.504452,-0.265585,-0.730672,0.315847,0.082374
95.985638,-0.072789,-0.046984,-3.186556,5.118119,0.333951,-0.202500,-0.625422,0.619940,83.139541,-15.139267,0.038366,-3.473165,3.666188,0.308195,-0.182527,-0.465353,0.172250,0.082687
95.941819,-0.060493,-0.068769,-3.228658,5.234153,0.281225,-0.156761,-0.605858,0.591049,83.119458,-14.953644,-0.268881,-3.367447,3.545392,0.142321,-0.109270,-0.259796,0.118822,0.082989
95.873544,-0.061490,-0.064575,-3.352284,5.244383,0.371264,-0.109268,-0.544496,0.544203,83.080194,-14.899746,-0.154034,-3.278210,3.429253,0.028455,-0.060138,-0.131367,0.115809,0.083104
95.782770,-0.063620,-0.058910,-3.452059,5.328139,0.573117,-0.096703,-0.454876,0.471427,83.017602,-14.836300,-0.028288,-3.186496,3.375819,-0.030644,-0.039210,-0.071172,0.111941,0.083025
95.677213,-0.062061,-0.064438,-3.465026,5.571387,0.829099,-0.142663,-0.357925,0.387914,82.936827,-14.720540,-0.044029,-3.090987,3.435097,-0.044628,-0.032764,-0.056329,0.077432,0.082797
95.561865,-0.062588,-0.061869,-3.360468,5.930203,1.079138,-0.243957,-0.261376,0.328958,82.844528,-14.603415,-0.070513,-2.978313,3.601666,-0.035380,-0.026686,-0.061805,0.018166,0.082471
95.441950,-0.062494,-0.062642,-3.142155,6.361357,1.281604,-0.378343,-0.161411,0.320724,82.749930,-14.503712,-0.063916,-2.816818,3.835552,-0.026645,-0.014144,-0.068837,-0.043559,0.082127
95.327364,-0.062498,-0.062478,-2.832583,6.861570,1.407966,-0.512502,-0.063006,0.357940,82.665091,-14.417033,-0.059121,-2.586963,4.102391,-0.029803,0.010630,-0.067831,-0.091036,0.081803
95.230715,-0.062501,-0.062502,-2.441850,7.451681,1.442087,-0.609472,0.013369,0.405318,82.599881,-14.343206,-0.064377,-2.295558,4.376202,-0.041486,0.048427,-0.060028,-0.122002,0.081398
95.161068,-0.062500,-0.062500,-1.989166,8.177211,1.401689,-0.645351,0.039256,0.422960,82.558926,-14.282444,-0.061884,-1.965543,4.653792,-0.052980,0.086658,-0.058855,-0.144412,0.080778
95.121672,-0.062502,-0.062500,-1.518533,9.103961,1.332294,-0.626947,-0.017706,0.385747,82.541101,-14.227388,-0.062639,-1.621060,4.945723,-0.062170,0.099012,-0.086010,-0.170546,0.079856
95.113486,-0.062488,-0.062500,-1.050313,10.275439,1.269275,-0.580998,-0.175965,0.295878,82.541976,-14.179398,-0.062478,-1.274753,5.265294,-0.071847,0.057702,-0.161116,-0.210401,0.078622
95.137517,-0.062552,-0.062500,-0.548734,11.691995,1.216892,-0.521091,-0.418595,0.179811,82.557193,-14.119135,-0.062502,-0.940804,5.624476,-0.074452,-0.031480,-0.292932,-0.272262,0.077187
95.190092,-0.062343,-0.062500,0.016875,13.295926,1.165450,-0.446956,-0.696426,0.074382,82.581512,-14.021447,-0.062500,-0.648057,6.034698,-0.060153,-0.127264,-0.472937,-0.356679,0.075843
95.261300,-0.062778,-0.062500,0.615163,14.972262,1.106742,-0.372042,-0.948159,0.011132,82.607584,-13.894773,-0.062500,-0.444034,6.517938,-0.034914,-0.191207,-0.670366,-0.445367,0.074934
95.336891,-0.062418,-0.062502,1.128148,16.601683,1.050600,-0.324128,-1.111044,0.007455,82.627960,-13.788132,-0.062500,-0.387012,7.141617,-0.026112,-0.207534,-0.828722,-0.504173,0.074729
95.401891,-0.061686,-0.062478,1.364146,18.119069,1.031413,-0.313774,-1.136765,0.052323,82.637698,-13.754984,-0.062500,-0.525822,8.013700,-0.064651,-0.170295,-0.883929,-0.507105,0.075346
95.445112,-0.064306,-0.062641,1.144381,19.531616,1.094425,-0.313302,-1.013781,0.111117,82.636304,-13.820339,-0.062500,-0.851444,9.221964,-0.163520,-0.076573,-0.797220,-0.450915,0.076690
95.464058,-0.065422,-0.061876,0.410723,20.911885,1.284529,-0.235211,-0.772318,0.148333,82.631976,-13.931781,-0.062500,-1.293543,10.783404,-0.287496,0.115920,-0.575782,-0.353213,0.078398
95.462942,-0.053143,-0.064384,-0.789918,22.390711,1.659818,0.047295,-0.467242,0.147631,82.639936,-13.942764,-0.062500,-1.742981,12.654313,-0.362903,0.490502,-0.264274,-0.241285,0.079955
95.449176,-0.048673,-0.059207,-2.303002,24.099798,2.261460,0.621186,-0.162253,0.110536,82.674800,-13.669596,-0.062500,-2.051554,14.742360,-0.313516,1.093796,0.072902,-0.140203,0.080853
95.434338,-0.074729,-0.063335,-3.777124,26.102873,3.065379,1.505327,0.083305,0.050396,82.750077,-12.948770,-0.062500,-2.039056,16.896034,-0.061730,1.909121,0.367681,-0.066333,0.080734
95.436629,-0.123108,-0.072378,-4.708970,28.342082,3.984353,2.698529,0.231368,-0.014580,82.881155,-11.649813,-0.062500,-1.585039,18.885651,0.485770,2.932022,0.560332,-0.029067,0.079491
95.473429,-0.150304,-0.041087,-4.729612,30.614022,4.918185,4.157335,0.273187,-0.063739,83.076235,-9.749184,-0.062500,-0.703583,20.436908,1.361766,4.133778,0.617873,-0.022630,0.077374
95.550888,-0.070342,-0.026640,-3.820866,32.597447,5.783098,5.736513,0.226037,-0.085617,83.325566,-7.411157,-0.062500,0.440748,21.333824,2.482949,5.386781,0.546858,-0.029511,0.074868
95.657843,0.198024,-0.168796,-2.342237,33.977004,6.532907,7.199965,0.127564,-0.086143,83.600615,-4.955312,-0.062500,1.571390,21.531862,3.672634,6.495172,0.391535,-0.039870,0.072488
95.766390,0.513576,-0.249316,-0.899860,34.585626,7.151140,8.299224,0.026243,-0.081724,83.858090,-2.729619,-0.062500,2.394035,21.180075,4.707441,7.262195,0.211805,-0.052084,0.070583
95.839244,0.581478,0.083955,-0.061376,34.449245,7.604452,8.876516,-0.042541,-0.083713,84.047696,-1.012989,-0.062500,2.699304,20.541971,5.368186,7.553774,0.052476,-0.066144,0.069247
95.844232,0.245233,0.694867,-0.084990,33.735944,7.818868,8.964637,-0.069589,-0.101411,84.127848,0.051845,-0.062500,2.345741,19.892714,5.530329,7.437478,-0.070631,-0.100661,0.068205
95.762761,-0.448895,0.933837,-0.942796,32.730712,7.724130,8.750171,-0.056659,-0.130402,84.074007,0.495133,-0.062498,1.247673,19.492859,5.184530,7.145360,-0.150212,-0.171200,0.066892
95.589854,-1.405811,0.089799,-2.404056,31.780311,7.277477,8.413033,-0.003347,-0.139417,83.875802,0.488031,-0.062523,-0.521528,19.569943,4.410388,6.853597,-0.173811,-0.245727,0.064691
95.335480,-2.407630,-2.506277,-4.006753,31.174644,6.464530,8.054613,0.078883,-0.085766,83.540943,0.274461,-0.062347,-2.680517,20.231739,3.395389,6.609097,-0.138568,-0.256679,0.061265
95.029989,-3.361704,-6.548352,-5.175954,31.054270,5.328250,7.756519,0.168740,0.069183,83.105600,0.112476,-0.063218,-4.859346,21.389817,2.428969,6.437332,-0.055231,-0.136767,0.056681
94.719726,-4.674774,-9.891543,-5.540225,31.398701,3.999615,7.578434,0.255790,0.368299,82.630692,0.176323,-0.060153,-6.710435,22.801106,1.752931,6.332883,0.065870,0.181040,0.051429
94.450998,-7.182438,-9.136756,-5.084757,32.036162,2.672395,7.517235,0.349628,0.818540,82.181744,0.436798,-0.067318,-7.996494,24.176826,1.470870,6.252933,0.216330,0.726095,0.046183
94.252755,-11.786505,-0.916316,-4.109763,32.707527,1.557764,7.495232,0.461995,1.353854,81.802789,0.676174,-0.058758,-8.662625,25.273368,1.572287,6.161889,0.378895,1.442068,0.041491
94.129132,-19.316441,17.455046,-3.068711,33.173510,0.833261,7.382294,0.587859,1.868273,81.500899,0.600527,-0.053735,-8.783738,25.915799,1.929492,6.004455,0.529761,2.221259,0.037550
94.062909,-29.814634,46.012578,-2.301355,33.238070,0.581537,7.074916,0.686788,2.258039,81.246683,-0.060663,-0.092453,-8.492893,25.959473,2.315097,5.708748,0.632859,2.940715,0.034274
94.027840,-41.887830,80.639836,-1.866902,32.705853,0.774771,6.586679,0.690515,2.421719,80.987429,-1.472774,-0.074712,-8.029253,25.261923,2.520667,5.307949,0.648812,3.442591,0.031373
93.996457,-53.049964,114.194768,-1.677778,31.451436,1.328619,5.992112,0.547795,2.305109,80.660765,-3.615423,0.065771,-7.698590,23.751872,2.426205,4.875870,0.568901,3.597811,0.028578
93.939101,-60.626189,138.921260,-1.641450,29.480073,2.138002,5.300721,0.260083,1.941650,80.207307,-6.322685,0.021980,-7.678971,21.485662,2.001602,4.368458,0.422835,3.394246,0.025854
93.830313,-62.337085,148.136923,-1.648510,26.875410,3.060723,4.437213,-0.137679,1.422723,79.590475,-9.289807,-0.361440,-7.956246,18.599127,1.342995,3.652496,0.238520,2.903465,0.023486
93.670792,-57.286231,139.061278,-1.607714,23.796414,3.922817,3.333223,-0.586206,0.860809,78.825860,-12.043156,-0.677398,-8.430138,15.276648,0.663034,2.630545,0.042425,2.230173,0.021861
93.494223,-46.555807,114.430134,-1.577209,20.535631,4.559494,1.980965,-0.996923,0.385367,77.984975,-14.030092,-0.333079,-9.017857,11.798716,0.157823,1.268766,-0.130135,1.516409,0.021285
93.338543,-32.650175,80.904798,-1.780906,17.472461,4.846122,0.449563,-1.274654,0.083250,77.151703,-14.889843,0.824539,-9.738711,8.552772,-0.068795,-0.353638,-0.249567,0.887769,0.021777
93.203253,-18.479779,46.246649,-2.525405,14.987915,4.718948,-1.139376,-1.360969,-0.046563,76.358603,-14.595519,2.475971,-10.730763,5.966642,0.036547,-2.047310,-0.306766,0.396971,0.022978
93.026338,-6.758157,17.619320,-4.050633,13.409117,4.209501,-2.656484,-1.250273,-0.057822,75.559126,-13.524873,3.567776,-12.079348,4.379380,0.453582,-3.626913,-0.302318,0.064355,0.024258
92.687385,0.888448,-0.832946,-6.361746,12.891528,3.438677,-3.976999,-0.991764,-0.014243,74.638786,-12.420456,2.754226,-13.696252,3.890874,1.051454,-4.954370,-0.255807,-0.101820,0.024990
92.039897,4.360961,-9.121957,-9.163014,13.321162,2.576473,-4.968601,-0.663202,0.012079,73.453938,-12.184021,-0.644362,-15.364045,4.316921,1.655906,-5.884616,-0.194327,-0.149876,0.024729
90.959514,4.553421,-9.919024,-11.965582,14.388765,1.805811,-5.538837,-0.318410,-0.022262,71.887297,-13.615709,-6.584117,-16.760557,5.303361,2.125303,-6.320697,-0.125750,-0.149873,0.023333
89.385244,2.616820,-6.586744,-14.210195,15.670522,1.273087,-5.674408,0.028407,-0.101133,69.901508,-17.326044,-14.877329,-17.444105,6.432252,2.356787,-6.270751,-0.042386,-0.128987,0.020965
87.354530,-0.273387,-2.531928,-15.378035,16.646403,1.011648,-5.442191,0.356157,-0.170034,67.569714,-23.452545,-24.183799,-16.998061,7.254973,2.311923,-5.830838,0.042992,-0.098345,0.018012
85.031485,-3.303536,0.083003,-15.141870,16.849521,0.936541,-4.955304,0.621756,-0.167478,65.086593,-31.407712,-31.927361,-15.222437,7.398585,2.030522,-5.181274,0.108616,-0.076086,0.014901
82.684455,-6.167784,0.938238,-13.522450,16.074412,0.917534,-4.339580,0.779557,-0.031768,62.731739,-40.013695,-35.758784,-12.249020,6.735608,1.584277,-4.563654,0.137797,-0.064264,0.011988
80.602331,-8.776558,0.700506,-10.891459,14.430613,0.849254,-3.700502,0.789198,0.265466,60.778179,-47.952066,-34.753999,-8.533784,5.442691,1.047295,-4.162450,0.126579,-0.058342,0.009440
79.000132,-11.011845,0.085910,-7.845064,12.272014,0.680383,-3.114960,0.628604,0.687987,59.394404,-54.129747,-29.434519,-4.727411,3.916341,0.529425,-4.037511,0.098050,-0.059397,0.007528
77.963525,-12.789557,-0.250229,-5.011517,10.065871,0.432931,-2.629621,0.320072,1.146797,58.605718,-58.039106,-21.860568,-1.435919,2.607594,0.139502,-4.145785,0.098884,-0.056556,0.006384
77.444729,-14.003308,-0.169734,-2.866136,8.205214,0.173583,-2.266884,-0.071750,1.532644,58.313997,-59.838492,-14.554653,0.933097,1.833724,-0.087856,-4.355003,0.164267,-0.035511,0.005557
77.307439,-14.570180,-0.026515,-1.608000,6.903301,-0.037798,-2.035436,-0.452589,1.738218,58.352467,-60.071860,-9.021375,2.224643,1.680622,-0.179291,-4.470744,0.309451,-0.009680,0.004996
77.388963,-14.582175,-0.040862,-1.171418,6.227229,-0.164205,-1.943372,-0.708810,1.699528,58.546097,-59.368905,-5.591399,2.539939,2.046015,-0.166586,-4.339089,0.525591,-0.010466,0.006004
77.541837,-14.296682,-0.072456,-1.305247,6.121373,-0.191057,-1.982749,-0.758916,1.433099,58.755091,-58.406396,-4.410708,2.195869,2.713214,-0.086562,-3.913913,0.762723,-0.053037,0.008747
77.659808,-13.949222,-0.063356,-1.675698,6.396697,-0.146886,-2.124146,-0.618093,1.025347,58.895277,-57.705052,-5.180738,1.601008,3.390517,0.020214,-3.267648,0.934784,-0.135159,0.010403
77.699428,-13.682911,-0.059175,-1.980478,6.816201,-0.087133,-2.323136,-0.381110,0.588878,58.948053,-57.434094,-6.992317,1.129502,3.801867,0.128269,-2.588175,0.960947,-0.248658,0.007849
77.674023,-13.547148,-0.064401,-2.053297,7.210753,-0.050394,-2.526551,-0.149165,0.229625,58.945764,-57.473961,-8.720300,0.995696,3.816878,0.225654,-2.108767,0.801264,-0.377648,0.001234
77.619495,-13.510356,-0.061871,-1.874601,7.511509,-0.042474,-2.685778,0.010387,0.017328,58.934038,-57.611812,-9.349567,1.211151,3.494968,0.302675,-1.982348,0.479426,-0.501258,-0.006360
77.563164,-13.501136,-0.062642,-1.523910,7.723097,-0.051705,-2.767057,0.077679,-0.037852,58.938847,-57.666351,-8.210599,1.638723,3.030868,0.362069,-2.214542,0.082962,-0.602606,-0.010217
77.511890,-13.465494,-0.062478,-1.119843,7.880754,-0.062043,-2.741334,0.074092,0.021243,58.961724,-57.616343,-5.443148,2.087915,2.666038,0.408861,-2.677173,-0.285191,-0.674539,-0.006281
77.458605,-13.397276,-0.062502,-0.774809,8.006065,-0.067588,-2.592817,0.029412,0.124409,58.992294,-57.554817,-2.066834,2.378855,2.584725,0.429650,-3.168054,-0.553858,-0.715880,0.007048
77.397887,-13.326006,-0.062500,-0.575057,8.107232,-0.075214,-2.343051,-0.038438,0.202188,59.021538,-57.532252,0.196420,2.391294,2.845033,0.406242,-3.501682,-0.689847,-0.726365,0.031320
77.332831,-13.267718,-0.062500,-0.589931,8.205623,-0.086590,-2.048173,-0.096044,0.218249,59.045154,-57.511942,-0.765248,2.074056,3.396687,0.341257,-3.588151,-0.699237,-0.711692,0.071028
77.267303,-13.210963,-0.062502,-0.846241,8.326213,-0.089803,-1.775206,-0.089210,0.180936,59.060396,-57.476628,-7.275320,1.446862,4.133980,0.250219,-3.446730,-0.631176,-0.674051,0.128977
77.199826,-13.149151,-0.062490,-1.288804,8.460446,-0.073998,-1.587195,0.019487,0.118492,59.064034,-57.438446,-21.419799,0.608337,4.910647,0.147910,-3.167882,-0.551085,-0.604531,0.203135
77.126515,-13.085132,-0.062544,-1.785326,8.558969,-0.035931,-1.526331,0.232253,0.055113,59.055084,-57.398999,-43.784310,-0.285387,5.555913,0.050096,-2.865265,-0.511831,-0.501302,0.290984
77.045130,-13.017919,-0.062366,-2.170993,8.549944,0.024023,-1.597275,0.530277,0.005880,59.035217,-57.355036,-72.494193,-1.094910,5.922558,-0.027845,-2.623882,-0.537126,-0.385148,0.392969
76.957251,-12.949827,-0.062734,-2.291943,8.363673,0.098719,-1.776367,0.861597,-0.023816,59.007306,-57.311788,-103.567300,-1.731314,5.920182,-0.079155,-2.474646,-0.615836,-0.288863,0.508730
76.869851,-12.878652,-0.062443,-2.056749,7.960020,0.171783,-2.022523,1.135644,-0.034714,58.975109,-57.271169,-132.285247,-2.142350,5.520948,-0.103552,-2.402437,-0.716487,-0.244804,0.634000
76.793241,-12.807136,-0.061787,-1.466665,7.345838,0.222552,-2.276225,1.246859,-0.026826,58.943375,-57.236506,-154.643790,-2.310874,4.766310,-0.101649,-2.375994,-0.821310,-0.271511,0.758828
76.737795,-12.750041,-0.064068,-0.620519,6.572627,0.235230,-2.474149,1.106968,-0.003695,58.916629,-57.209802,-168.784769,-2.261334,3.756749,-0.077745,-2.383193,-0.921075,-0.356149,0.868490
76.710538,-12.693088,-0.064913,0.297194,5.722089,0.205617,-2.573021,0.684276,0.031755,58.897981,-57.192003,-175.329978,-2.056835,2.621402,-0.041683,-2.441539,-0.984495,-0.450483,0.950538
76.711297,-12.603619,-0.055173,1.066724,4.890920,0.144069,-2.558581,0.066211,0.088502,58.887824,-57.182550,-176.264322,-1.800813,1.497818,-0.002980,-2.570786,-0.962262,-0.503046,1.002363
76.731917,-12.537067,-0.049171,1.528668,4.176383,0.069437,-2.451862,-0.542654,0.173801,58.883489,-57.179751,-173.852306,-1.602854,0.526408,0.030739,-2.770738,-0.819636,-0.484486,1.027980
76.760013,-12.589364,-0.072225,1.648637,3.661999,-0.000863,-2.304202,-0.924079,0.274354,58.880855,-57.181536,-170.510085,-1.507759,-0.174629,0.052640,-3.003813,-0.550795,-0.393063,1.032767
76.783145,-12.734689,-0.117906,1.514947,3.405338,-0.056497,-2.166186,-0.955773,0.366450,58.876810,-57.185866,-168.092773,-1.467291,-0.546515,0.060728,-3.194277,-0.189719,-0.257647,1.023725
76.792076,-12.778049,-0.135631,1.293041,3.431541,-0.091247,-2.059752,-0.645356,0.431548,58.870204,-57.190499,-167.203813,-1.383095,-0.595105,0.057945,-3.265137,0.192042,-0.130871,1.010056
76.784127,-12.488593,-0.065780,1.158393,3.732999,-0.103016,-1.976980,-0.117873,0.461429,58.862153,-57.193571,-167.426703,-1.163319,-0.355082,0.047431,-3.185515,0.511791,-0.061347,0.999407
76.763425,-11.736571,0.124563,1.226498,4.271599,-0.094456,-1.886797,0.441250,0.461110,58.855792,-57.193857,-168.007386,-0.763649,0.144509,0.035084,-2.976883,0.692087,-0.081475,0.995412
76.737475,-10.699039,0.388144,1.529780,4.979202,-0.071620,-1.750648,0.868685,0.439329,58.854555,-57.189970,-168.307198,-0.213005,0.895904,0.032757,-2.702396,0.663078,-0.200636,0.996999
76.713967,-9.930373,0.579292,2.031740,5.762517,-0.039619,-1.547055,1.071643,0.396073,58.860323,-57.179715,-168.245959,0.395386,1.899570,0.050481,-2.441345,0.400112,-0.387132,0.999922
76.698582,-10.155848,0.507923,2.640783,6.515585,-0.002099,-1.280718,1.030116,0.329095,58.872680,-57.160627,-168.143498,0.936551,3.123472,0.093328,-2.240079,-0.039719,-0.570274,1.000832
76.692394,-12.057256,-0.004702,3.234495,7.144537,0.038095,-0.969568,0.797129,0.246974,58.888353,-57.130598,-168.178164,1.290277,4.470149,0.168812,-2.084517,-0.544446,-0.686100,1.000225
76.692622,-16.233284,-1.116086,3.706140,7.592641,0.075434,-0.633508,0.482183,0.163518,58.901751,-57.088699,-168.229969,1.385784,5.792526,0.289171,-1.920020,-0.997710,-0.709016,0.999848
76.696367,-22.873835,-2.877071,3.999229,7.845984,0.101896,-0.289176,0.195299,0.091323,58.907575,-57.035777,-168.240654,1.239592,6.921707,0.463536,-1.671666,-1.303710,-0.644965,0.999965
76.703136,-31.424657,-5.143541,4.108210,7.922770,0.112807,0.051964,-0.002684,0.035365,58.902987,-56.974333,-168.250752,0.949896,7.682906,0.689278,-1.284214,-1.412100,-0.517676,1.000027
76.713964,-40.684281,-7.601645,4.060776,7.859433,0.114302,0.378937,-0.103734,-0.010400,58.888161,-56.908036,-168.263881,0.649519,7.935710,0.944092,-0.775538,-1.333342,-0.353574,0.999997
76.730587,-49.240927,-9.882139,3.898530,7.699033,0.119966,0.675885,-0.134538,-0.053848,58.866259,-56.841714,-168.265783,0.453446,7.643309,1.186924,-0.228011,-1.116222,-0.163763,0.999993
76.754243,-55.890799,-11.669335,3.660509,7.482406,0.143257,0.930436,-0.133606,-0.089606,58.842588,-56.780593,-168.268639,0.431852,6.898703,1.372570,0.263512,-0.824734,0.046043,1.000004
76.784209,-60.075733,-12.815268,3.376412,7.239568,0.192017,1.138781,-0.123871,-0.109355,58.822451,-56.728456,-168.271183,0.603445,5.895225,1.469752,0.617350,-0.530143,0.257238,0.999999
76.817269,-61.981852,-13.365804,3.080205,6.982716,0.267911,1.303337,-0.105823,-0.108647,58.809852,-56.686490,-168.276460,0.946116,4.865650,1.467910,0.793106,-0.286696,0.452494,1.000000
76.849402,-62.204972,-13.474111,2.816902,6.706844,0.364828,1.431372,-0.078034,-0.087457,58.807672,-56.653597,-168.285541,1.414975,4.004266,1.379237,0.820039,-0.109948,0.622590,1.000000
76.876695,-61.426770,-13.316789,2.628192,6.400491,0.472388,1.536243,-0.050198,-0.048949,58.817405,-56.627420,-168.298949,1.956157,3.407788,1.237446,0.769578,0.005329,0.743992,1.000000
76.896585,-60.370132,-13.082090,2.540727,6.056029,0.581616,1.631698,-0.031948,0.003967,58.838582,-56.605570,-168.316183,2.512853,3.080485,1.089323,0.710377,0.063372,0.782504,1.000000
76.908348,-59.597099,-12.917365,2.558992,5.670824,0.686339,1.723486,-0.026652,0.079617,58.869693,-56.586250,-168.336865,3.018388,2.964199,0.974050,0.692338,0.070917,0.724429,1.000000
76.915158,-59.288692,-12.871581,2.658722,5.241008,0.784559,1.791853,-0.034591,0.181018,58.909655,-56.568271,-168.361264,3.401849,2.950555,0.907730,0.715468,0.040392,0.589907,1.000000
76.921767,-59.308201,-12.910588,2.789036,4.763474,0.881098,1.788917,-0.052059,0.299467,58.957464,-56.551173,-168.389567,3.612304,2.907843,0.878026,0.713831,-0.024893,0.434013,1.000000
76.928239,-59.445451,-12.979972,2.886913,4.250406,0.974827,1.666283,-0.075019,0.431122,59.011030,-56.535196,-168.420833,3.630518,2.740548,0.850730,0.613447,-0.132112,0.333631,1.000000
76.929703,-59.541784,-13.036565,2.912241,3.727285,1.052780,1.408899,-0.109612,0.591334,59.066568,-56.520942,-168.453064,3.484819,2.418536,0.790843,0.380628,-0.279969,0.347258,1.000000
76.925568,-59.517691,-13.054267,2.888297,3.202939,1.099237,1.036160,-0.165402,0.792925,59.120135,-56.509537,-168.483673,3.276067,1.957275,0.689237,0.014317,-0.448739,0.484915,1.000000
76.918414,-59.372622,-13.028201,2.880158,2.668356,1.099363,0.595230,-0.241148,1.031976,59.168656,-56.501513,-168.509188,3.121951,1.413588,0.560457,-0.444610,-0.615322,0.717709,1.000000
76.909373,-59.185568,-12.982611,2.918944,2.132735,1.034507,0.154941,-0.328453,1.275066,59.213140,-56.498240,-168.534863,3.050750,0.883419,0.418832,-0.906352,-0.762235,0.983655,1.000000
76.897600,-59.113089,-12.972959,2.945644,1.638967,0.885740,-0.213950,-0.421913,1.460934,59.258697,-56.496520,-168.556110,2.962401,0.479018,0.265362,-1.275403,-0.883979,1.182594,1.000000
76.880781,-59.365738,-13.072523,2.838756,1.249506,0.637729,-0.470144,-0.514489,1.527606,59.306781,-56.498554,-168.595716,2.697186,0.300747,0.098596,-1.495990,-0.993085,1.207469,1.000000
76.859858,-60.080729,-13.330617,2.485003,1.012877,0.291732,-0.611578,-0.596689,1.454454,59.355438,-56.499924,-168.653942,2.116060,0.408061,-0.075652,-1.564863,-1.110677,0.994185,1.000000
76.856832,-61.079414,-13.708093,1.889374,0.917179,-0.100041,-0.689113,-0.655872,1.254690,59.410865,-56.489871,-168.689004,1.216668,0.746999,-0.241885,-1.550698,-1.234241,0.545018,1.000000
76.909756,-61.822245,-14.033555,1.238672,0.885277,-0.416794,-0.806544,-0.668537,0.959716,59.481936,-56.488139,-168.758659,0.216215,1.135481,-0.372453,-1.580746,-1.340853,-0.072871,1.000000
77.048320,-61.597131,-14.105368,0.836147,0.798514,-0.513981,-1.082570,-0.608161,0.619524,59.566512,-56.531896,-168.976924,-0.517477,1.366257,-0.408119,-1.779196,-1.408842,-0.746843,1.000000
77.291928,-59.702583,-13.702998,0.993719,0.470966,-0.278358,-1.603622,-0.466985,0.302707,59.657710,-56.566409,-169.132053,-0.603553,1.287583,-0.228746,-2.226876,-1.416508,-1.345397,1.000000
77.659951,-55.523720,-12.585242,1.990454,-0.340375,0.333282,-2.420263,-0.253174,0.063624,59.752559,-56.493318,-168.860757,0.304158,0.772572,0.312466,-2.971371,-1.332874,-1.744478,1.000000
78.148494,-48.851573,-10.742995,3.952906,-1.753169,1.266009,-3.532800,0.021170,-0.077156,59.845118,-56.342182,-168.236582,2.383968,-0.249583,1.287830,-4.008575,-1.140864,-1.866153,1.000000
78.722832,-40.260042,-8.454550,6.740002,-3.631587,2.359523,-4.853149,0.335818,-0.136417,59.940401,-56.317522,-167.952065,5.509919,-1.775907,2.605111,-5.254644,-0.839063,-1.712697,1.000000
79.344028,-31.123314,-5.880033,9.974077,-5.711930,3.364827,-6.190590,0.653352,-0.150325,60.080019,-56.639159,-168.846958,9.290524,-3.802933,3.983851,-6.539961,-0.445143,-1.364799,1.000000
79.980873,-23.071333,-3.064658,13.201037,-7.717584,4.003880,-7.313440,0.925270,-0.151199,60.326788,-57.419041,-171.410983,13.252543,-6.287008,5.022031,-7.655760,-0.016554,-0.939926,1.000000
80.617852,-17.235739,-0.463166,16.033676,-9.402065,4.098819,-8.023887,1.095146,-0.140700,60.745246,-58.510864,-175.039343,16.965609,-9.045986,5.355633,-8.422994,0.344642,-0.541657,1.000000
81.280787,-13.708739,0.993728,18.300134,-10.710048,3.662833,-8.222625,1.114672,-0.104869,61.404949,-59.458678,-177.783734,20.179173,-11.846451,4.821191,-8.758080,0.540392,-0.221409,1.000000
82.018759,-11.751678,0.572557,20.060666,-11.921414,2.861629,-7.934231,0.971272,-0.040703,62.355156,-59.653530,-177.059490,22.865937,-14.445715,3.553516,-8.670473,0.503804,0.017047,1.000000
82.862732,-10.368464,-1.893738,21.425457,-13.604344,1.894985,-7.262416,0.693156,0.046509,63.594967,-58.464199,-170.440167,25.066411,-16.509341,1.943953,-8.209256,0.210315,0.189862,1.000000
83.833490,-8.817465,-5.732810,22.369050,-16.416101,0.909237,-6.292841,0.332104,0.162430,65.098787,-55.230659,-155.752771,26.707374,-17.778945,0.451334,-7.402937,-0.307166,0.324564,1.000000
84.947626,-6.960037,-9.017756,22.806757,-20.844308,-0.050690,-5.063746,-0.037650,0.298047,66.825963,-49.573966,-132.230016,27.707812,-18.359159,-0.663993,-6.257154,-0.946550,0.458915,1.000000
86.182020,-5.499325,-8.811810,22.711078,-26.851122,-1.012204,-3.577769,-0.336068,0.414588,68.695854,-41.732804,-101.854660,28.086310,-18.684411,-1.457937,-4.761488,-1.570269,0.603018,1.000000
87.478280,-5.881239,-1.853059,22.183274,-33.652259,-1.992691,-1.791585,-0.510657,0.460873,70.611521,-32.559835,-69.011449,27.971277,-19.312538,-2.229581,-2.883308,-2.038633,0.717950,1.000000
88.787865,-9.872800,14.837180,21.466570,-39.908343,-2.964559,0.387989,-0.553954,0.399658,72.512698,-23.299986,-38.525270,27.582151,-20.796111,-3.376896,-0.557769,-2.253306,0.731649,1.000000
90.068578,-18.593538,42.312620,20.881756,-44.136343,-3.850549,3.012653,-0.492712,0.225209,74.354255,-15.192501,-14.372607,27.181292,-23.363991,-5.225309,2.238451,-2.187965,0.587318,1.000000
91.277049,-31.467121,77.763872,20.647969,-45.116843,-4.475645,6.010821,-0.374196,-0.006037,76.082002,-8.894125,1.305059,26.909245,-26.751169,-7.815243,5.391876,-1.883724,0.293861,1.000000
92.387724,-46.062771,114.680639,20.809092,-42.426351,-4.627222,9.188497,-0.241173,-0.188346,77.652012,-4.339320,8.533048,26.772456,-30.471010,-10.820121,8.643387,-1.402783,-0.042768,1.000000
93.384185,-59.115385,145.219051,21.270027,-36.754563,-4.215260,12.280220,-0.113190,-0.220277,79.031299,-1.108745,8.748193,26.729255,-34.033393,-13.605863,11.679777,-0.800332,-0.269694,1.000000
94.246014,-67.620220,162.482232,21.814132,-29.768136,-3.357726,15.026699,0.012003,-0.034034,80.193822,1.330995,3.756115,26.687083,-36.906371,-15.465218,14.242872,-0.112711,-0.259012,1.000000
94.988013,-69.580520,162.267819,22.061484,-23.506394,-2.332138,17.269006,0.145784,0.403190,81.168241,3.347166,-3.547879,26.415265,-38.737252,-15.964925,16.206861,0.633220,0.057578,1.000000
95.662738,-64.610801,144.638588,21.647359,-19.764115,-1.491832,18.947263,0.297722,1.048342,82.032425,4.636974,-9.169266,25.681643,-39.495305,-15.145159,17.558126,1.394877,0.683984,1.000000
96.314384,-53.995937,113.887652,20.454839,-19.527690,-1.109783,20.024158,0.453382,1.769249,82.851585,4.172124,-9.326053,24.381569,-39.272809,-13.372940,18.311413,2.083561,1.526597,1.000000
96.963745,-40.114116,76.952862,18.629710,-22.500018,-1.242904,20.439157,0.574479,2.386802,83.659704,0.670388,-1.394870,22.527959,-38.061320,-11.098692,18.458741,2.577460,2.395652,1.000000
97.629057,-25.850739,41.676388,16.421641,-27.127572,-1.755471,20.122170,0.621834,2.730624,84.484643,-6.975388,16.236972,20.186922,-35.797056,-8.714153,17.990442,2.769033,3.043247,1.000000
98.312100,-13.791709,14.488818,14.051697,-31.418393,-2.412379,19.015388,0.578485,2.694958,85.327304,-18.844101,42.863218,17.427887,-32.396827,-6.491983,16.914473,2.619561,3.260196,1.000000
98.989202,-5.294492,-1.945345,11.563952,-33.676780,-2.918223,17.110997,0.461570,2.296187,86.148399,-33.315673,74.561909,14.212204,-27.944235,-4.583917,15.249095,2.187680,2.975424,1.000000
99.619020,-0.344364,-8.806252,8.841864,-33.036253,-3.052387,14.500705,0.319330,1.662551,86.887024,-47.531098,105.078147,10.505802,-22.972588,-3.103659,13.045275,1.619235,2.303603,1.000000
100.151301,1.787085,-9.133250,5.875722,-29.738013,-2.785340,11.398605,0.199103,0.965554,87.479247,-58.438492,127.507590,6.519817,-18.401571,-2.088413,10.426640,1.089400,1.480528,1.000000
100.543434,2.048553,-6.134358,2.927851,-25.013619,-2.227763,8.125454,0.125362,0.359053,87.877390,-63.427825,135.629652,2.742672,-15.049042,-1.436280,7.603421,0.727887,0.759413,1.000000
100.796512,1.431948,-2.548299,0.352632,-20.357969,-1.514087,5.055762,0.103648,-0.049725,88.090079,-61.390378,126.990831,-0.298311,-13.320668,-0.988751,4.854168,0.576869,0.315038,1.000000
100.945857,0.673954,-0.042517,-1.576515,-16.922364,-0.764576,2.509778,0.124101,-0.228307,88.169693,-53.313495,104.247683,-2.221315,-13.136185,-0.628154,2.449001,0.595675,0.211696,1.000000
101.025772,0.122451,0.934408,-2.683573,-15.341454,-0.049628,0.661189,0.156095,-0.214812,88.165986,-41.674008,73.396743,-2.892570,-14.003965,-0.210435,0.558772,0.687506,0.403253,1.000000
101.057816,-0.108418,0.713212,-2.961091,-15.634154,0.631307,-0.480708,0.166059,-0.086476,88.110516,-29.532203,41.658301,-2.461359,-15.168978,0.463098,-0.763209,0.738334,0.763257,1.000000
101.057623,-0.110279,0.073767,-2.626933,-17.108011,1.290992,-1.036502,0.135136,0.072132,88.027680,-19.796132,15.912049,-1.301746,-15.918377,1.524025,-1.552405,0.667015,1.125076,1.000000
101.025856,-0.081200,-0.249848,-2.078874,-18.704935,1.906387,-1.213136,0.065792,0.196008,87.927043,-13.897567,-0.308710,0.058145,-15.900142,2.861136,-1.914340,0.461882,1.345855,1.000000
100.947115,-0.089361,-0.172300,-1.765766,-19.558728,2.466703,-1.213711,-0.018787,0.264837,87.798866,-11.219617,-8.122447,1.055514,-15.238797,4.160322,-1.982593,0.172659,1.370258,1.000000
100.799509,-0.094836,-0.009249,-2.031869,-19.361588,2.966171,-1.154222,-0.090282,0.293946,87.622992,-10.166995,-10.960485,1.298373,-14.342786,5.109038,-1.856103,-0.136784,1.237260,1.000000
100.566423,-0.080478,0.033684,-3.046115,-18.187473,3.373448,-1.072006,-0.134709,0.303667,87.382902,-9.603555,-11.318275,0.620406,-13.585576,5.531896,-1.579785,-0.426076,1.004812,1.000000
100.242749,-0.058394,-0.031761,-4.855889,-16.030353,3.674598,-0.983473,-0.150493,0.297108,87.073442,-9.306273,-9.676406,-1.035414,-13.065330,5.385586,-1.168303,-0.685440,0.684831,1.000000
99.830667,-0.048950,-0.098479,-7.400071,-12.920777,3.869270,-0.875984,-0.143767,0.270814,86.696114,-9.480032,-5.599880,-3.616131,-12.720131,4.720224,-0.610321,-0.925074,0.269832,1.000000
99.333310,-0.047609,-0.150699,-10.495438,-9.223167,3.957666,-0.673676,-0.124130,0.235139,86.251375,-10.084758,0.713221,-6.909467,-12.539291,3.646650,0.138105,-1.161667,-0.212143,1.000000
98.761204,-0.074441,-0.010583,-13.819310,-5.370831,3.941541,-0.263690,-0.113629,0.193638,85.745906,-11.684697,10.359482,-10.558270,-12.363106,2.392866,1.155255,-1.434439,-0.750792,1.000000
