-1.018152,6.746414,-0.063814,1.283740,1.175817,0.282932,-1.023412,2.668011,1.460082,2.100261,1.560495
-0.723362,4.829390,-0.064680,1.482871,1.216819,0.258716,-1.195965,1.385074,1.374395,2.413663,1.595745
-0.276506,2.825360,-0.065448,1.484181,1.174295,0.184385,-1.127675,-0.213945,1.103632,2.551352,1.590159
0.250312,0.582581,-0.065805,1.328304,1.038806,0.108758,-0.810121,-2.215114,0.670100,2.501656,1.484148
0.760536,-1.930205,-0.064863,1.062168,0.816575,0.022615,-0.318356,-4.526094,0.136640,2.258300,1.247878
1.192494,-4.608372,-0.063062,0.742910,0.540541,-0.122022,0.213725,-6.875559,-0.403560,1.849941,0.908309
1.555147,-7.262056,-0.062344,0.422728,0.262600,-0.375459,0.637884,-8.916728,-0.867157,1.347196,0.534372
1.915795,-9.664075,-0.061755,0.128631,0.024243,-0.778137,0.840753,-10.337412,-1.205047,0.826511,0.198666
2.357328,-11.635195,-0.057981,-0.144417,-0.163770,-1.328226,0.771423,-10.997336,-1.391798,0.335753,-0.044900
2.918325,-13.096027,-0.052607,-0.430582,-0.305681,-1.931950,0.454088,-10.987965,-1.412193,-0.119221,-0.163528
3.567289,-14.055558,-0.053068,-0.774363,-0.404975,-2.450832,-0.017545,-10.531916,-1.274926,-0.563189,-0.158820
4.217183,-14.591111,-0.065216,-1.203180,-0.473922,-2.796017,-0.519501,-9.856678,-1.028605,-1.020893,-0.073245
4.757118,-14.841808,-0.087773,-1.711227,-0.529946,-2.936449,-0.937528,-9.153994,-0.761016,-1.485428,0.033885
5.086697,-14.927139,-0.110010,-2.254010,-0.571912,-2.866503,-1.186811,-8.518929,-0.571502,-1.914038,0.121396
5.149775,-14.886259,-0.112773,-2.755902,-0.578819,-2.605773,-1.244635,-7.920414,-0.532744,-2.246983,0.178509
4.944940,-14.704014,-0.079996,-3.137808,-0.527145,-2.180437,-1.168294,-7.270073,-0.668633,-2.431023,0.230986
4.519696,-14.364285,-0.007911,-3.354508,-0.404528,-1.620934,-1.056774,-6.509639,-0.974213,-2.446649,0.316846
3.948614,-13.856084,0.100093,-3.420933,-0.225606,-0.997243,-0.992629,-5.644579,-1.422078,-2.330855,0.446253
3.294079,-13.182052,0.232452,-3.411426,-0.035893,-0.401237,-1.021579,-4.761371,-1.929158,-2.175086,0.597954
2.587185,-12.335629,0.359238,-3.426409,0.118423,0.102351,-1.132887,-3.980756,-2.350427,-2.094089,0.746001
1.850187,-11.279886,0.440531,-3.542547,0.215680,0.434200,-1.254948,-3.356993,-2.550825,-2.174307,0.853518
1.120951,-9.963222,0.446158,-3.777870,0.243942,0.462588,-1.293597,-2.830837,-2.473978,-2.427026,0.871614
0.457218,-8.374058,0.368281,-4.080091,0.185892,0.068773,-1.174204,-2.289884,-2.154451,-2.776077,0.765526
-0.079992,-6.540191,0.229987,-4.346306,0.032032,-0.788890,-0.851923,-1.628202,-1.684503,-3.097613,0.537293
-0.469226,-4.525193,0.081768,-4.481588,-0.202679,-2.029623,-0.350935,-0.776327,-1.164468,-3.294853,0.225329
-0.758215,-2.439683,-0.026316,-4.453480,-0.474187,-3.414588,0.213022,0.257784,-0.669430,-3.338129,-0.084343
-1.043531,-0.471137,-0.066375,-4.294099,-0.716108,-4.646819,0.677694,1.385370,-0.266189,-3.250884,-0.281767
-1.415009,1.152892,-0.030998,-4.076565,-0.859254,-5.527659,0.921110,2.517604,-0.012053,-3.083879,-0.285549
-1.905209,2.227976,0.066796,-3.879933,-0.856507,-5.980265,0.907121,3.575387,0.088780,-2.892974,-0.070016
-2.451653,2.656976,0.187769,-3.750799,-0.694290,-6.051548,0.703054,4.393548,0.098808,-2.716548,0.339146
-2.891617,2.447060,0.279531,-3.687882,-0.391125,-5.945815,0.455406,4.748902,0.094786,-2.563878,0.855935
-3.017586,1.617686,0.299373,-3.651928,-0.002747,-5.902831,0.316605,4.461642,0.124360,-2.409280,1.350807
-2.671296,0.076965,0.235705,-3.567725,0.377570,-6.017279,0.359772,3.400501,0.195992,-2.194748,1.693492
-1.820708,-2.290948,0.117390,-3.353398,0.651294,-6.227456,0.576757,1.564481,0.296183,-1.868165,1.800120
-0.595282,-5.452072,-0.002895,-2.979498,0.756797,-6.370882,0.901352,-0.783569,0.413558,-1.440635,1.661031
0.740297,-9.101499,-0.084170,-2.487591,0.687655,-6.229524,1.222297,-3.299086,0.536032,-0.979086,1.350009
1.873116,-12.759161,-0.110955,-1.948111,0.485670,-5.686586,1.405447,-5.779111,0.620985,-0.545961,0.982087
2.547667,-15.935357,-0.084784,-1.436273,0.221535,-4.841929,1.358269,-8.099878,0.614720,-0.179491,0.651087
2.652773,-18.305747,-0.014714,-1.012520,-0.033891,-3.919574,1.063269,-10.212302,0.495858,0.101853,0.401070
2.266402,-19.719806,0.080271,-0.699017,-0.228754,-3.139873,0.581007,-12.278520,0.282360,0.305641,0.239112
1.644007,-20.293801,0.182136,-0.492234,-0.328171,-2.675589,0.038877,-14.467142,0.015190,0.450738,0.150222
1.117122,-20.519897,0.291369,-0.384575,-0.312896,-2.554058,-0.410999,-16.829818,-0.253699,0.555825,0.110064
0.944383,-21.225199,0.434345,-0.339024,-0.192350,-2.614071,-0.690374,-19.392325,-0.485723,0.656789,0.091379
1.219242,-23.195625,0.647610,-0.294097,-0.005841,-2.628188,-0.813774,-21.958244,-0.656771,0.788359,0.073094
1.872488,-26.828481,0.957692,-0.214403,0.192467,-2.438217,-0.832951,-24.063170,-0.742350,0.936547,0.049762
2.707065,-31.770327,1.346202,-0.102435,0.354267,-1.981837,-0.808058,-25.627479,-0.731472,1.053463,0.034561
3.456754,-36.968244,1.740420,0.033376,0.455386,-1.325930,-0.809955,-27.165616,-0.648544,1.117006,0.050893
3.868255,-41.013760,2.039197,0.182934,0.507320,-0.642824,-0.884419,-29.240840,-0.525912,1.139211,0.113167
3.794856,-42.591164,2.154246,0.345052,0.554293,-0.090036,-1.042062,-32.058413,-0.381367,1.161603,0.221063
3.253219,-40.841869,2.034324,0.546944,0.655831,0.289508,-1.269735,-35.314281,-0.226488,1.257462,0.373717
2.421182,-35.933075,1.703247,0.811815,0.854176,0.526632,-1.517126,-38.117597,-0.069725,1.483744,0.572294
1.551542,-29.157192,1.268581,1.123586,1.148021,0.688838,-1.692761,-39.673898,0.079045,1.834747,0.796155
0.852175,-22.553593,0.886455,1.453019,1.485128,0.857495,-1.741410,-39.979731,0.182617,2.263507,0.995972
0.431947,-18.224802,0.704688,1.773121,1.775580,1.074689,-1.681351,-39.409561,0.194811,2.706239,1.107344
0.324165,-17.702325,0.822179,2.045896,1.919893,1.303662,-1.560735,-38.343190,0.098140,3.091389,1.084558
0.479054,-21.128700,1.225471,2.242882,1.852405,1.489179,-1.434802,-37.439882,-0.096787,3.368878,0.930194
0.758712,-27.257619,1.782729,2.367858,1.572564,1.583639,-1.366543,-37.346650,-0.365508,3.535144,0.690478
0.994156,-34.097630,2.307173,2.438285,1.147479,1.550784,-1.389218,-38.048754,-0.648314,3.614483,0.413499
1.058035,-39.557958,2.630801,2.473713,0.690496,1.398247,-1.508794,-38.912192,-0.860239,3.637923,0.149720
0.899980,-42.092083,2.655512,2.501937,0.323897,1.216360,-1.735234,-39.057442,-0.951593,3.639854,-0.037704
0.555304,-41.709072,2.413919,2.532320,0.126963,1.119118,-2.065792,-37.918675,-0.946437,3.636229,-0.100822
0.100196,-39.904660,2.048012,2.541879,0.116030,1.198009,-2.454798,-35.919239,-0.912320,3.616559,-0.051150
-0.414536,-38.740671,1.727831,2.511754,0.259309,1.491615,-2.843451,-34.514265,-0.937913,3.574266,0.054182
-0.955472,-39.982937,1.580294,2.450486,0.495537,1.951704,-3.187966,-35.022120,-1.100466,3.531185,0.127274
-1.457687,-44.428158,1.658215,2.385275,0.750844,2.455134,-3.455610,-37.725482,-1.419443,3.530561,0.089985
-1.865808,-51.107600,1.908599,2.361718,0.971049,2.906913,-3.637130,-41.827245,-1.837388,3.608653,-0.079496
-2.183059,-57.782345,2.205724,2.425445,1.135768,3.256892,-3.753185,-45.810398,-2.251102,3.763274,-0.354732
-2.432424,-62.374640,2.419840,2.587312,1.249113,3.480267,-3.818507,-47.872738,-2.526820,3.950426,-0.707254
-2.622420,-63.567836,2.457569,2.821210,1.327675,3.592443,-3.837147,-46.775893,-2.547724,4.095674,-1.065837
-2.749876,-60.807553,2.281819,3.084543,1.388489,3.645454,-3.820803,-42.522167,-2.312745,4.128690,-1.314897
-2.793537,-54.853471,1.943158,3.326001,1.424015,3.654599,-3.777622,-36.532038,-1.974826,4.025410,-1.362968
-2.745921,-47.482441,1.542189,3.504522,1.407021,3.611452,-3.700493,-30.923392,-1.733210,3.828038,-1.197682
-2.658716,-40.417857,1.166568,3.617365,1.317293,3.504792,-3.575524,-27.737463,-1.757148,3.621616,-0.871951
-2.595558,-35.098687,0.867486,3.692392,1.150270,3.302274,-3.386362,-28.240146,-2.170213,3.499753,-0.498164
-2.568916,-32.518185,0.661152,3.761821,0.915621,2.988413,-3.129969,-32.512986,-3.012793,3.528447,-0.188235
-2.571732,-32.480080,0.525186,3.854434,0.650826,2.645242,-2.829313,-39.506672,-4.207747,3.715865,0.011299
-2.599894,-34.028001,0.426427,3.986084,0.416075,2.388762,-2.515539,-47.640069,-5.587692,4.009913,0.107366
-2.604928,-36.863105,0.355078,4.148580,0.272391,2.316499,-2.202658,-55.223950,-6.923290,4.344114,0.105071
-2.506460,-41.220910,0.325223,4.321733,0.263493,2.505971,-1.892540,-60.977273,-7.986615,4.661226,0.037765
-2.245052,-46.968954,0.356613,4.486142,0.401952,2.960239,-1.581448,-64.575468,-8.665059,4.917966,-0.034745
-1.794834,-53.692612,0.467698,4.627484,0.652323,3.557027,-1.270763,-66.668975,-9.002666,5.099166,-0.070216
-1.183587,-60.764393,0.655733,4.748264,0.945483,4.156559,-0.993494,-68.009240,-9.096017,5.225899,-0.063746
-0.526699,-66.998790,0.879822,4.872912,1.209983,4.661850,-0.811212,-68.878289,-9.006274,5.333569,-0.031961
0.028177,-71.507240,1.074201,5.025923,1.385473,4.982048,-0.775216,-69.134987,-8.762887,5.454645,-0.008435
0.381214,-74.294174,1.170274,5.214470,1.427121,5.054372,-0.915638,-68.364011,-8.372759,5.603832,-0.011385
0.496183,-75.630041,1.114890,5.433142,1.322291,4.887613,-1.227975,-65.987938,-7.809123,5.771686,-0.028969
0.396282,-75.831605,0.894499,5.666968,1.093024,4.488024,-1.647218,-61.466977,-7.013131,5.934309,-0.042337
0.182135,-75.718488,0.550089,5.887726,0.787929,3.876360,-2.063348,-54.507617,-5.933490,6.080509,-0.051793
-0.016857,-75.978214,0.162080,6.067325,0.469461,3.158683,-2.364002,-45.436172,-4.595260,6.214035,-0.059663
-0.107769,-76.363549,-0.182081,6.192551,0.196003,2.471688,-2.453443,-35.443878,-3.144409,6.335997,-0.063173
-0.046714,-75.892409,-0.417123,6.267544,0.001693,1.906918,-2.293073,-26.187800,-1.796386,6.436570,-0.063289
0.159629,-73.353049,-0.516701,6.310305,-0.101572,1.552393,-1.947761,-19.023680,-0.735920,6.505066,-0.065248
0.418541,-67.562010,-0.496052,6.343382,-0.111594,1.479968,-1.566410,-14.569281,-0.054339,6.531663,-0.071626
0.594694,-58.146747,-0.396707,6.370031,-0.033101,1.675132,-1.298331,-12.681338,0.254692,6.501798,-0.082054
0.595036,-46.063307,-0.268745,6.372019,0.116057,2.047466,-1.245527,-12.581597,0.284525,6.396045,-0.092029
0.390357,-33.131585,-0.156587,6.332661,0.311482,2.477966,-1.443088,-13.151310,0.180645,6.203956,-0.095118
-0.004727,-21.300404,-0.083607,6.240655,0.529484,2.809173,-1.840731,-13.300765,0.090788,5.926691,-0.081251
-0.500110,-12.162067,-0.045879,6.072780,0.753388,2.906478,-2.303770,-12.375897,0.097852,5.573246,-0.036832
-0.958886,-6.585276,-0.028786,5.809212,0.974253,2.753653,-2.672573,-10.510316,0.171238,5.166976,0.047882
-1.289668,-4.573018,-0.021020,5.456586,1.187262,2.421023,-2.833874,-8.572585,0.183480,4.746485,0.174401
-1.484472,-5.587607,-0.013443,5.048661,1.387037,1.992855,-2.780811,-7.586523,0.008430,4.351250,0.335686
-1.576004,-9.010236,-0.003764,4.633254,1.567653,1.565435,-2.609880,-8.238402,-0.408599,4.017928,0.515600
-1.617614,-14.251832,-0.008440,4.259108,1.722172,1.235207,-2.445557,-10.780510,-1.051823,3.774444,0.691910
-1.606899,-20.563135,-0.058013,3.945304,1.840331,1.044296,-2.300556,-14.877117,-1.825802,3.616933,0.841750
-1.425880,-27.260481,-0.185579,3.677694,1.901007,0.968795,-2.039627,-19.472170,-2.536481,3.507296,0.941834
-0.908881,-33.814038,-0.415218,3.436193,1.874622,0.948740,-1.469805,-23.191538,-2.965757,3.401362,0.973810
0.069443,-39.562141,-0.726729,3.200532,1.737656,0.912024,-0.408412,-24.978387,-2.974750,3.259500,0.936584
1.630322,-43.586670,-1.034455,2.930672,1.487391,0.801808,1.332335,-24.462154,-2.555688,3.041659,0.847550
3.840411,-45.310355,-1.226202,2.588040,1.149703,0.619353,3.861213,-22.117855,-1.844028,2.725214,0.728162
6.570441,-44.731343,-1.205276,2.161657,0.777587,0.406194,7.077485,-19.028332,-1.067912,2.321284,0.597100
9.461920,-42.307950,-0.900928,1.673287,0.437384,0.202810,10.626155,-16.198619,-0.418169,1.870593,0.468440
12.040781,-38.826176,-0.306729,1.169613,0.185142,0.036481,13.963409,-14.110058,0.020394,1.436552,0.348173
13.827276,-35.163373,0.483849,0.709474,0.052006,-0.071659,16.488759,-12.908820,0.223570,1.081577,0.236248
14.496811,-31.691239,1.304567,0.328397,0.042750,-0.125651,17.766135,-12.495003,0.209159,0.824009,0.130745
13.971971,-28.384800,1.967721,0.027244,0.132403,-0.157269,17.619168,-12.402546,0.061795,0.634741,0.025220
12.342249,-25.117937,2.308104,-0.203104,0.268071,-0.199710,16.049031,-12.023267,-0.112002,0.477615,-0.083780
9.796430,-21.698456,2.256873,-0.365769,0.388557,-0.253367,13.222458,-11.017880,-0.243479,0.332389,-0.187590
6.701020,-17.899326,1.878939,-0.472442,0.440851,-0.294615,9.569557,-9.419264,-0.313367,0.189084,-0.271361
3.561663,-13.886529,1.318341,-0.536646,0.395237,-0.289860,5.717230,-7.550665,-0.348727,0.048613,-0.326767
0.851502,-10.138823,0.729852,-0.563778,0.258167,-0.217437,2.291320,-5.809738,-0.391601,-0.076537,-0.351947
-1.123790,-7.092916,0.252328,-0.555351,0.065609,-0.083400,-0.252634,-4.388275,-0.444103,-0.168396,-0.350254
-2.273742,-4.958399,-0.034504,-0.513422,-0.140885,0.075945,-1.742379,-3.216528,-0.473442,-0.205991,-0.327871
-2.711089,-3.734605,-0.134715,-0.438451,-0.324864,0.222538,-2.293421,-2.218835,-0.459943,-0.179434,-0.291066
-2.638465,-3.142336,-0.104150,-0.339237,-0.452734,0.329341,-2.163753,-1.430797,-0.406373,-0.107790,-0.247561
-2.268957,-2.860177,-0.011723,-0.236400,-0.499598,0.382388,-1.649892,-0.886811,-0.321892,-0.026718,-0.209914
-1.837886,-2.680926,0.075304,-0.147838,-0.459236,0.387106,-1.084212,-0.560778,-0.222534,0.038026,-0.186377
-1.562008,-2.454692,0.123325,-0.080634,-0.343809,0.379377,-0.741878,-0.413466,-0.122259,0.072570,-0.178066
-1.534574,-2.055241,0.145669,-0.042231,-0.182182,0.393984,-0.707358,-0.372148,-0.025001,0.068721,-0.183134
-1.725505,-1.522406,0.179484,-0.043349,-0.009445,0.442830,-0.891798,-0.337811,0.063491,0.022694,-0.197154
-2.057459,-1.017558,0.253681,-0.096140,0.152822,0.517530,-1.145970,-0.241887,0.131947,-0.069831,-0.209922
-2.452258,-0.685996,0.384435,-0.215525,0.296704,0.596452,-1.333837,-0.077040,0.175057,-0.215498,-0.212623
-2.853451,-0.569595,0.570787,-0.404265,0.415647,0.647529,-1.378694,0.149328,0.193297,-0.406396,-0.201140
-3.206171,-0.594999,0.778935,-0.639309,0.504834,0.650038,-1.263406,0.445354,0.195922,-0.615820,-0.178187
-3.416122,-0.530748,0.948116,-0.876360,0.567372,0.598409,-0.985817,0.892471,0.205435,-0.801128,-0.154107
-3.374859,-0.014604,1.037382,-1.060359,0.606530,0.493888,-0.547188,1.697668,0.250246,-0.905805,-0.140703
-3.020383,1.408423,1.044624,-1.132287,0.623060,0.351054,0.014924,3.188497,0.354642,-0.872645,-0.137376
-2.343354,4.204364,0.979273,-1.047919,0.621641,0.204798,0.646454,5.721906,0.542182,-0.670261,-0.134168
-1.413531,8.669541,0.837467,-0.794068,0.610525,0.081080,1.290065,9.579927,0.823961,-0.305254,-0.120774
-0.431514,14.729852,0.628438,-0.394029,0.599425,-0.011778,1.832546,14.812975,1.175979,0.175356,-0.089661
0.317213,21.935789,0.396172,0.101134,0.607970,-0.064726,2.103624,21.148899,1.529357,0.699659,-0.036031
0.605164,29.587267,0.201193,0.624832,0.654164,-0.075950,1.979109,28.015694,1.794581,1.193357,0.036009
0.356281,36.902300,0.077584,1.121660,0.739495,-0.064702,1.466677,34.688635,1.896592,1.608365,0.112722
-0.308429,43.238340,-0.035554,1.567529,0.849795,-0.054042,0.714698,40.473581,1.805294,1.941226,0.172083
-1.076846,48.304966,-0.302842,1.971802,0.957637,-0.059069,-0.031959,44.927570,1.541808,2.228947,0.192374
-1.589058,52.155334,-0.871156,2.348342,1.020368,-0.090270,-0.541494,47.955595,1.171433,2.503453,0.166554
-1.611922,55.053435,-1.768894,2.693007,1.000344,-0.138803,-0.715651,49.782081,0.779152,2.759634,0.109860
-1.086440,57.356434,-2.927235,2.976827,0.885977,-0.168440,-0.599122,50.807809,0.449114,2.962068,0.045401
-0.147385,59.365486,-4.213619,3.159114,0.694078,-0.138280,-0.326640,51.452293,0.246250,3.059477,-0.010802
0.854516,61.161888,-5.413862,3.211817,0.469579,-0.014871,-0.119995,52.028414,0.200443,3.011011,-0.051502
1.489885,62.631730,-6.236802,3.154212,0.281725,0.229465,-0.211806,52.724651,0.282388,2.844419,-0.072084
1.471577,63.615591,-6.414555,3.041690,0.191184,0.584407,-0.676794,53.547892,0.422141,2.650861,-0.065006
0.743383,64.014453,-5.825906,2.938021,0.227906,0.993077,-1.368752,54.323416,0.557972,2.533232,-0.018805
-0.532185,63.849460,-4.592231,2.915001,0.393906,1.392236,-2.011638,54.797569,0.665010,2.593453,0.069963
-2.001998,63.306539,-3.057475,3.050065,0.654430,1.734838,-2.332367,54.811440,0.742591,2.907562,0.189702
-3.283990,62.673822,-1.609865,3.364155,0.936281,1.983491,-2.206770,54.380175,0.811182,3.454057,0.322787
-4.157515,62.213990,-0.498397,3.796824,1.158121,2.125181,-1.748533,53.715651,0.900344,4.118271,0.451350
-4.573354,62.093125,0.187985,4.254642,1.259143,2.189292,-1.212952,53.090515,1.029686,4.775529,0.553488
-4.580821,62.341366,0.464489,4.670125,1.216282,2.238246,-0.815390,52.664400,1.200861,5.338823,0.607308
-4.307294,62.815899,0.415092,5.039275,1.065524,2.342621,-0.670166,52.459490,1.404156,5.790101,0.604948
-3.897056,63.263735,0.192184,5.429666,0.891799,2.554955,-0.794141,52.471194,1.607602,6.198140,0.559427
-3.446582,63.480365,-0.035266,5.897699,0.780014,2.878131,-1.080269,52.623090,1.768663,6.630066,0.502061
-3.048953,63.401347,-0.155398,6.399692,0.781568,3.255666,-1.371459,52.775391,1.870490,7.042854,0.470731
-2.830645,63.085057,-0.156665,6.806788,0.911077,3.591964,-1.581638,52.835677,1.939166,7.307708,0.488826
-2.882520,62.677831,-0.101463,6.968574,1.134691,3.775795,-1.737395,52.847336,2.023108,7.267845,0.547936
-3.234026,62.363974,-0.050189,6.734353,1.378916,3.709717,-1.957034,52.975243,2.176030,6.774048,0.614593
-3.898534,62.276555,-0.001120,5.989078,1.565854,3.346919,-2.406865,53.465134,2.437365,5.755245,0.648757
-4.827716,62.437529,0.073855,4.740594,1.640449,2.730907,-3.161830,54.437448,2.807071,4.297913,0.622091
-5.839852,62.735881,0.173190,3.163032,1.586125,1.997773,-4.077311,55.703506,3.238716,2.632293,0.530933
-6.644981,62.925465,0.258519,1.564096,1.441532,1.327390,-4.825226,56.834315,3.663204,1.086006,0.403249
-6.963733,62.695359,0.297461,0.295848,1.275451,0.874608,-5.092544,57.399367,4.013763,0.005614,0.286210
-6.648858,61.789945,0.285004,-0.390720,1.136892,0.711742,-4.715483,57.039914,4.244500,-0.385315,0.220812
-5.778199,60.102839,0.238916,-0.470326,1.036900,0.789873,-3.738016,55.529602,4.349966,-0.115957,0.227373
-4.627025,57.714572,0.192777,-0.116773,0.966878,0.979094,-2.409490,52.870746,4.370384,0.579060,0.304834
-3.520103,54.869883,0.188875,0.420303,0.911960,1.155445,-1.111064,49.322561,4.365403,1.394556,0.424471
-2.681901,51.875649,0.262023,0.910102,0.860018,1.244468,-0.202546,45.321574,4.378940,2.072090,0.532953
-2.216538,49.010304,0.426788,1.177689,0.800952,1.211728,0.096663,41.362492,4.422641,2.457873,0.574991
-2.117338,46.499143,0.665207,1.156840,0.727719,1.080520,-0.220413,37.824997,4.473462,2.524223,0.522080
-2.270384,44.491663,0.927210,0.902551,0.649372,0.924592,-0.943168,34.872168,4.482218,2.324610,0.388075
-2.473194,43.006725,1.146019,0.538817,0.594620,0.809423,-1.701620,32.484363,4.400760,1.961335,0.226339
-2.528071,41.935525,1.264364,0.190664,0.577558,0.745127,-2.148134,30.556848,4.211575,1.560551,0.101812
-2.332488,41.064928,1.257149,-0.070103,0.570558,0.667626,-2.112459,28.910236,3.928064,1.214054,0.048755
-1.913587,40.123815,1.135539,-0.273486,0.520347,0.444987,-1.637246,27.286052,3.576480,0.901845,0.051847
-1.388933,38.868913,0.934541,-0.503552,0.380735,-0.030764,-0.920046,25.444099,3.186323,0.547124,0.067228
-0.887831,37.141368,0.697426,-0.801720,0.141553,-0.754641,-0.224562,23.275629,2.781357,0.123138,0.053191
-0.471976,34.821505,0.464928,-1.134962,-0.156348,-1.617882,0.259095,20.816594,2.366330,-0.310604,-0.008124
-0.160386,31.844060,0.265924,-1.444812,-0.446827,-2.458784,0.469810,18.177052,1.932265,-0.654349,-0.106025
0.017816,28.289128,0.111657,-1.673121,-0.663854,-3.096274,0.437381,15.493861,1.479233,-0.822501,-0.203628
0.011441,24.402207,-0.001386,-1.783913,-0.736033,-3.375550,0.202595,12.900174,1.025686,-0.809138,-0.254027
-0.235583,20.495686,-0.079970,-1.793162,-0.615924,-3.223586,-0.209052,10.512461,0.603676,-0.681422,-0.227522
-0.775971,16.874373,-0.124986,-1.759517,-0.333679,-2.675813,-0.816143,8.429352,0.249956,-0.512513,-0.128220
-1.632675,13.762338,-0.131207,-1.741210,0.007310,-1.896318,-1.682398,6.696310,-0.011902,-0.349730,0.007968
-2.785584,11.253944,-0.091564,-1.790426,0.285213,-1.144147,-2.881587,5.237368,-0.188845,-0.251098,0.117522
-4.180236,9.340263,-0.000165,-1.936142,0.403054,-0.658560,-4.410023,3.928139,-0.305157,-0.259446,0.147704
-5.736176,7.969484,0.142621,-2.145526,0.335105,-0.551927,-6.158510,2.701791,-0.382446,-0.345895,0.104542
-7.324835,7.020115,0.324576,-2.326122,0.153622,-0.779357,-7.905183,1.552402,-0.436671,-0.414471,0.060252
-8.783659,6.310414,0.520034,-2.384149,-0.017522,-1.154041,-9.375840,0.463243,-0.477417,-0.365639,0.101870
-9.942071,5.687090,0.692774,-2.268416,-0.072861,-1.443895,-10.336644,-0.605356,-0.499338,-0.150815,0.283924
-10.656808,5.083235,0.806904,-1.986405,0.054712,-1.464322,-10.706501,-1.696839,-0.489715,0.188645,0.592073
-10.855834,4.467690,0.844031,-1.602501,0.360358,-1.133371,-10.544452,-2.788485,-0.441554,0.551116,0.940769
-10.543587,3.818170,0.808175,-1.208532,0.742209,-0.515001,-9.952564,-3.763897,-0.360190,0.851703,1.224183
-9.754702,3.133174,0.714222,-0.876825,1.052154,0.170573,-8.997721,-4.490851,-0.266124,1.062048,1.378179
-8.567852,2.451471,0.582892,-0.646275,1.172824,0.663496,-7.761007,-4.927836,-0.195346,1.181798,1.373028
-7.137019,1.848242,0.442182,-0.531291,1.042557,0.789507,-6.356205,-5.088428,-0.176690,1.233043,1.209957
-5.668907,1.436486,0.320516,-0.514735,0.677052,0.511422,-4.933933,-5.007280,-0.209217,1.272354,0.929978
-4.359493,1.302987,0.234989,-0.541722,0.177901,-0.063581,-3.657173,-4.755072,-0.262540,1.363009,0.602000
-3.356968,1.436196,0.186949,-0.551054,-0.309813,-0.700224,-2.676662,-4.438058,-0.293934,1.528177,0.289338
-2.725634,1.735276,0.162777,-0.514264,-0.661562,-1.157981,-2.088016,-4.147067,-0.265453,1.738576,0.041267
-2.444355,2.075391,0.141512,-0.452963,-0.796354,-1.294413,-1.924747,-3.919564,-0.157019,1.906725,-0.122171
-2.445818,2.327396,0.110192,-0.436037,-0.698171,-1.086446,-2.125153,-3.676465,0.037342,1.907631,-0.208666
-2.635974,2.416785,0.072325,-0.548209,-0.420609,-0.624238,-2.520501,-3.241271,0.315025,1.652570,-0.223912
-2.881261,2.402505,0.037974,-0.824450,-0.049840,-0.082559,-2.876408,-2.460177,0.661181,1.158848,-0.151941
-3.056263,2.464205,0.011540,-1.209642,0.333406,0.363512,-3.005097,-1.322131,1.037703,0.547263,0.007814
-3.090832,2.797197,-0.011142,-1.579283,0.653472,0.602880,-2.821401,0.053112,1.383362,0.000650,0.221326
-2.965040,3.547576,-0.036328,-1.786554,0.854269,0.621498,-2.349773,1.455279,1.634734,-0.295312,0.431280
-2.697546,4.723808,-0.062750,-1.701726,0.917535,0.505720,-1.701393,2.643265,1.754673,-0.224576,0.578461
-2.346841,6.106354,-0.080307,-1.265572,0.860610,0.383450,-1.035127,3.418736,1.740487,0.217270,0.623631
-1.985063,7.301661,-0.082030,-0.529790,0.719095,0.319649,-0.500760,3.687491,1.606001,0.930062,0.570582
-1.680683,7.900503,-0.076948,0.338665,0.534356,0.264355,-0.204006,3.442336,1.367533,1.718112,0.459125
-1.487073,7.587096,-0.080036,1.088374,0.337240,0.093342,-0.179404,2.766026,1.059929,2.319068,0.340832
-1.408994,6.260177,-0.090215,1.454480,0.148290,-0.304051,-0.389075,1.819381,0.750976,2.492541,0.257292
-1.392000,4.101144,-0.086096,1.265250,-0.015330,-0.961559,-0.744077,0.785678,0.522468,2.117553,0.228682
-1.380442,1.482369,-0.039643,0.506303,-0.144465,-1.841346,-1.145494,-0.217034,0.431006,1.225250,0.242603
-1.351660,-1.185935,0.076437,-0.688668,-0.242340,-2.819140,-1.510436,-1.134735,0.478023,-0.026767,0.261908
-1.296996,-3.540054,0.287731,-2.099309,-0.311209,-3.655423,-1.782556,-1.956530,0.620539,-1.414906,0.254098
-1.210872,-5.358725,0.618086,-3.488270,-0.347749,-4.077979,-1.942063,-2.682452,0.810554,-2.720038,0.217265
-1.102483,-6.633630,1.072142,-4.661468,-0.347788,-3.937670,-2.012381,-3.322918,1.013889,-3.769415,0.182206
-1.007093,-7.501887,1.605419,-5.490750,-0.310779,-3.272122,-2.048832,-3.915151,1.189806,-4.447462,0.201046
-0.992705,-8.134850,2.111201,-5.927852,-0.245749,-2.285977,-2.112640,-4.525198,1.280899,-4.720746,0.328030
-1.116059,-8.738735,2.462142,-6.019025,-0.172324,-1.269127,-2.236078,-5.226264,1.237088,-4.661724,0.583454
-1.363058,-9.460306,2.567591,-5.885996,-0.108372,-0.453497,-2.406992,-6.077975,1.044976,-4.417718,0.925983
-1.667701,-10.263570,2.400943,-5.662900,-0.067338,0.071869,-2.587270,-7.076809,0.732457,-4.134784,1.264899
-1.986157,-11.039717,2.001192,-5.445409,-0.062347,0.302420,-2.740860,-8.141096,0.360575,-3.901675,1.496296
-2.307931,-11.728745,1.460145,-5.264658,-0.092720,0.282851,-2.839054,-9.150909,-0.004470,-3.734666,1.542944
-2.613550,-12.266506,0.885572,-5.096495,-0.132866,0.127365,-2.852543,-9.941773,-0.308877,-3.595143,1.393776
-2.851519,-12.705185,0.379706,-4.898330,-0.143311,-0.029380,-2.766644,-10.382372,-0.513414,-3.423306,1.112431
-2.955953,-13.283931,0.024422,-4.638287,-0.080594,-0.112653,-2.602613,-10.549368,-0.603005,-3.166188,0.806208
-2.879366,-14.070198,-0.150072,-4.295439,0.092786,-0.112909,-2.401729,-10.648275,-0.597688,-2.790386,0.586793
-2.618763,-14.838052,-0.179765,-3.876726,0.389132,-0.064065,-2.196903,-10.709879,-0.540041,-2.308497,0.540839
-2.194965,-15.490512,-0.123997,-3.441503,0.788720,-0.024332,-2.007286,-10.678074,-0.479533,-1.799247,0.699014
-1.605106,-16.146714,-0.028432,-3.082137,1.246162,-0.039763,-1.822240,-10.664183,-0.454098,-1.378306,1.021222
-0.810160,-16.948770,0.073869,-2.864291,1.692398,-0.110270,-1.580327,-11.121679,-0.503086,-1.128847,1.414208
0.202482,-18.328183,0.164214,-2.784913,2.044840,-0.206462,-1.201439,-12.834240,-0.682826,-1.052224,1.764749
0.663654,17.766746,0.095777,-0.348882,0.546213,-0.015603,-0.374872,12.749925,0.447671,0.738840,0.170214
0.471431,23.070198,0.191709,-0.395808,0.599599,-0.026126,1.767021,10.710346,0.374971,0.838609,0.332996
0.591836,29.190431,0.360937,-0.515891,0.665440,-0.005250,5.524346,6.507340,0.191033,0.801612,0.478391
1.478962,36.102817,0.423289,-0.669272,0.716626,0.035379,10.416295,0.911443,-0.029044,0.634972,0.570434
3.360009,43.495906,0.178830,-0.777058,0.724780,0.091856,15.505035,-4.648189,-0.178702,0.371580,0.582249
6.031261,50.702915,-0.444627,-0.744530,0.666271,0.166930,19.596811,-8.474767,-0.172019,0.080668,0.501987
8.983687,56.978313,-1.408133,-0.512185,0.526903,0.236237,21.464182,-8.928615,0.046510,-0.117995,0.346795
11.493287,61.699706,-2.578015,-0.046148,0.326932,0.270970,20.324464,-4.961895,0.476718,-0.085104,0.159962
12.705956,64.459727,-3.695307,0.667443,0.125323,0.281502,16.198748,3.413404,1.030882,0.297347,-0.006897
11.982401,65.227145,-4.456992,1.581221,-0.009148,0.300527,9.931099,15.055197,1.560909,1.080141,-0.114661
9.286612,64.506360,-4.718397,2.602622,-0.031933,0.336123,2.932368,28.031692,1.925878,2.219107,-0.142656
5.237824,63.253696,-4.534445,3.638049,0.056378,0.371652,-3.242699,40.176065,2.039459,3.587156,-0.095958
0.950063,62.624158,-4.163850,4.584293,0.203703,0.370123,-7.481981,49.829282,1.917453,5.019468,0.000496
-2.407055,63.515630,-4.012015,5.344755,0.337185,0.298299,-9.417721,56.286439,1.690080,6.331285,0.106108
-4.190903,66.201307,-4.357194,5.897980,0.405853,0.175390,-9.381165,59.787837,1.515350,7.339685,0.179926
-4.522305,70.310332,-5.108991,6.276673,0.396898,0.070209,-8.208157,61.239594,1.489139,7.919356,0.195662
-3.973784,75.146304,-5.960305,6.515027,0.328324,0.036568,-6.989748,61.887026,1.651421,8.054807,0.161536
-3.282246,79.920128,-6.545160,6.648416,0.246648,0.121211,-6.633263,62.815808,1.992017,7.821570,0.109943
-3.138065,83.861156,-6.531314,6.696820,0.212248,0.387922,-7.518237,64.534317,2.430486,7.350607,0.081017
-3.901356,86.326504,-5.777136,6.634100,0.270297,0.866418,-9.404690,66.822693,2.858878,6.783162,0.105410
-5.467943,86.949104,-4.441301,6.434613,0.432356,1.514007,-11.630118,68.940565,3.215023,6.219151,0.192769
-7.385137,85.721768,-2.833130,6.110012,0.677381,2.250850,-13.398953,70.025549,3.500229,5.705949,0.320483
-8.944925,83.032424,-1.309991,5.686569,0.962588,2.972243,-14.060907,69.535865,3.762474,5.265190,0.451497
-9.498959,79.485790,-0.206547,5.200005,1.241053,3.571913,-13.296693,67.428638,4.067176,4.883762,0.541482
-8.870697,75.666304,0.333681,4.711695,1.472442,3.985721,-11.232282,64.105488,4.424910,4.514871,0.552294
-7.394919,71.962722,0.438081,4.267236,1.625920,4.181803,-8.382740,60.170511,4.745097,4.120717,0.468479
-5.603827,68.523538,0.302935,3.864731,1.676908,4.122665,-5.482863,56.173680,4.899597,3.701008,0.312206
-4.038429,65.255711,0.097628,3.469539,1.606256,3.795836,-3.233158,52.393358,4.805292,3.268767,0.130371
-3.100602,61.859904,-0.050176,3.025964,1.418805,3.247252,-2.029664,48.758500,4.432061,2.837707,-0.009920
-2.918402,57.910761,-0.101289,2.473580,1.167740,2.557242,-1.847738,44.922040,3.797652,2.419467,-0.030947
-3.400905,53.115352,-0.100636,1.799115,0.947971,1.816976,-2.404236,40.574462,2.982407,2.013567,0.131005
-4.339166,47.530453,-0.080601,1.061569,0.864083,1.131866,-3.300453,35.696292,2.113817,1.628586,0.492178
-5.340870,41.609587,-0.058621,0.359884,0.995047,0.601433,-4.051110,30.585077,1.317466,1.306558,1.017623
-5.964334,36.039134,-0.052606,-0.215183,1.350738,0.282364,-4.234848,25.704860,0.682915,1.076372,1.615670
-5.988628,31.479099,-0.062526,-0.610181,1.844065,0.151288,-3.712288,21.541876,0.246585,0.921242,2.156526
-5.457962,28.267923,-0.065287,-0.822554,2.320859,0.088621,-2.646564,18.399288,-0.013629,0.809346,2.513518
-4.570025,26.325656,-0.061920,-0.902545,2.614695,-0.080633,-1.392523,16.277665,-0.145524,0.708612,2.602378
-3.611563,25.282435,-0.062022,-0.938945,2.588933,-0.513841,-0.342558,14.925540,-0.181112,0.566193,2.400058
-2.808411,24.679189,-0.062980,-1.027301,2.192382,-1.272786,0.274921,13.997747,-0.147264,0.328255,1.965279
-2.218144,24.094318,-0.062292,-1.232887,1.503248,-2.282636,0.467538,13.170965,-0.085988,-0.022228,1.431970
-1.822761,23.291127,-0.062559,-1.560435,0.699026,-3.360018,0.345592,12.287397,-0.030878,-0.452898,0.961362
-1.605813,22.230684,-0.062433,-1.937030,-0.018626,-4.265934,0.044682,11.360765,0.013138,-0.878501,0.674178
-1.485640,20.962208,-0.062520,-2.238674,-0.489140,-4.753276,-0.252480,10.446249,0.054995,-1.176641,0.613144
-1.357736,19.550505,-0.062643,-2.353973,-0.644543,-4.665030,-0.387035,9.550497,0.108359,-1.258543,0.738045
-1.201741,18.053000,-0.062612,-2.220263,-0.522002,-4.020459,-0.323544,8.660491,0.198357,-1.107859,0.960700
-1.064557,16.454270,-0.062362,-1.824165,-0.216180,-2.998840,-0.149474,7.745396,0.352329,-0.749101,1.193533
-0.996658,14.692976,-0.062065,-1.209820,0.171959,-1.856219,-0.019845,6.776886,0.578643,-0.223461,1.375423
-1.026148,12.762473,-0.061902,-0.477441,0.550826,-0.856232,-0.071175,5.773902,0.859517,0.401086,1.479149
-1.109888,10.737841,-0.062138,0.250827,0.853416,-0.174892,-0.327570,4.777994,1.147636,1.043091,1.517658
-1.138004,8.710882,-0.062857,0.864242,1.057922,0.173158,-0.692173,3.767188,1.370952,1.629360,1.532781
1.357856,-20.903153,0.241919,-2.763174,2.238684,-0.285849,-0.662339,-16.424570,-1.015621,-1.063691,1.973359
2.493303,-24.680505,0.303773,-2.667921,2.245819,-0.286524,-0.046488,-21.705552,-1.441144,-1.032096,1.985688
3.396064,-28.823582,0.348606,-2.373234,2.073509,-0.135217,0.451104,-27.982866,-1.878626,-0.837662,1.801148
3.847388,-32.191865,0.388129,-1.809408,1.766061,0.209480,0.579935,-34.513317,-2.284092,-0.414839,1.462020
3.697798,-33.668133,0.420012,-0.968078,1.398850,0.751714,0.152977,-40.183822,-2.601057,0.248408,1.038809
2.904839,-32.766312,0.416753,0.108900,1.051226,1.482748,-0.863731,-43.464625,-2.753853,1.120332,0.613982
1.535562,-30.249782,0.359890,1.335375,0.789627,2.367600,-2.338988,-43.369654,-2.711080,2.130972,0.259343
-0.182375,-27.792588,0.250796,2.607360,0.658330,3.311372,-3.962952,-40.081779,-2.509856,3.190393,0.017461
-1.817553,-27.134434,0.092718,3.847122,0.666354,4.213947,-5.265194,-35.149596,-2.290003,4.224625,-0.104165
-2.875328,-29.845804,-0.105570,5.005515,0.781014,5.004180,-5.767867,-31.151832,-2.296180,5.191860,-0.126150
-3.011003,-36.674913,-0.321994,6.033516,0.947300,5.614217,-5.204435,-30.053108,-2.664706,6.064016,-0.085975
-2.127798,-46.574719,-0.532502,6.868212,1.104462,5.967883,-3.635547,-31.933720,-3.299335,6.794496,-0.022630
-0.386963,-56.718924,-0.709041,7.434710,1.197409,5.999169,-1.407815,-35.798974,-4.018167,7.307069,0.034533
1.837459,-63.957566,-0.822806,7.646567,1.189008,5.640633,1.003403,-40.330512,-4.652463,7.508913,0.068674
4.126467,-66.131093,-0.868896,7.444532,1.071884,4.877254,3.183395,-43.660716,-4.987951,7.336595,0.072595
6.133356,-62.798559,-0.858631,6.845700,0.857973,3.814352,4.888936,-43.962077,-4.851960,6.797517,0.049220
7.571199,-55.115316,-0.792943,5.945658,0.585839,2.641546,6.059354,-40.509645,-4.213972,5.973242,0.011791
8.274659,-45.147500,-0.669662,4.893303,0.324241,1.530585,6.803800,-33.846978,-3.170825,4.997290,-0.020623
8.317931,-34.992908,-0.503111,3.866931,0.139567,0.620302,7.365303,-25.770606,-1.956529,4.028389,-0.031533
7.963466,-26.537887,-0.326665,3.017017,0.052836,-0.001343,8.015183,-18.915614,-0.932729,3.206059,-0.013959
7.509428,-21.268839,-0.189521,2.405526,0.059815,-0.327238,8.901572,-15.012799,-0.338422,2.598797,0.023076
7.220557,-19.871643,-0.136524,1.998833,0.151984,-0.413178,9.965732,-14.032445,-0.177249,2.180105,0.058530
7.253488,-21.677920,-0.183267,1.702670,0.315506,-0.336307,11.000248,-15.176071,-0.359016,1.855290,0.072259
7.586257,-25.067703,-0.319157,1.398537,0.517158,-0.188582,11.795535,-17.440197,-0.769652,1.510705,0.051843
8.101956,-28.372536,-0.519344,0.994852,0.701187,-0.034363,12.243750,-19.418493,-1.221135,1.067561,-0.009844
8.681609,-30.401680,-0.732391,0.474104,0.779523,0.121532,12.336179,-19.823962,-1.537337,0.517581,-0.109718
9.115753,-30.388225,-0.887425,-0.109160,0.685179,0.292958,12.092102,-18.020992,-1.617199,-0.074293,-0.224780
9.119025,-28.092990,-0.930490,-0.661720,0.421178,0.448691,11.528788,-14.097827,-1.439414,-0.595016,-0.315254
8.501122,-23.788438,-0.851702,-1.082404,0.031944,0.522064,10.675474,-8.922200,-1.083879,-0.925143,-0.344564
7.253518,-18.227257,-0.687607,-1.299090,-0.446350,0.458680,9.574920,-3.852849,-0.710748,-0.991618,-0.301196
5.518572,-12.531263,-0.503981,-1.301436,-0.941199,0.249045,8.238187,0.135342,-0.423300,-0.805278,-0.207598
3.591630,-7.862953,-0.349307,-1.140503,-1.339252,-0.058836,6.633405,2.687137,-0.239885,-0.465183,-0.108458
1.818454,-4.821570,-0.230354,-0.901159,-1.534330,-0.365365,4.760714,3.723508,-0.160719,-0.112732,-0.043898
0.427682,-3.377033,-0.130248,-0.669200,-1.471584,-0.557587,2.741239,3.434623,-0.171405,0.131659,-0.031464
-0.488264,-3.234420,-0.024469,-0.501785,-1.169372,-0.557065,0.822511,2.384525,-0.212138,0.206729,-0.069309
-0.888760,-4.030038,0.125086,-0.411194,-0.738038,-0.340417,-0.693662,1.202024,-0.223543,0.116166,-0.142103
-0.850148,-5.338321,0.354032,-0.376376,-0.302689,0.051314,-1.581355,0.367845,-0.179425,-0.076991,-0.217553
-0.587831,-6.837601,0.677502,-0.367640,0.073485,0.507842,-1.775008,0.158341,-0.090370,-0.276100,-0.253039
-0.338254,-8.333515,1.084562,-0.359906,0.371701,0.887458,-1.359505,0.616774,0.006893,-0.392307,-0.217127
-0.266470,-9.638890,1.545297,-0.335008,0.568217,1.089103,-0.507015,1.603024,0.073165,-0.377846,-0.106431
-0.447803,-10.539216,2.025239,-0.285847,0.671540,1.083371,0.571283,2.927720,0.093549,-0.235432,0.054923
-0.821674,-10.923509,2.502737,-0.215678,0.722776,0.900445,1.678622,4.374706,0.072881,-0.013784,0.226853
-1.226236,-10.885574,2.957419,-0.135264,0.764275,0.617195,2.680511,5.707809,0.025186,0.214221,0.369262
-1.530978,-10.641759,3.358021,-0.056981,0.816596,0.326324,3.541906,6.755493,-0.030706,0.390530,0.457690
-1.686766,-10.359418,3.674624,0.015627,0.869060,0.091453,4.318574,7.454503,-0.076838,0.491998,0.484286
-1.668034,-10.106288,3.893837,0.088211,0.890296,-0.059509,5.088986,7.786539,-0.103359,0.514605,0.446418
-1.450921,-9.903067,4.012986,0.162940,0.872499,-0.113808,5.876389,7.732163,-0.107470,0.454150,0.341018
-1.031383,-9.734035,4.036843,0.240290,0.821674,-0.074912,6.673703,7.295027,-0.090879,0.312254,0.168276
-0.456873,-9.534825,3.976206,0.325605,0.731024,0.027947,7.501232,6.547488,-0.057800,0.111490,-0.061678
0.226636,-9.191096,3.854701,0.424895,0.602464,0.148415,8.362212,5.574426,-0.019659,-0.119795,-0.336984
