0.388697,3.003550,0.345125,0.109850,0.520504,-0.033783,-1.284454,-2.064934,0.010029,-0.364883,-0.223293,-0.225215
0.451218,2.490683,0.203630,0.154104,0.561905,-0.022171,-0.856007,-1.902445,0.007561,-0.339006,-0.185408,-0.181345
0.431270,1.457228,0.085668,0.223670,0.575913,-0.015639,-0.421355,-1.540308,-0.001066,-0.268524,-0.143440,-0.123756
0.319755,0.002691,-0.002659,0.293399,0.564673,-0.016506,-0.030954,-1.064007,-0.014121,-0.175160,-0.105026,-0.072587
0.135698,-1.637078,-0.066539,0.336345,0.530780,-0.024510,0.268386,-0.596913,-0.036204,-0.088279,-0.080123,-0.049052
-0.076204,-3.166150,-0.116400,0.332709,0.476951,-0.036626,0.450381,-0.253906,-0.073744,-0.034423,-0.076016,-0.066331
-0.256867,-4.286092,-0.163356,0.276946,0.409956,-0.048258,0.514762,-0.111375,-0.130983,-0.031229,-0.093932,-0.124972
-0.356375,-4.806880,-0.213601,0.180239,0.339682,-0.055963,0.486806,-0.172755,-0.205082,-0.078502,-0.128940,-0.210543
-0.354296,-4.727892,-0.265662,0.067062,0.276524,-0.058573,0.408846,-0.366947,-0.284539,-0.156014,-0.171296,-0.297697
-0.257455,-4.192740,-0.311537,-0.032917,0.230656,-0.055972,0.325295,-0.589479,-0.352982,-0.232823,-0.208858,-0.358654
-0.088683,-3.388935,-0.341142,-0.094651,0.209792,-0.049548,0.272096,-0.743259,-0.394417,-0.280694,-0.231058,-0.376849
0.106363,-2.518687,-0.348320,-0.106233,0.213914,-0.042655,0.265459,-0.762657,-0.398654,-0.282319,-0.232307,-0.355037
0.258583,-1.748045,-0.337512,-0.072585,0.236553,-0.038753,0.286690,-0.645305,-0.367964,-0.239503,-0.213901,-0.313923
0.301429,-1.158664,-0.319282,-0.011752,0.268459,-0.039447,0.289686,-0.450955,-0.317638,-0.172603,-0.184482,-0.280938
0.202367,-0.762068,-0.300013,0.053241,0.300353,-0.044366,0.235253,-0.257668,-0.267388,-0.109127,-0.156468,-0.279277
-0.024214,-0.534364,-0.278376,0.102452,0.326499,-0.051297,0.115974,-0.124475,-0.231308,-0.071682,-0.138494,-0.317002
-0.321242,-0.408715,-0.250825,0.124716,0.348421,-0.057556,-0.042890,-0.077971,-0.213476,-0.072414,-0.131306,-0.382476
-0.612179,-0.309980,-0.215709,0.119137,0.372607,-0.061868,-0.197983,-0.105445,-0.206830,-0.107728,-0.129140,-0.446547
-0.832911,-0.196368,-0.175498,0.092037,0.405759,-0.064363,-0.311860,-0.171578,-0.197790,-0.160413,-0.124089,-0.476262
-0.948345,-0.052226,-0.135011,0.053846,0.451017,-0.065092,-0.368707,-0.248673,-0.174717,-0.209413,-0.109742,-0.449957
-0.948556,0.142953,-0.098256,0.016333,0.506395,-0.064402,-0.368489,-0.328163,-0.131568,-0.238929,-0.084264,-0.367890
-0.848711,0.401986,-0.068378,-0.010907,0.563078,-0.063200,-0.322675,-0.421828,-0.067122,-0.243004,-0.051180,-0.252561
-0.686893,0.722017,-0.050333,-0.023519,0.609218,-0.062291,-0.257184,-0.561248,0.012881,-0.227523,-0.017794,-0.139330
-0.507860,1.083861,-0.046521,-0.021942,0.636595,-0.062019,-0.203517,-0.777613,0.096055,-0.205379,0.007405,-0.060396
-0.346531,1.446106,-0.052226,-0.009119,0.643110,-0.062378,-0.179905,-1.072980,0.169294,-0.188134,0.017181,-0.036476
-0.222594,1.751134,-0.058664,0.011951,0.629906,-0.062773,-0.185116,-1.415438,0.224617,-0.181347,0.008672,-0.073894
-0.141844,1.956201,-0.059519,0.038860,0.599864,-0.062606,-0.205864,-1.751110,0.260300,-0.184361,-0.015865,-0.162241
-0.106340,2.041153,-0.053805,0.068487,0.556462,-0.061658,-0.232361,-2.024413,0.280207,-0.190662,-0.050526,-0.276870
-0.125134,1.998908,-0.046275,0.096151,0.503166,-0.060525,-0.273026,-2.202398,0.290904,-0.191134,-0.088278,-0.388135
-0.212125,1.833253,-0.044154,0.119071,0.445182,-0.061080,-0.352771,-2.289643,0.296523,-0.178652,-0.122814,-0.468772
-0.370830,1.564896,-0.054155,0.138881,0.391424,-0.065507,-0.493014,-2.323216,0.297391,-0.151288,-0.149480,-0.501299
-0.586231,1.226414,-0.081719,0.159354,0.349152,-0.073443,-0.699891,-2.364960,0.292245,-0.113207,-0.165641,-0.485178
-0.826394,0.849386,-0.130526,0.184014,0.319915,-0.081038,-0.965208,-2.487311,0.277213,-0.072531,-0.171543,-0.430966
-1.047511,0.454387,-0.200163,0.216401,0.302625,-0.081537,-1.268106,-2.746454,0.246678,-0.037423,-0.170659,-0.351811
-1.206320,0.051073,-0.284083,0.257606,0.296130,-0.067365,-1.578978,-3.150278,0.199521,-0.016959,-0.168429,-0.265705
-1.276738,-0.356746,-0.367849,0.301820,0.296242,-0.034052,-1.866686,-3.652095,0.140743,-0.021034,-0.169855,-0.195985
-1.250385,-0.757839,-0.432999,0.336772,0.297501,0.016872,-2.097237,-4.160865,0.078772,-0.052883,-0.175813,-0.158210
-1.128334,-1.127456,-0.466090,0.350184,0.297462,0.078819,-2.235730,-4.572262,0.023072,-0.101702,-0.181592,-0.158573
-0.919158,-1.430484,-0.465230,0.337298,0.294263,0.137906,-2.263724,-4.814142,-0.018913,-0.148229,-0.182539,-0.195949
-0.645406,-1.626256,-0.437496,0.304032,0.284695,0.175081,-2.190981,-4.863226,-0.045205,-0.176088,-0.179058,-0.259993
-0.346627,-1.675666,-0.394592,0.261078,0.271002,0.177896,-2.041356,-4.710715,-0.055742,-0.181871,-0.171775,-0.337314
-0.086683,-1.571408,-0.347013,0.213537,0.255602,0.147693,-1.847057,-4.359734,-0.051489,-0.178377,-0.159221,-0.421226
0.057893,-1.351325,-0.299098,0.157153,0.231360,0.096428,-1.642055,-3.863814,-0.038122,-0.189865,-0.143904,-0.501107
0.015710,-1.111249,-0.250526,0.082088,0.191545,0.046572,-1.459027,-3.318726,-0.024677,-0.244100,-0.134329,-0.565989
-0.258331,-0.975680,-0.199194,-0.023455,0.146822,0.023251,-1.315431,-2.792117,-0.014644,-0.369203,-0.134541,-0.613557
-0.754339,-1.023946,-0.138853,-0.173452,0.124749,0.040382,-1.189271,-2.276640,-0.007209,-0.582148,-0.132829,-0.638069
-1.349118,-1.209892,-0.061913,-0.381814,0.163820,0.097921,-0.980642,-1.660839,0.000894,-0.868736,-0.100057,-0.615874
-1.798498,-1.337781,0.025093,-0.646565,0.298982,0.186277,-0.522767,-0.751414,0.016916,-1.175775,-0.005472,-0.533458
-1.798430,-1.045830,0.100070,-0.930585,0.529652,0.276067,0.364708,0.615482,0.052815,-1.430340,0.159045,-0.402579
-1.107641,0.081949,0.146470,-1.169589,0.804303,0.321825,1.770452,2.520094,0.120237,-1.567925,0.366584,-0.253601
0.321333,2.314472,0.160476,-1.306547,1.048386,0.289583,3.577275,5.046367,0.230351,-1.552708,0.566014,-0.139360
2.242652,5.644050,0.131430,-1.321379,1.183806,0.167075,5.394890,8.261735,0.385314,-1.385685,0.699936,-0.125728
4.208224,9.903286,0.054718,-1.238561,1.137322,-0.047035,6.720010,12.034768,0.569690,-1.101222,0.722753,-0.237289
5.748599,14.882296,-0.043546,-1.109837,0.881220,-0.327746,7.197842,15.962213,0.753540,-0.757140,0.616673,-0.448392
6.567601,20.421611,-0.111628,-0.981816,0.470631,-0.614807,6.843310,19.466850,0.913254,-0.423676,0.404719,-0.704398
6.693982,26.472566,-0.091950,-0.881084,0.023948,-0.834919,6.112640,21.940494,1.042002,-0.169070,0.149860,-0.929102
6.548794,33.076910,0.065273,-0.823431,-0.319371,-0.928788,5.805760,22.953620,1.147987,-0.040297,-0.066638,-1.044686
6.790207,40.221559,0.334105,-0.810835,-0.449658,-0.871146,6.743846,22.399102,1.250467,-0.049736,-0.183992,-1.030797
8.117764,47.800652,0.561400,-0.815145,-0.346399,-0.699032,9.453981,20.423159,1.388310,-0.176699,-0.189608,-0.927126
11.021631,55.461036,0.516174,-0.793982,-0.092993,-0.506281,13.896863,17.386580,1.615200,-0.380911,-0.123625,-0.800906
15.508552,62.475530,-0.017514,-0.719164,0.179211,-0.387089,19.314204,13.990592,1.987639,-0.604920,-0.058169,-0.731958
20.927532,67.920229,-1.194669,-0.582216,0.344736,-0.392962,24.313996,11.195695,2.545936,-0.774861,-0.055447,-0.780472
26.165845,71.164219,-3.009234,-0.387676,0.317222,-0.543500,27.387725,9.866157,3.292450,-0.811157,-0.129171,-0.921593
29.934312,72.158335,-5.203157,-0.138111,0.095792,-0.814964,27.478562,10.509151,4.171610,-0.647218,-0.244770,-1.069335
31.085532,71.461815,-7.325707,0.203454,-0.220105,-1.120089,24.309212,13.209485,5.083552,-0.236089,-0.344369,-1.134053
28.919572,70.007676,-8.866442,0.694759,-0.487643,-1.347685,18.399242,17.637322,5.900994,0.426717,-0.371118,-1.058948
23.363278,68.727499,-9.358770,1.341812,-0.583526,-1.419524,10.829131,23.208575,6.473883,1.276245,-0.293805,-0.849215
14.903393,68.208269,-8.581233,2.077477,-0.442313,-1.301008,2.787598,29.271952,6.650137,2.187669,-0.122764,-0.583423
4.627680,68.684518,-6.741474,2.815736,-0.084443,-1.009974,-4.686846,35.183070,6.341952,3.028454,0.100365,-0.347858
-5.890777,70.063813,-4.395390,3.482129,0.394196,-0.615554,-10.781158,40.401012,5.567101,3.690398,0.321798,-0.183615
-14.991424,71.983320,-2.220424,4.046897,0.874146,-0.181867,-14.986245,44.706092,4.450096,4.122536,0.486257,-0.084856
-21.399289,74.013239,-0.854862,4.549210,1.251680,0.278056,-17.194676,48.274207,3.197725,4.353856,0.557216,-0.015725
-24.432416,75.925703,-0.714627,5.063851,1.458140,0.752404,-17.578114,51.529524,2.045115,4.473691,0.537383,0.087933
-24.144371,77.761608,-1.815220,5.634865,1.483822,1.194762,-16.439473,54.909112,1.174996,4.579868,0.463913,0.283380
-21.229107,79.719320,-3.824523,6.278950,1.377828,1.564087,-14.170396,58.665665,0.682385,4.760004,0.382866,0.604443
-16.746183,81.881554,-6.196926,6.954986,1.209065,1.839770,-11.239275,62.700735,0.572521,5.043408,0.326072,1.041530
-11.855858,84.033315,-8.256177,7.519629,1.032490,2.010707,-8.145206,66.566027,0.763339,5.345453,0.294085,1.527682
-7.652465,85.700766,-9.405375,7.778301,0.887783,2.102648,-5.427695,69.617153,1.110264,5.496657,0.266273,1.975766
-4.811945,86.370387,-9.405163,7.606054,0.797801,2.166024,-3.545984,71.256058,1.475635,5.352703,0.223069,2.341782
-3.441752,85.679603,-8.367702,6.975976,0.763597,2.221948,-2.683342,71.123940,1.769508,4.842701,0.155552,2.620825
-3.250664,83.549325,-6.614604,5.972391,0.765904,2.257901,-2.725798,69.215516,1.957658,3.979980,0.059524,2.821005
-3.827613,80.221095,-4.579492,4.768823,0.773244,2.259133,-3.433888,65.893786,2.063651,2.856322,-0.060435,2.933363
-4.790197,76.181995,-2.686715,3.539257,0.750023,2.188014,-4.548428,61.811189,2.147433,1.600573,-0.188332,2.921997
-5.900503,72.022235,-1.196617,2.374020,0.679257,1.980141,-5.815337,57.688686,2.245239,0.322816,-0.292278,2.745836
-6.999672,68.282947,-0.225633,1.316121,0.576994,1.610567,-7.007115,54.113085,2.350182,-0.880782,-0.333820,2.405146
-7.944470,65.289748,0.223819,0.382994,0.478705,1.128339,-7.960436,51.423812,2.438696,-1.941183,-0.295149,1.941871
-8.657649,63.095896,0.293265,-0.435387,0.410737,0.619376,-8.596036,49.689183,2.488365,-2.846084,-0.203013,1.414290
-9.190262,61.533114,0.203304,-1.137586,0.390281,0.198596,-8.942308,48.763547,2.477148,-3.608250,-0.108178,0.896696
-9.586515,60.300725,0.088001,-1.665421,0.428730,-0.021016,-9.109217,48.458343,2.400152,-4.189763,-0.054712,0.476319
-9.815695,59.096789,-0.003311,-1.951418,0.517223,-0.005462,-9.201916,48.619897,2.270403,-4.508238,-0.068853,0.218351
-9.830476,57.741212,-0.054977,-1.952377,0.618785,0.172630,-9.254654,49.047488,2.108388,-4.494024,-0.152350,0.147006
-9.644832,56.181599,-0.074907,-1.666352,0.690373,0.398396,-9.251755,49.465319,1.947076,-4.133467,-0.269089,0.231609
-9.326779,54.420764,-0.082339,-1.160721,0.700791,0.556667,-9.166160,49.609944,1.832534,-3.492118,-0.356286,0.393418
-8.963344,52.482903,-0.075194,-0.565692,0.645178,0.557362,-8.930163,49.251613,1.785329,-2.714652,-0.345208,0.553614
-8.569435,50.437492,-0.060604,-0.009699,0.555474,0.376091,-8.406321,48.240546,1.783852,-1.970263,-0.176420,0.661813
-8.099788,48.390057,-0.056223,0.410436,0.488791,0.062130,-7.496880,46.593620,1.792990,-1.395315,0.173543,0.688788
-7.553845,46.417186,-0.062682,0.632036,0.495292,-0.322397,-6.264879,44.459951,1.785001,-1.071147,0.669776,0.628693
-7.007492,44.546304,-0.064142,0.651440,0.602362,-0.698535,-4.886881,42.014318,1.728742,-1.000762,1.231403,0.507067
-6.504492,42.800000,-0.062139,0.529657,0.812130,-0.964684,-3.554967,39.444569,1.601713,-1.094859,1.759339,0.359969
-6.020517,41.218792,-0.062227,0.351616,1.091148,-1.051845,-2.431129,36.898210,1.403742,-1.216179,2.144875,0.219215
-5.521349,39.816831,-0.062783,0.195068,1.370529,-0.971794,-1.596709,34.364690,1.152699,-1.258397,2.292982,0.116228
-5.013777,38.504999,-0.062369,0.116371,1.575332,-0.778644,-1.048160,31.698454,0.881934,-1.183924,2.168005,0.076545
-4.527549,37.000597,-0.062539,0.124699,1.657474,-0.540486,-0.756850,28.714289,0.636998,-1.029085,1.812893,0.106284
-4.089508,34.869183,-0.062492,0.191645,1.602827,-0.309256,-0.665287,25.198683,0.440195,-0.882152,1.315086,0.192406
-3.677082,31.740206,-0.062501,0.280130,1.432141,-0.100340,-0.652298,21.015174,0.271643,-0.832171,0.779634,0.270157
-3.236284,27.473558,-0.062501,0.351670,1.194335,0.088837,-0.623105,16.232217,0.092827,-0.915566,0.306581,0.224701
-2.770012,22.142442,-0.062497,0.367077,0.942189,0.215660,-0.606087,11.065466,-0.128734,-1.113631,-0.033859,-0.034433
-2.366905,16.044919,-0.062508,0.315289,0.703311,0.218854,-0.680653,5.798060,-0.422206,-1.363874,-0.218772,-0.517942
-2.105900,9.719037,-0.062487,0.215460,0.484085,0.067375,-0.882050,0.791618,-0.796244,-1.584647,-0.261522,-1.176952
-2.009466,3.825415,-0.062515,0.096632,0.282202,-0.235934,-1.200570,-3.586779,-1.219540,-1.715725,-0.209179,-1.908179
-2.078258,-1.038028,-0.062496,-0.016067,0.090923,-0.675763,-1.594913,-7.068776,-1.630470,-1.750606,-0.126486,-2.558292
-2.315164,-4.485564,-0.062509,-0.108057,-0.088937,-1.202701,-2.013656,-9.495859,-1.960726,-1.717735,-0.054387,-2.965204
-2.694342,-6.500110,-0.062500,-0.188948,-0.225357,-1.723590,-2.420993,-10.852227,-2.154118,-1.659399,0.021240,-3.016625
-3.150993,-7.400042,-0.062173,-0.271799,-0.271728,-2.104904,-2.774759,-11.319256,-2.188928,-1.614390,0.133847,-2.681592
-3.583011,-7.592649,-0.062320,-0.351519,-0.198221,-2.223162,-3.006915,-11.167498,-2.079512,-1.600351,0.299606,-2.050501
-3.880880,-7.399924,-0.064267,-0.412468,-0.001843,-2.027262,-3.072031,-10.626942,-1.858564,-1.603847,0.511407,-1.313280
-3.985014,-7.073301,-0.065306,-0.442084,0.292390,-1.577291,-2.991079,-9.891963,-1.565098,-1.599534,0.748149,-0.654280
-3.907486,-6.769987,-0.060648,-0.428661,0.624610,-1.006167,-2.818920,-9.119639,-1.243553,-1.564869,0.977625,-0.173739
-3.678630,-6.528689,-0.050748,-0.373634,0.920474,-0.458692,-2.598362,-8.396697,-0.932875,-1.495117,1.169427,0.097402
-3.323964,-6.314322,-0.044658,-0.298673,1.118447,-0.047627,-2.363303,-7.768160,-0.656067,-1.411870,1.296456,0.179475
0.431270,1.457228,0.085668,0.223670,0.575913,-0.015639,-0.421355,-1.540308,-0.001066,-0.268524,-0.143440,-0.123756
0.319755,0.002691,-0.002659,0.293399,0.564673,-0.016506,-0.030954,-1.064007,-0.014121,-0.175160,-0.105026,-0.072587
0.135698,-1.637078,-0.066539,0.336345,0.530780,-0.024510,0.268386,-0.596913,-0.036204,-0.088279,-0.080123,-0.049052
-0.076204,-3.166150,-0.116400,0.332709,0.476951,-0.036626,0.450381,-0.253906,-0.073744,-0.034423,-0.076016,-0.066331
-0.256867,-4.286092,-0.163356,0.276946,0.409956,-0.048258,0.514762,-0.111375,-0.130983,-0.031229,-0.093932,-0.124972
-0.356375,-4.806880,-0.213601,0.180239,0.339682,-0.055963,0.486806,-0.172755,-0.205082,-0.078502,-0.128940,-0.210543
-0.354296,-4.727892,-0.265662,0.067062,0.276524,-0.058573,0.408846,-0.366947,-0.284539,-0.156014,-0.171296,-0.297697
-0.257455,-4.192740,-0.311537,-0.032917,0.230656,-0.055972,0.325295,-0.589479,-0.352982,-0.232823,-0.208858,-0.358654
-0.088683,-3.388935,-0.341142,-0.094651,0.209792,-0.049548,0.272096,-0.743259,-0.394417,-0.280694,-0.231058,-0.376849
0.106363,-2.518687,-0.348320,-0.106233,0.213914,-0.042655,0.265459,-0.762657,-0.398654,-0.282319,-0.232307,-0.355037
0.258583,-1.748045,-0.337512,-0.072585,0.236553,-0.038753,0.286690,-0.645305,-0.367964,-0.239503,-0.213901,-0.313923
0.301429,-1.158664,-0.319282,-0.011752,0.268459,-0.039447,0.289686,-0.450955,-0.317638,-0.172603,-0.184482,-0.280938
0.202367,-0.762068,-0.300013,0.053241,0.300353,-0.044366,0.235253,-0.257668,-0.267388,-0.109127,-0.156468,-0.279277
-0.024214,-0.534364,-0.278376,0.102452,0.326499,-0.051297,0.115974,-0.124475,-0.231308,-0.071682,-0.138494,-0.317002
-0.321242,-0.408715,-0.250825,0.124716,0.348421,-0.057556,-0.042890,-0.077971,-0.213476,-0.072414,-0.131306,-0.382476
-0.612179,-0.309980,-0.215709,0.119137,0.372607,-0.061868,-0.197983,-0.105445,-0.206830,-0.107728,-0.129140,-0.446547
-0.832911,-0.196368,-0.175498,0.092037,0.405759,-0.064363,-0.311860,-0.171578,-0.197790,-0.160413,-0.124089,-0.476262
-0.948345,-0.052226,-0.135011,0.053846,0.451017,-0.065092,-0.368707,-0.248673,-0.174717,-0.209413,-0.109742,-0.449957
-0.948556,0.142953,-0.098256,0.016333,0.506395,-0.064402,-0.368489,-0.328163,-0.131568,-0.238929,-0.084264,-0.367890
-0.848711,0.401986,-0.068378,-0.010907,0.563078,-0.063200,-0.322675,-0.421828,-0.067122,-0.243004,-0.051180,-0.252561
-0.686893,0.722017,-0.050333,-0.023519,0.609218,-0.062291,-0.257184,-0.561248,0.012881,-0.227523,-0.017794,-0.139330
-0.507860,1.083861,-0.046521,-0.021942,0.636595,-0.062019,-0.203517,-0.777613,0.096055,-0.205379,0.007405,-0.060396
-0.346531,1.446106,-0.052226,-0.009119,0.643110,-0.062378,-0.179905,-1.072980,0.169294,-0.188134,0.017181,-0.036476
-0.222594,1.751134,-0.058664,0.011951,0.629906,-0.062773,-0.185116,-1.415438,0.224617,-0.181347,0.008672,-0.073894
-0.141844,1.956201,-0.059519,0.038860,0.599864,-0.062606,-0.205864,-1.751110,0.260300,-0.184361,-0.015865,-0.162241
-0.106340,2.041153,-0.053805,0.068487,0.556462,-0.061658,-0.232361,-2.024413,0.280207,-0.190662,-0.050526,-0.276870
-0.125134,1.998908,-0.046275,0.096151,0.503166,-0.060525,-0.273026,-2.202398,0.290904,-0.191134,-0.088278,-0.388135
-0.212125,1.833253,-0.044154,0.119071,0.445182,-0.061080,-0.352771,-2.289643,0.296523,-0.178652,-0.122814,-0.468772
-0.370830,1.564896,-0.054155,0.138881,0.391424,-0.065507,-0.493014,-2.323216,0.297391,-0.151288,-0.149480,-0.501299
-0.586231,1.226414,-0.081719,0.159354,0.349152,-0.073443,-0.699891,-2.364960,0.292245,-0.113207,-0.165641,-0.485178
-0.826394,0.849386,-0.130526,0.184014,0.319915,-0.081038,-0.965208,-2.487311,0.277213,-0.072531,-0.171543,-0.430966
-1.047511,0.454387,-0.200163,0.216401,0.302625,-0.081537,-1.268106,-2.746454,0.246678,-0.037423,-0.170659,-0.351811
-1.206320,0.051073,-0.284083,0.257606,0.296130,-0.067365,-1.578978,-3.150278,0.199521,-0.016959,-0.168429,-0.265705
-1.276738,-0.356746,-0.367849,0.301820,0.296242,-0.034052,-1.866686,-3.652095,0.140743,-0.021034,-0.169855,-0.195985
-1.250385,-0.757839,-0.432999,0.336772,0.297501,0.016872,-2.097237,-4.160865,0.078772,-0.052883,-0.175813,-0.158210
-1.128334,-1.127456,-0.466090,0.350184,0.297462,0.078819,-2.235730,-4.572262,0.023072,-0.101702,-0.181592,-0.158573
-0.919158,-1.430484,-0.465230,0.337298,0.294263,0.137906,-2.263724,-4.814142,-0.018913,-0.148229,-0.182539,-0.195949
-0.645406,-1.626256,-0.437496,0.304032,0.284695,0.175081,-2.190981,-4.863226,-0.045205,-0.176088,-0.179058,-0.259993
-0.346627,-1.675666,-0.394592,0.261078,0.271002,0.177896,-2.041356,-4.710715,-0.055742,-0.181871,-0.171775,-0.337314
-0.086683,-1.571408,-0.347013,0.213537,0.255602,0.147693,-1.847057,-4.359734,-0.051489,-0.178377,-0.159221,-0.421226
0.057893,-1.351325,-0.299098,0.157153,0.231360,0.096428,-1.642055,-3.863814,-0.038122,-0.189865,-0.143904,-0.501107
0.015710,-1.111249,-0.250526,0.082088,0.191545,0.046572,-1.459027,-3.318726,-0.024677,-0.244100,-0.134329,-0.565989
-0.258331,-0.975680,-0.199194,-0.023455,0.146822,0.023251,-1.315431,-2.792117,-0.014644,-0.369203,-0.134541,-0.613557
-0.754339,-1.023946,-0.138853,-0.173452,0.124749,0.040382,-1.189271,-2.276640,-0.007209,-0.582148,-0.132829,-0.638069
-1.349118,-1.209892,-0.061913,-0.381814,0.163820,0.097921,-0.980642,-1.660839,0.000894,-0.868736,-0.100057,-0.615874
-1.798498,-1.337781,0.025093,-0.646565,0.298982,0.186277,-0.522767,-0.751414,0.016916,-1.175775,-0.005472,-0.533458
-1.798430,-1.045830,0.100070,-0.930585,0.529652,0.276067,0.364708,0.615482,0.052815,-1.430340,0.159045,-0.402579
-1.107641,0.081949,0.146470,-1.169589,0.804303,0.321825,1.770452,2.520094,0.120237,-1.567925,0.366584,-0.253601
0.321333,2.314472,0.160476,-1.306547,1.048386,0.289583,3.577275,5.046367,0.230351,-1.552708,0.566014,-0.139360
2.242652,5.644050,0.131430,-1.321379,1.183806,0.167075,5.394890,8.261735,0.385314,-1.385685,0.699936,-0.125728
4.208224,9.903286,0.054718,-1.238561,1.137322,-0.047035,6.720010,12.034768,0.569690,-1.101222,0.722753,-0.237289
5.748599,14.882296,-0.043546,-1.109837,0.881220,-0.327746,7.197842,15.962213,0.753540,-0.757140,0.616673,-0.448392
6.567601,20.421611,-0.111628,-0.981816,0.470631,-0.614807,6.843310,19.466850,0.913254,-0.423676,0.404719,-0.704398
6.693982,26.472566,-0.091950,-0.881084,0.023948,-0.834919,6.112640,21.940494,1.042002,-0.169070,0.149860,-0.929102
6.548794,33.076910,0.065273,-0.823431,-0.319371,-0.928788,5.805760,22.953620,1.147987,-0.040297,-0.066638,-1.044686
6.790207,40.221559,0.334105,-0.810835,-0.449658,-0.871146,6.743846,22.399102,1.250467,-0.049736,-0.183992,-1.030797
8.117764,47.800652,0.561400,-0.815145,-0.346399,-0.699032,9.453981,20.423159,1.388310,-0.176699,-0.189608,-0.927126
11.021631,55.461036,0.516174,-0.793982,-0.092993,-0.506281,13.896863,17.386580,1.615200,-0.380911,-0.123625,-0.800906
15.508552,62.475530,-0.017514,-0.719164,0.179211,-0.387089,19.314204,13.990592,1.987639,-0.604920,-0.058169,-0.731958
20.927532,67.920229,-1.194669,-0.582216,0.344736,-0.392962,24.313996,11.195695,2.545936,-0.774861,-0.055447,-0.780472
26.165845,71.164219,-3.009234,-0.387676,0.317222,-0.543500,27.387725,9.866157,3.292450,-0.811157,-0.129171,-0.921593
29.934312,72.158335,-5.203157,-0.138111,0.095792,-0.814964,27.478562,10.509151,4.171610,-0.647218,-0.244770,-1.069335
31.085532,71.461815,-7.325707,0.203454,-0.220105,-1.120089,24.309212,13.209485,5.083552,-0.236089,-0.344369,-1.134053
28.919572,70.007676,-8.866442,0.694759,-0.487643,-1.347685,18.399242,17.637322,5.900994,0.426717,-0.371118,-1.058948
23.363278,68.727499,-9.358770,1.341812,-0.583526,-1.419524,10.829131,23.208575,6.473883,1.276245,-0.293805,-0.849215
14.903393,68.208269,-8.581233,2.077477,-0.442313,-1.301008,2.787598,29.271952,6.650137,2.187669,-0.122764,-0.583423
4.627680,68.684518,-6.741474,2.815736,-0.084443,-1.009974,-4.686846,35.183070,6.341952,3.028454,0.100365,-0.347858
-5.890777,70.063813,-4.395390,3.482129,0.394196,-0.615554,-10.781158,40.401012,5.567101,3.690398,0.321798,-0.183615
-14.991424,71.983320,-2.220424,4.046897,0.874146,-0.181867,-14.986245,44.706092,4.450096,4.122536,0.486257,-0.084856
-21.399289,74.013239,-0.854862,4.549210,1.251680,0.278056,-17.194676,48.274207,3.197725,4.353856,0.557216,-0.015725
-24.432416,75.925703,-0.714627,5.063851,1.458140,0.752404,-17.578114,51.529524,2.045115,4.473691,0.537383,0.087933
-24.144371,77.761608,-1.815220,5.634865,1.483822,1.194762,-16.439473,54.909112,1.174996,4.579868,0.463913,0.283380
-21.229107,79.719320,-3.824523,6.278950,1.377828,1.564087,-14.170396,58.665665,0.682385,4.760004,0.382866,0.604443
-16.746183,81.881554,-6.196926,6.954986,1.209065,1.839770,-11.239275,62.700735,0.572521,5.043408,0.326072,1.041530
-11.855858,84.033315,-8.256177,7.519629,1.032490,2.010707,-8.145206,66.566027,0.763339,5.345453,0.294085,1.527682
-7.652465,85.700766,-9.405375,7.778301,0.887783,2.102648,-5.427695,69.617153,1.110264,5.496657,0.266273,1.975766
-4.811945,86.370387,-9.405163,7.606054,0.797801,2.166024,-3.545984,71.256058,1.475635,5.352703,0.223069,2.341782
-3.441752,85.679603,-8.367702,6.975976,0.763597,2.221948,-2.683342,71.123940,1.769508,4.842701,0.155552,2.620825
-3.250664,83.549325,-6.614604,5.972391,0.765904,2.257901,-2.725798,69.215516,1.957658,3.979980,0.059524,2.821005
-3.827613,80.221095,-4.579492,4.768823,0.773244,2.259133,-3.433888,65.893786,2.063651,2.856322,-0.060435,2.933363
-4.790197,76.181995,-2.686715,3.539257,0.750023,2.188014,-4.548428,61.811189,2.147433,1.600573,-0.188332,2.921997
-5.900503,72.022235,-1.196617,2.374020,0.679257,1.980141,-5.815337,57.688686,2.245239,0.322816,-0.292278,2.745836
-6.999672,68.282947,-0.225633,1.316121,0.576994,1.610567,-7.007115,54.113085,2.350182,-0.880782,-0.333820,2.405146
-7.944470,65.289748,0.223819,0.382994,0.478705,1.128339,-7.960436,51.423812,2.438696,-1.941183,-0.295149,1.941871
-8.657649,63.095896,0.293265,-0.435387,0.410737,0.619376,-8.596036,49.689183,2.488365,-2.846084,-0.203013,1.414290
-9.190262,61.533114,0.203304,-1.137586,0.390281,0.198596,-8.942308,48.763547,2.477148,-3.608250,-0.108178,0.896696
-9.586515,60.300725,0.088001,-1.665421,0.428730,-0.021016,-9.109217,48.458343,2.400152,-4.189763,-0.054712,0.476319
-9.815695,59.096789,-0.003311,-1.951418,0.517223,-0.005462,-9.201916,48.619897,2.270403,-4.508238,-0.068853,0.218351
-9.830476,57.741212,-0.054977,-1.952377,0.618785,0.172630,-9.254654,49.047488,2.108388,-4.494024,-0.152350,0.147006
-9.644832,56.181599,-0.074907,-1.666352,0.690373,0.398396,-9.251755,49.465319,1.947076,-4.133467,-0.269089,0.231609
-9.326779,54.420764,-0.082339,-1.160721,0.700791,0.556667,-9.166160,49.609944,1.832534,-3.492118,-0.356286,0.393418
-8.963344,52.482903,-0.075194,-0.565692,0.645178,0.557362,-8.930163,49.251613,1.785329,-2.714652,-0.345208,0.553614
-8.569435,50.437492,-0.060604,-0.009699,0.555474,0.376091,-8.406321,48.240546,1.783852,-1.970263,-0.176420,0.661813
-8.099788,48.390057,-0.056223,0.410436,0.488791,0.062130,-7.496880,46.593620,1.792990,-1.395315,0.173543,0.688788
-7.553845,46.417186,-0.062682,0.632036,0.495292,-0.322397,-6.264879,44.459951,1.785001,-1.071147,0.669776,0.628693
-7.007492,44.546304,-0.064142,0.651440,0.602362,-0.698535,-4.886881,42.014318,1.728742,-1.000762,1.231403,0.507067
-6.504492,42.800000,-0.062139,0.529657,0.812130,-0.964684,-3.554967,39.444569,1.601713,-1.094859,1.759339,0.359969
-6.020517,41.218792,-0.062227,0.351616,1.091148,-1.051845,-2.431129,36.898210,1.403742,-1.216179,2.144875,0.219215
-5.521349,39.816831,-0.062783,0.195068,1.370529,-0.971794,-1.596709,34.364690,1.152699,-1.258397,2.292982,0.116228
-5.013777,38.504999,-0.062369,0.116371,1.575332,-0.778644,-1.048160,31.698454,0.881934,-1.183924,2.168005,0.076545
-4.527549,37.000597,-0.062539,0.124699,1.657474,-0.540486,-0.756850,28.714289,0.636998,-1.029085,1.812893,0.106284
-4.089508,34.869183,-0.062492,0.191645,1.602827,-0.309256,-0.665287,25.198683,0.440195,-0.882152,1.315086,0.192406
-3.677082,31.740206,-0.062501,0.280130,1.432141,-0.100340,-0.652298,21.015174,0.271643,-0.832171,0.779634,0.270157
-3.236284,27.473558,-0.062501,0.351670,1.194335,0.088837,-0.623105,16.232217,0.092827,-0.915566,0.306581,0.224701
-2.770012,22.142442,-0.062497,0.367077,0.942189,0.215660,-0.606087,11.065466,-0.128734,-1.113631,-0.033859,-0.034433
-2.366905,16.044919,-0.062508,0.315289,0.703311,0.218854,-0.680653,5.798060,-0.422206,-1.363874,-0.218772,-0.517942
-2.105900,9.719037,-0.062487,0.215460,0.484085,0.067375,-0.882050,0.791618,-0.796244,-1.584647,-0.261522,-1.176952
-2.009466,3.825415,-0.062515,0.096632,0.282202,-0.235934,-1.200570,-3.586779,-1.219540,-1.715725,-0.209179,-1.908179
-2.078258,-1.038028,-0.062496,-0.016067,0.090923,-0.675763,-1.594913,-7.068776,-1.630470,-1.750606,-0.126486,-2.558292
-2.315164,-4.485564,-0.062509,-0.108057,-0.088937,-1.202701,-2.013656,-9.495859,-1.960726,-1.717735,-0.054387,-2.965204
-2.694342,-6.500110,-0.062500,-0.188948,-0.225357,-1.723590,-2.420993,-10.852227,-2.154118,-1.659399,0.021240,-3.016625
-3.150993,-7.400042,-0.062173,-0.271799,-0.271728,-2.104904,-2.774759,-11.319256,-2.188928,-1.614390,0.133847,-2.681592
-3.583011,-7.592649,-0.062320,-0.351519,-0.198221,-2.223162,-3.006915,-11.167498,-2.079512,-1.600351,0.299606,-2.050501
-3.880880,-7.399924,-0.064267,-0.412468,-0.001843,-2.027262,-3.072031,-10.626942,-1.858564,-1.603847,0.511407,-1.313280
-3.985014,-7.073301,-0.065306,-0.442084,0.292390,-1.577291,-2.991079,-9.891963,-1.565098,-1.599534,0.748149,-0.654280
-3.907486,-6.769987,-0.060648,-0.428661,0.624610,-1.006167,-2.818920,-9.119639,-1.243553,-1.564869,0.977625,-0.173739
-3.678630,-6.528689,-0.050748,-0.373634,0.920474,-0.458692,-2.598362,-8.396697,-0.932875,-1.495117,1.169427,0.097402
-3.323964,-6.314322,-0.044658,-0.298673,1.118447,-0.047627,-2.363303,-7.768160,-0.656067,-1.411870,1.296456,0.179475
-2.887143,-6.068019,-0.054908,-0.233476,1.179535,0.155293,-2.150971,-7.250962,-0.423888,-1.352584,1.336867,0.130111
-2.433220,-5.737554,-0.090537,-0.204159,1.094127,0.127820,-1.997092,-6.819176,-0.242516,-1.341701,1.287494,0.024582
-2.887143,-6.068019,-0.054908,-0.233476,1.179535,0.155293,-2.150971,-7.250962,-0.423888,-1.352584,1.336867,0.130111
-2.019363,-5.331941,-0.146485,-0.227003,0.891286,-0.095930,-1.925314,-6.415132,-0.115073,-1.379178,1.172446,-0.068104
-1.684769,-4.897290,-0.197752,-0.295003,0.622421,-0.425962,-1.940272,-5.965085,-0.039576,-1.443906,1.020149,-0.105197
-1.445795,-4.445548,-0.206907,-0.377701,0.338231,-0.754438,-2.032244,-5.368696,-0.006188,-1.503138,0.849652,-0.091030
-1.288226,-3.944520,-0.135252,-0.435891,0.086405,-0.991836,-2.194066,-4.509882,-0.000454,-1.521618,0.678742,-0.058767
-1.179816,-3.366519,0.053267,-0.432932,-0.091030,-1.081325,-2.426272,-3.300050,-0.009995,-1.470806,0.528709,-0.027785
-1.091805,-2.709590,0.375357,-0.345425,-0.171124,-1.002947,-2.714551,-1.736879,-0.025359,-1.336131,0.418468,0.008719
-0.999818,-2.002120,0.808024,-0.174757,-0.155211,-0.778603,-3.004385,0.066076,-0.039527,-1.124910,0.359820,0.055734
-0.878423,-1.296729,1.288396,0.054739,-0.063980,-0.466968,-3.209686,1.901964,-0.048660,-0.867883,0.348538,0.100518
-0.704557,-0.653561,1.734878,0.305131,0.068547,-0.147734,-3.243690,3.538979,-0.052388,-0.614447,0.363727,0.121176
-0.465350,-0.120706,2.074326,0.530481,0.206523,0.101485,-3.053920,4.784586,-0.052856,-0.419993,0.380581,0.106204
-0.169394,0.282510,2.271947,0.686549,0.322179,0.232502,-2.648950,5.556190,-0.054529,-0.326719,0.380319,0.061788
0.155722,0.571789,2.342854,0.740088,0.397836,0.247995,-2.095484,5.902908,-0.061259,-0.351582,0.352586,-0.003044
0.479534,0.785151,2.335678,0.672793,0.425697,0.190613,-1.493312,5.955743,-0.073470,-0.488105,0.300873,-0.080834
0.782058,0.967664,2.307510,0.488335,0.410038,0.104045,-0.957420,5.866453,-0.087710,-0.707332,0.239711,-0.161358
1.043785,1.162728,2.313523,0.220169,0.364198,0.016925,-0.585581,5.786199,-0.097944,-0.958324,0.183131,-0.235888
1.241580,1.401367,2.392131,-0.074598,0.306092,-0.047542,-0.408300,5.824700,-0.093046,-1.187496,0.142526,-0.303052
1.359056,1.684875,2.547478,-0.333614,0.251487,-0.074976,-0.371689,6.002279,-0.061475,-1.359624,0.126893,-0.367564
1.413231,1.969227,2.747734,-0.506052,0.205501,-0.083420,-0.369382,6.258922,-0.000139,-1.458953,0.136269,-0.445089
1.456718,2.202557,2.945691,-0.565155,0.164509,-0.108548,-0.291533,6.524593,0.085127,-1.489498,0.166384,-0.536960
1.537941,2.379645,3.108121,-0.518535,0.124702,-0.178619,-0.075196,6.756433,0.183673,-1.476455,0.217113,-0.604800
1.649532,2.527743,3.239899,-0.408235,0.081316,-0.317759,0.275867,6.956473,0.280274,-1.450262,0.287603,-0.587911
1.750437,2.676023,3.370598,-0.292964,0.027309,-0.545637,0.727752,7.176105,0.362628,-1.432421,0.370963,-0.459942
1.825302,2.891070,3.515655,-0.223695,-0.039528,-0.866916,1.260729,7.458538,0.429475,-1.437604,0.452982,-0.251263
1.925587,3.201779,3.652206,-0.226726,-0.115180,-1.305801,1.870330,7.754784,0.490401,-1.468243,0.506868,-0.049134
2.147727,3.485910,3.732150,-0.301570,-0.193738,-1.910908,2.552233,7.882401,0.552447,-1.511076,0.498660,0.019192
2.578896,3.473999,3.705363,-0.423733,-0.266242,-2.688878,3.287575,7.546971,0.607343,-1.555202,0.405619,-0.181562
3.236356,2.829450,3.534535,-0.557431,-0.324248,-3.580693,4.013683,6.429552,0.629465,-1.596533,0.229189,-0.747053
4.062928,1.276918,3.197420,-0.674738,-0.372591,-4.533311,4.614258,4.390756,0.595340,-1.621391,-0.001496,-1.711758
4.934268,-1.205461,2.701079,-0.764686,-0.424800,-5.510395,4.943413,1.614700,0.503715,-1.618375,-0.235923,-3.018722
5.650698,-4.408651,2.103580,-0.833413,-0.489783,-6.459769,4.853481,-1.477381,0.369310,-1.598901,-0.421210,-4.529429
5.949440,-8.086178,1.515048,-0.910275,-0.573763,-7.346540,4.234557,-4.376707,0.207524,-1.593511,-0.519578,-6.083326
5.624986,-11.985089,1.047203,-1.037720,-0.680323,-8.171776,3.092118,-6.635744,0.031534,-1.645039,-0.511110,-7.554800
4.649851,-15.694132,0.754029,-1.244109,-0.801890,-8.930142,1.589399,-8.162639,-0.162241,-1.797911,-0.395824,-8.850167
3.209814,-18.764391,0.613536,-1.527436,-0.922321,-9.617601,-0.004698,-9.215068,-0.387589,-2.059806,-0.195434,-9.881557
1.631544,-20.917594,0.562922,-1.854699,-1.023266,-10.231045,-1.413411,-10.068576,-0.640223,-2.381657,0.050838,-10.545768
0.246296,-22.249799,0.555217,-2.156099,-1.081971,-10.685410,-2.437091,-10.870203,-0.899185,-2.678232,0.294523,-10.733655
-0.744372,-23.410036,0.594185,-2.337590,-1.075781,-10.806236,-3.013810,-11.689538,-1.138727,-2.854199,0.492909,-10.354544
-1.280169,-25.254921,0.704834,-2.323891,-0.992815,-10.453585,-3.202440,-12.449126,-1.314945,-2.829839,0.632192,-9.372098
-1.399690,-28.107642,0.896310,-2.085097,-0.825870,-9.569588,-3.114159,-13.036512,-1.379935,-2.582048,0.727072,-7.832858
-1.223201,-31.701522,1.162440,-1.635098,-0.562790,-8.156376,-2.878106,-13.586140,-1.332783,-2.149404,0.802300,-5.893388
-0.938995,-35.561679,1.490091,-1.039606,-0.202444,-6.337584,-2.649684,-14.419925,-1.225042,-1.608946,0.877761,-3.825410
-0.720574,-39.154609,1.842035,-0.412387,0.227220,-4.375375,-2.582894,-15.799588,-1.123435,-1.058947,0.963827,-1.947292
-0.657000,-41.892395,2.147476,0.131636,0.669383,-2.564069,-2.778102,-18.048918,-1.104693,-0.592328,1.058382,-0.519130
-0.741669,-43.286286,2.315791,0.517746,1.049342,-1.147018,-3.260813,-21.309503,-1.221033,-0.253059,1.148487,0.336088
-0.916396,-43.043204,2.278722,0.724521,1.297008,-0.262860,-3.993046,-24.940920,-1.427871,-0.031293,1.203610,0.650144
-1.139317,-41.323477,2.040786,0.791550,1.375703,0.135843,-4.887314,-27.689089,-1.607783,0.113060,1.181314,0.575883
-1.428549,-39.041447,1.691347,0.809374,1.294017,0.257817,-5.824450,-28.325159,-1.639774,0.229663,1.053886,0.318443
-1.804254,-37.224063,1.336134,0.868520,1.098712,0.332827,-6.640934,-26.019750,-1.429133,0.363880,0.835630,0.085240
-2.228349,-35.895458,1.030627,1.028711,0.864366,0.550861,-7.129663,-20.837485,-0.958353,0.542572,0.577281,0.044166
-2.609239,-34.284171,0.782162,1.333208,0.677688,1.062360,-7.113831,-14.147051,-0.353800,0.794653,0.342681,0.277629
-2.827413,-31.770340,0.579840,1.812037,0.603653,1.904442,-6.533674,-8.129161,0.153888,1.162012,0.179842,0.739267
-2.739425,-28.252346,0.409472,2.461303,0.653777,2.965102,-5.457658,-4.924096,0.328120,1.672207,0.104709,1.301021
-2.202275,-24.147022,0.264998,3.251847,0.782303,4.061377,-4.029777,-6.272535,-0.018043,2.311141,0.103034,1.816627
-1.105657,-20.095603,0.140707,4.132661,0.909432,4.999846,-2.397224,-12.926883,-0.947996,3.025101,0.145447,2.153162
0.571801,-16.383392,0.023870,5.013498,0.962947,5.612063,-0.680814,-23.751709,-2.298608,3.724176,0.192854,2.217173
2.705058,-12.987088,-0.090843,5.783835,0.914297,5.807163,1.009299,-36.011995,-3.725316,4.310803,0.209276,1.996502
5.015593,-10.441686,-0.178689,6.363533,0.783291,5.576927,2.555154,-46.496837,-4.848144,4.724490,0.178311,1.550479
7.165616,-9.836470,-0.203830,6.720136,0.617902,4.950485,3.851888,-52.541080,-5.383553,4.969489,0.108778,0.990309
8.877526,-11.790732,-0.154987,6.865730,0.475780,4.018521,4.837679,-53.036498,-5.258906,5.093624,0.026185,0.453974
10.016834,-16.221582,-0.047492,6.855471,0.405541,2.953942,5.507588,-48.943335,-4.654726,5.159110,-0.039553,0.055779
10.599115,-22.855357,0.100101,6.758608,0.419868,1.942693,5.913613,-42.571920,-3.896974,5.216644,-0.073293,-0.171393
10.731757,-31.094141,0.269658,6.622044,0.485684,1.114076,6.150301,-36.455372,-3.302268,5.285180,-0.079816,-0.248981
10.543674,-39.945619,0.442167,6.467712,0.550140,0.548815,6.328169,-32.542187,-3.067986,5.342722,-0.073680,-0.218438
10.170687,-48.124121,0.595982,6.286293,0.571846,0.260619,6.572155,-31.520984,-3.199439,5.336904,-0.066478,-0.139386
9.738378,-54.038805,0.709229,6.016929,0.538038,0.187580,6.998192,-32.468049,-3.505407,5.193056,-0.063955,-0.072900
9.333986,-56.334783,0.763998,5.586094,0.470374,0.237978,7.666391,-33.609428,-3.720730,4.846760,-0.062088,-0.042734
9.014738,-55.118409,0.773891,4.969640,0.408041,0.331070,8.565051,-33.445924,-3.659479,4.285937,-0.051197,-0.041615
8.849479,-51.894256,0.791824,4.211761,0.375411,0.382359,9.636573,-31.383095,-3.302070,3.568914,-0.025374,-0.052823
8.935262,-48.172993,0.859800,3.397667,0.374931,0.337505,10.799744,-27.923579,-2.792512,2.784283,0.015850,-0.065223
9.373366,-44.593260,0.959155,2.612218,0.395776,0.197789,11.962320,-24.237947,-2.320075,2.002415,0.072105,-0.073360
10.208502,-41.177235,1.032401,1.901842,0.404664,-0.018262,13.025525,-21.338302,-1.993573,1.268356,0.134517,-0.077477
11.376627,-37.491574,1.018079,1.287316,0.354656,-0.302945,13.917125,-19.652249,-1.812524,0.630218,0.188739,-0.070248
12.721052,-33.161352,0.883998,0.790422,0.228036,-0.624949,14.628872,-19.043671,-1.708065,0.145432,0.224182,-0.041759
14.064539,-28.355020,0.661702,0.426547,0.051995,-0.950749,15.215567,-18.956204,-1.596281,-0.140102,0.237538,0.004746
15.260129,-23.565016,0.444415,0.177022,-0.124997,-1.261470,15.749068,-18.702259,-1.443268,-0.230757,0.228953,0.039464
16.177418,-19.235304,0.324312,0.001839,-0.252423,-1.518302,16.261394,-17.818310,-1.280208,-0.187891,0.204078,0.024043
16.685773,-16.004068,0.361923,-0.138882,-0.299532,-1.662106,16.698243,-16.244500,-1.168574,-0.095922,0.164169,-0.065626
16.653029,-14.486719,0.590205,-0.262639,-0.276639,-1.675995,16.904855,-14.248217,-1.168709,-0.019092,0.101083,-0.233870
15.945272,-14.651000,0.975945,-0.362475,-0.213190,-1.575553,16.647112,-12.229790,-1.303574,0.001110,0.008841,-0.474134
14.435000,-15.628126,1.386493,-0.429295,-0.122330,-1.378991,15.658397,-10.373979,-1.494420,-0.065842,-0.102462,-0.744144
12.071982,-16.304358,1.661156,-0.469915,-0.013363,-1.120434,13.740250,-8.592706,-1.598044,-0.228223,-0.217969,-0.971415
8.970545,-15.818905,1.693844,-0.485634,0.095541,-0.847440,10.915894,-6.780339,-1.509381,-0.450241,-0.319391,-1.089407
5.452108,-13.932443,1.467989,-0.467297,0.197783,-0.582629,7.500177,-4.983986,-1.214289,-0.665529,-0.386409,-1.067375
1.999872,-11.055966,1.065204,-0.410961,0.298905,-0.346737,3.996512,-3.354951,-0.783024,-0.810286,-0.404190,-0.914452
-0.866629,-7.852960,0.628106,-0.327507,0.395645,-0.171744,0.926547,-2.082138,-0.342997,-0.855265,-0.371063,-0.687175
-2.790541,-4.802819,0.270742,-0.232139,0.476321,-0.063421,-1.331965,-1.246641,-0.004025,-0.810542,-0.295318,-0.458939
-3.692914,-2.237941,0.041866,-0.133335,0.525849,0.002945,-2.650889,-0.804603,0.195327,-0.701628,-0.201152,-0.278342
-3.726678,-0.387801,-0.044559,-0.022453,0.525812,0.038247,-3.130582,-0.662863,0.270922,-0.549162,-0.120041,-0.160924
-3.178213,0.685212,-0.002980,0.112433,0.472549,0.045110,-3.001391,-0.720482,0.259613,-0.377137,-0.073648,-0.111311
-2.406602,1.137936,0.109288,0.263556,0.390751,0.034548,-2.561251,-0.823216,0.216317,-0.218087,-0.065828,-0.114847
-1.739524,1.222539,0.226798,0.404048,0.311095,0.017649,-2.098788,-0.856421,0.183846,-0.100747,-0.095020,-0.145967
-1.378341,1.182764,0.309803,0.504331,0.247965,0.003572,-1.793877,-0.806237,0.168615,-0.040749,-0.155842,-0.188481
-1.388656,1.191342,0.344643,0.538014,0.203978,0.008693,-1.703916,-0.706112,0.156713,-0.045316,-0.239923,-0.240815
-1.742162,1.316056,0.340716,0.491576,0.174576,0.036639,-1.837700,-0.573547,0.131979,-0.116058,-0.333693,-0.306509
-2.365454,1.535377,0.316737,0.373318,0.148855,0.074061,-2.202920,-0.405501,0.083693,-0.245575,-0.417003,-0.392220
-3.218004,1.826842,0.275624,0.209883,0.119618,0.114747,-2.822868,-0.144694,0.019664,-0.413264,-0.467245,-0.493442
-4.294923,2.187653,0.209219,0.040304,0.089382,0.164411,-3.711714,0.261759,-0.038974,-0.585154,-0.471643,-0.586352
-5.524317,2.611577,0.123764,-0.095552,0.062790,0.217683,-4.792777,0.809192,-0.077456,-0.724136,-0.428188,-0.640042
-6.719744,3.087884,0.040000,-0.173852,0.041112,0.258959,-5.873384,1.466872,-0.094061,-0.804297,-0.349175,-0.642924
-7.647587,3.631408,-0.026400,-0.191542,0.023532,0.274337,-6.723983,2.220583,-0.090345,-0.815556,-0.262601,-0.607183
-8.096035,4.257132,-0.069101,-0.156847,0.007616,0.255218,-7.145188,2.994440,-0.072106,-0.760280,-0.201884,-0.552954
-7.938751,4.918625,-0.087372,-0.087359,-0.010658,0.202825,-7.008978,3.626890,-0.053751,-0.654572,-0.190728,-0.495388
-7.204702,5.512437,-0.087092,-0.007030,-0.030761,0.133534,-6.329268,3.955455,-0.051350,-0.530006,-0.236904,-0.441685
-6.074896,5.938123,-0.077515,0.059438,-0.044520,0.066904,-5.281436,3.910664,-0.073349,-0.428520,-0.324777,-0.393189
-4.797448,6.149783,-0.067145,0.089681,-0.041730,0.014712,-4.121750,3.550416,-0.112578,-0.386682,-0.418381,-0.356224
-3.609836,6.197088,-0.061125,0.066678,-0.014893,-0.016817,-3.090451,3.083321,-0.146085,-0.418274,-0.480250,-0.350161
-2.677453,6.255381,-0.059923,-0.006510,0.040237,-0.025538,-2.343000,2.800941,-0.147819,-0.506506,-0.486635,-0.393941
-2.035933,6.584355,-0.061093,-0.105073,0.118201,-0.018351,-1.898107,2.953959,-0.095953,-0.612642,-0.432392,-0.489201
-1.597797,7.440883,-0.062397,-0.193392,0.198607,-0.008071,-1.663156,3.688763,0.029750,-0.693407,-0.338021,-0.627509
-1.231939,8.983485,-0.062853,-0.239508,0.255221,-0.005327,-1.512808,5.043712,0.243542,-0.718261,-0.243054,-0.799693
-0.836806,11.191759,-0.062681,-0.225435,0.269646,-0.015498,-1.332801,6.903070,0.541707,-0.676886,-0.180284,-0.979222
-0.380529,13.844702,-0.062444,-0.156817,0.238728,-0.034713,-1.040464,9.020373,0.899545,-0.578741,-0.159912,-1.117842
0.085567,16.632371,-0.062455,-0.057940,0.175550,-0.051469,-0.627395,11.149346,1.274453,-0.446165,-0.173468,-1.168928
0.455274,19.300908,-0.062516,0.038821,0.102360,-0.058030,-0.161280,13.156229,1.614504,-0.304136,-0.199549,-1.109811
0.635784,21.724482,-0.062505,0.108667,0.037420,-0.053691,0.257979,15.035282,1.875921,-0.167568,-0.215450,-0.957170
0.592426,23.920207,-0.062492,0.149549,-0.009909,-0.037793,0.538030,16.901283,2.033671,-0.030291,-0.211896,-0.766403
0.351333,26.026191,-0.062504,0.192554,-0.036315,-0.013964,0.620051,18.930839,2.073482,0.134956,-0.190931,-0.591618
-0.007466,28.174140,-0.062499,0.288655,-0.043572,0.006544,0.505845,21.220010,1.993951,0.359785,-0.157094,-0.453036
-0.371293,30.386646,-0.062500,0.487322,-0.038896,0.012355,0.242713,23.704262,1.819548,0.661729,-0.119143,-0.348405
-0.653317,32.576776,-0.062500,0.816748,-0.029998,0.000232,-0.113603,26.198697,1.597459,1.033160,-0.089277,-0.273044
-0.829981,34.576492,-0.062500,1.269975,-0.021233,-0.025501,-0.510379,28.443807,1.378733,1.435913,-0.073399,-0.218643
-0.930525,36.164432,-0.062500,1.795463,-0.012134,-0.051795,-0.890885,30.179427,1.205722,1.810590,-0.068009,-0.173859
-1.006393,37.177123,-0.062500,2.306986,-0.000024,-0.063537,-1.211031,31.286733,1.100133,2.097285,-0.066093,-0.130914
-1.113376,37.604767,-0.062500,2.709179,0.015612,-0.054280,-1.454671,31.845732,1.059846,2.255051,-0.061488,-0.086843
-1.297612,37.583606,-0.062500,2.933718,0.031143,-0.024839,-1.638055,32.057073,1.069096,2.272929,-0.053336,-0.047166
-1.593298,37.344631,-0.062500,2.964094,0.040437,0.023719,-1.798860,32.172290,1.107332,2.173480,-0.048237,-0.027476
-2.008952,37.171205,-0.062500,2.837842,0.036412,0.080475,-1.969379,32.462224,1.145843,2.000514,-0.051693,-0.033460
-2.499872,37.303786,-0.062500,2.621017,0.015670,0.125363,-2.146652,33.123388,1.160040,1.798961,-0.060756,-0.051588
-2.969414,37.881829,-0.062500,2.381489,-0.017610,0.143390,-2.296757,34.218053,1.148425,1.599634,-0.067974,-0.065441
-3.324758,38.956423,-0.062500,2.171716,-0.053085,0.130416,-2.378597,35.701652,1.132395,1.416398,-0.066198,-0.069022
-3.514585,40.478073,-0.062500,2.019190,-0.077437,0.088778,-2.364878,37.435405,1.136717,1.246831,-0.049527,-0.065624
-3.534485,42.270811,-0.062500,1.920734,-0.077251,0.031503,-2.250705,39.207565,1.179179,1.088201,-0.016109,-0.061749
-3.406993,44.085596,-0.062500,1.852723,-0.045682,-0.024254,-2.057130,40.826825,1.264515,0.953151,0.030478,-0.060880
-3.158971,45.680182,-0.062500,1.796100,0.014641,-0.068761,-1.822202,42.169268,1.382054,0.873173,0.083232,-0.062317
-2.822657,46.881097,-0.062500,1.766801,0.095207,-0.095272,-1.590703,43.158128,1.507069,0.887648,0.131832,-0.064048
-2.459494,47.634766,-0.062500,1.813850,0.179908,-0.092539,-1.407166,43.776466,1.609172,1.026204,0.163274,-0.064350
-2.127136,48.016061,-0.062500,1.982929,0.244700,-0.060025,-1.292852,44.087089,1.654746,1.283546,0.168590,-0.061115
-1.829106,48.162685,-0.062500,2.277645,0.270990,-0.007763,-1.222956,44.183690,1.618779,1.609083,0.147470,-0.053816
-1.511991,48.218388,-0.062500,2.649098,0.254068,0.050561,-1.135145,44.157874,1.502620,1.918182,0.105865,-0.049507
-1.128387,48.304430,-0.062500,3.013525,0.199581,0.093801,-0.973793,44.108959,1.338916,2.128931,0.053109,-0.059269
-0.692223,48.487088,-0.062500,3.284991,0.121434,0.096809,-0.736910,44.119057,1.173343,2.194502,-0.001039,-0.090662
-0.300322,48.766368,-0.062500,3.402524,0.037425,0.056892,-0.491421,44.222663,1.052033,2.114113,-0.050563,-0.139302
-0.086404,49.093970,-0.062500,3.344176,-0.042794,-0.004746,-0.345697,44.421732,1.011333,1.923571,-0.092383,-0.185920
-0.173331,49.393489,-0.062500,3.134577,-0.112665,-0.049702,-0.419227,44.691466,1.067566,1.678843,-0.120196,-0.195229
-0.673845,49.619424,-0.062500,2.850235,-0.154974,-0.022832,-0.827135,44.992499,1.215504,1.441085,-0.123358,-0.118940
-1.702964,49.802356,-0.062500,2.599438,-0.143654,0.135523,-1.669357,45.320307,1.442418,1.270147,-0.088737,0.092822
-3.287208,50.029657,-0.062500,2.474142,-0.053403,0.449884,-2.964889,45.710127,1.728103,1.212441,-0.003828,0.464340
-5.284934,50.387108,-0.062500,2.515358,0.137960,0.905079,-4.595657,46.171095,2.043265,1.278138,0.132962,0.973313
-7.397999,50.913354,-0.062500,2.706727,0.427521,1.445050,-6.321196,46.657840,2.356465,1.434784,0.299591,1.541593
-9.274379,51.541587,-0.062500,2.989193,0.774334,1.970953,-7.862917,47.086366,2.638218,1.630454,0.456840,2.055030
-10.616500,52.098285,-0.062500,3.282941,1.117224,2.366181,-8.982350,47.335819,2.856052,1.810593,0.567261,2.399644
-11.238953,52.365241,-0.062500,3.507074,1.398307,2.549552,-9.514870,47.246268,2.984539,1.913750,0.611968,2.495995
-11.047916,52.119838,-0.062500,3.591501,1.569859,2.487786,-9.356584,46.639177,3.013018,1.882677,0.599018,2.319350
-10.057715,51.139015,-0.062500,3.492911,1.617245,2.200698,-8.485875,45.346820,2.944067,1.681522,0.564035,1.909488
-8.430972,49.282017,-0.062500,3.211499,1.567325,1.757040,-7.013160,43.285863,2.794435,1.319170,0.553084,1.361555
-6.474156,46.565351,-0.062500,2.804275,1.471273,1.256223,-5.207599,40.550791,2.598377,0.876864,0.600495,0.798305
-4.530773,43.188523,-0.062500,2.365353,1.376120,0.784657,-3.401643,37.409783,2.387407,0.485830,0.709748,0.324654
-2.873537,39.497752,-0.062500,1.990216,1.310009,0.408872,-1.866902,34.187494,2.169693,0.244544,0.848179,-0.000456
-1.647213,35.887322,-0.062500,1.746116,1.260744,0.168595,-0.766266,31.172407,1.930604,0.179990,0.957552,-0.169483
-0.883382,32.668434,-0.062500,1.657099,1.183563,0.054455,-0.163775,28.574371,1.647801,0.263037,0.984268,-0.211600
-0.546808,30.036418,-0.062500,1.693318,1.036321,0.011211,-0.030215,26.505269,1.311520,0.421514,0.902806,-0.170804
-0.551838,28.096862,-0.062500,1.787188,0.813554,-0.001563,-0.256263,24.979660,0.946493,0.560002,0.724573,-0.095873
-0.746157,26.875741,-0.062500,1.859978,0.545060,0.003805,-0.660314,23.926343,0.607363,0.605133,0.491661,-0.037123
-0.968796,26.303140,-0.062500,1.844727,0.287484,0.021929,-1.046719,23.197767,0.353445,0.517748,0.262643,-0.027810
-1.130833,26.235279,-0.062500,1.699748,0.104498,0.051413,-1.303486,22.623686,0.228054,0.299664,0.091962,-0.065892
-1.240906,26.478891,-0.062500,1.433563,0.047625,0.099370,-1.463217,22.090169,0.246512,0.020008,0.016487,-0.123115
-1.364274,26.841829,-0.062500,1.096681,0.130673,0.147488,-1.624413,21.555290,0.382723,-0.223540,0.040221,-0.177876
-1.546684,27.171526,-0.062500,0.745275,0.322144,0.156987,-1.836178,20.988204,0.570652,-0.393423,0.132620,-0.224727
-1.764950,27.342829,-0.062500,0.412822,0.553053,0.096697,-2.086233,20.346039,0.729115,-0.518589,0.246635,-0.263950
-1.958842,27.241447,-0.062500,0.108566,0.741491,-0.076455,-2.343975,19.601077,0.793430,-0.648820,0.341063,-0.299619
-2.085430,26.780849,-0.062500,-0.179192,0.825500,-0.404375,-2.569563,18.760648,0.738049,-0.835578,0.390265,-0.336639
-2.122500,25.911314,-0.062500,-0.455754,0.798184,-0.839263,-2.729728,17.854927,0.583771,-1.101007,0.393504,-0.383666
-2.061471,24.641272,-0.062500,-0.706304,0.699303,-1.259515,-2.809522,16.903794,0.380754,-1.410504,0.374390,-0.459004
-1.935681,23.045600,-0.062500,-0.905924,0.584118,-1.567490,-2.815174,15.883540,0.181315,-1.705888,0.368371,-0.563834
-1.823620,21.227477,-0.062500,-1.034611,0.508689,-1.702893,-2.777760,14.737841,0.023720,-1.938166,0.414184,-0.660123
-1.811868,19.286032,-0.062500,-1.072964,0.519503,-1.645746,-2.753069,13.425287,-0.073230,-2.055740,0.545755,-0.696536
-1.961678,17.321740,-0.062500,-1.013711,0.622258,-1.450620,-2.770775,11.946802,-0.111609,-2.031006,0.764167,-0.649152
-2.273317,15.436045,-0.062500,-0.875744,0.773607,-1.207127,-2.791057,10.332219,-0.109706,-1.902616,1.023913,-0.528563
-2.673628,13.716017,-0.062500,-0.705803,0.907365,-0.982662,-2.745954,8.644442,-0.090730,-1.749846,1.261497,-0.370667
-3.057482,12.233305,-0.062500,-0.558709,0.967623,-0.847255,-2.600155,7.000998,-0.072441,-1.637672,1.431587,-0.220930
-3.330349,11.026000,-0.062500,-0.472448,0.944011,-0.842346,-2.340645,5.554803,-0.062627,-1.596551,1.525348,-0.105222
-3.416502,10.080736,-0.062500,-0.442828,0.887356,-0.908080,-1.974082,4.429839,-0.059932,-1.609695,1.570400,-0.024914
-3.276194,9.364614,-0.062500,-0.435013,0.866460,-0.933913,-1.546616,3.665403,-0.059444,-1.624791,1.604610,0.018408
-2.934046,8.861571,-0.062499,-0.414615,0.913282,-0.864290,-1.138776,3.203681,-0.059512,-1.598026,1.639669,0.028276
-2.475842,8.555689,-0.062507,-0.364381,1.015848,-0.695730,-0.838276,2.928309,-0.061785,-1.522716,1.655291,0.019842
-2.024993,8.416509,-0.062479,-0.281146,1.133138,-0.469912,-0.728679,2.733744,-0.067473,-1.413115,1.618196,-0.002381
-1.710122,8.398197,-0.062544,-0.172722,1.211747,-0.260321,-0.852580,2.577226,-0.074510,-1.289948,1.501096,-0.050383
-1.614117,8.439524,-0.062465,-0.051286,1.213099,-0.111790,-1.174079,2.476908,-0.077963,-1.178753,1.296200,-0.137252
-1.737643,8.481984,-0.062422,0.069097,1.130001,-0.024903,-1.594344,2.481600,-0.072441,-1.102556,1.028667,-0.271718
-2.008326,8.504254,-0.062771,0.173371,0.988561,-0.003775,-1.995173,2.644224,-0.054790,-1.064022,0.755860,-0.444939
-2.309408,8.520254,-0.062600,0.251318,0.850504,-0.033342,-2.249286,2.995223,-0.025996,-1.045691,0.548516,-0.613829
-2.514098,8.553964,-0.061342,0.296778,0.786442,-0.063062,-2.254146,3.516441,0.007171,-1.027552,0.457296,-0.722133
-2.529900,8.635991,-0.061786,0.303936,0.823228,-0.051192,-1.979196,4.143409,0.037244,-0.996966,0.487010,-0.735407
-2.340966,8.817591,-0.065238,0.278438,0.924012,0.004800,-1.476743,4.792096,0.062847,-0.940553,0.591150,-0.649906
-2.012713,9.146766,-0.067931,0.257026,1.014507,0.087695,-0.854307,5.381334,0.088520,-0.843344,0.696433,-0.491773
-1.657167,9.619908,-0.064615,0.300579,1.024845,0.164733,-0.245065,5.849073,0.117254,-0.687796,0.745903,-0.311425
-1.373917,10.158484,-0.054197,0.468288,0.927237,0.205579,0.242812,6.160535,0.145579,-0.450140,0.735080,-0.150152
-1.203392,10.613480,-0.039847,0.784244,0.744632,0.204186,0.557604,6.290475,0.163360,-0.123381,0.700751,-0.026237
-1.122402,10.793491,-0.031133,1.216516,0.523890,0.162207,0.693584,6.201904,0.159408,0.250630,0.683775,0.048300
-1.075292,10.534960,-0.039799,1.673908,0.310952,0.072379,0.669246,5.851731,0.131282,0.591571,0.703306,0.060307
-1.008823,9.769367,-0.071125,2.028883,0.141741,-0.059350,0.527000,5.211927,0.090354,0.805285,0.746279,0.004037
-0.905063,8.542802,-0.123701,2.150045,0.030514,-0.216908,0.321174,4.293282,0.056211,0.802317,0.768270,-0.121297
-0.791223,7.016952,-0.194900,1.962936,-0.032154,-0.387085,0.102479,3.176765,0.054266,0.545271,0.723859,-0.304225
-0.724538,5.458850,-0.271951,1.502075,-0.064971,-0.542610,-0.095583,2.016638,0.113398,0.090917,0.587370,-0.520930
-0.765869,4.170360,-0.331570,0.913411,-0.086658,-0.643528,-0.265578,0.987100,0.252218,-0.431729,0.355204,-0.744915
-0.955234,3.374772,-0.353651,0.390230,-0.109359,-0.664627,-0.427769,0.221849,0.463532,-0.872542,0.057178,-0.943413
-1.288069,3.153945,-0.331609,0.094786,-0.130133,-0.601968,-0.610272,-0.207846,0.713434,-1.104344,-0.234490,-1.065072
-1.708010,3.415716,-0.271862,0.089646,-0.138557,-0.472455,-0.831520,-0.308012,0.950509,-1.074081,-0.438417,-1.062499
-2.123760,3.919311,-0.194838,0.328706,-0.128811,-0.318079,-1.093332,-0.152483,1.131380,-0.822079,-0.503205,-0.930105
-2.442997,4.376846,-0.124080,0.699470,-0.099441,-0.177288,-1.377567,0.152905,1.245365,-0.443246,-0.423848,-0.712644
-2.599719,4.566532,-0.071554,1.076091,-0.053761,-0.065716,-1.642584,0.472180,1.309292,-0.047702,-0.240291,-0.474913
-2.571896,4.322475,-0.039026,1.343828,-0.002478,-0.001853,-1.832809,0.666651,1.345656,0.258760,-0.016203,-0.264333
-2.380659,3.531065,-0.028699,1.439699,0.045038,-0.007810,-1.900328,0.643616,1.370714,0.415900,0.196145,-0.101562
-2.075941,2.257206,-0.037897,1.380032,0.083729,-0.065041,-1.834329,0.348604,1.387538,0.434468,0.355395,0.002134
-1.724161,0.803662,-0.056758,1.245014,0.109006,-0.109079,-1.677651,-0.177789,1.409368,0.372210,0.420223,0.036673
-1.399991,-0.516432,-0.074733,1.125573,0.121140,-0.067286,-1.515461,-0.767421,1.479706,0.294948,0.369157,0.008981
-1.168769,-1.584593,-0.083771,1.078356,0.127040,0.096815,-1.439143,-1.220993,1.650356,0.245792,0.217732,-0.064982
-1.067141,-2.472496,-0.078964,1.090759,0.126904,0.326958,-1.508800,-1.480917,1.931114,0.217786,0.005615,-0.185699
-1.097405,-3.366783,-0.061881,1.096950,0.109599,0.457877,-1.738752,-1.686003,2.276030,0.163808,-0.222738,-0.401517
-1.239505,-4.516645,-0.035947,1.024467,0.057929,0.302541,-2.102557,-2.089781,2.591536,0.031125,-0.436990,-0.795582
-1.462365,-6.290882,-0.002382,0.818655,-0.050895,-0.264913,-2.535781,-2.893570,2.760883,-0.221470,-0.624326,-1.416534
-1.729012,-9.155296,0.034443,0.435977,-0.234172,-1.289132,-2.946675,-4.264596,2.667303,-0.621667,-0.766887,-2.208374
-2.003753,-13.281600,0.064792,-0.129772,-0.480817,-2.690294,-3.245740,-6.417531,2.221924,-1.160157,-0.833764,-3.042827
-2.255313,-18.088122,0.081817,-0.823041,-0.750079,-4.227511,-3.376762,-9.594396,1.382895,-1.775774,-0.806397,-3.780538
-2.452530,-22.482578,0.085681,-1.535833,-0.980931,-5.548193,-3.331442,-13.637391,0.237106,-2.367969,-0.693929,-4.300719
-2.433220,-5.737554,-0.090537,-0.204159,1.094127,0.127820,-1.997092,-6.819176,-0.242516,-1.341701,1.287494,0.024582
-2.019363,-5.331941,-0.146485,-0.227003,0.891286,-0.095930,-1.925314,-6.415132,-0.115073,-1.379178,1.172446,-0.068104
-1.684769,-4.897290,-0.197752,-0.295003,0.622421,-0.425962,-1.940272,-5.965085,-0.039576,-1.443906,1.020149,-0.105197
-1.445795,-4.445548,-0.206907,-0.377701,0.338231,-0.754438,-2.032244,-5.368696,-0.006188,-1.503138,0.849652,-0.091030
-1.288226,-3.944520,-0.135252,-0.435891,0.086405,-0.991836,-2.194066,-4.509882,-0.000454,-1.521618,0.678742,-0.058767
-1.179816,-3.366519,0.053267,-0.432932,-0.091030,-1.081325,-2.426272,-3.300050,-0.009995,-1.470806,0.528709,-0.027785
-1.091805,-2.709590,0.375357,-0.345425,-0.171124,-1.002947,-2.714551,-1.736879,-0.025359,-1.336131,0.418468,0.008719
-0.999818,-2.002120,0.808024,-0.174757,-0.155211,-0.778603,-3.004385,0.066076,-0.039527,-1.124910,0.359820,0.055734
-0.878423,-1.296729,1.288396,0.054739,-0.063980,-0.466968,-3.209686,1.901964,-0.048660,-0.867883,0.348538,0.100518
-0.704557,-0.653561,1.734878,0.305131,0.068547,-0.147734,-3.243690,3.538979,-0.052388,-0.614447,0.363727,0.121176
-0.465350,-0.120706,2.074326,0.530481,0.206523,0.101485,-3.053920,4.784586,-0.052856,-0.419993,0.380581,0.106204
-0.169394,0.282510,2.271947,0.686549,0.322179,0.232502,-2.648950,5.556190,-0.054529,-0.326719,0.380319,0.061788
0.155722,0.571789,2.342854,0.740088,0.397836,0.247995,-2.095484,5.902908,-0.061259,-0.351582,0.352586,-0.003044
0.479534,0.785151,2.335678,0.672793,0.425697,0.190613,-1.493312,5.955743,-0.073470,-0.488105,0.300873,-0.080834
0.782058,0.967664,2.307510,0.488335,0.410038,0.104045,-0.957420,5.866453,-0.087710,-0.707332,0.239711,-0.161358
1.043785,1.162728,2.313523,0.220169,0.364198,0.016925,-0.585581,5.786199,-0.097944,-0.958324,0.183131,-0.235888
1.241580,1.401367,2.392131,-0.074598,0.306092,-0.047542,-0.408300,5.824700,-0.093046,-1.187496,0.142526,-0.303052
1.359056,1.684875,2.547478,-0.333614,0.251487,-0.074976,-0.371689,6.002279,-0.061475,-1.359624,0.126893,-0.367564
1.413231,1.969227,2.747734,-0.506052,0.205501,-0.083420,-0.369382,6.258922,-0.000139,-1.458953,0.136269,-0.445089
1.456718,2.202557,2.945691,-0.565155,0.164509,-0.108548,-0.291533,6.524593,0.085127,-1.489498,0.166384,-0.536960
1.537941,2.379645,3.108121,-0.518535,0.124702,-0.178619,-0.075196,6.756433,0.183673,-1.476455,0.217113,-0.604800
1.649532,2.527743,3.239899,-0.408235,0.081316,-0.317759,0.275867,6.956473,0.280274,-1.450262,0.287603,-0.587911
1.750437,2.676023,3.370598,-0.292964,0.027309,-0.545637,0.727752,7.176105,0.362628,-1.432421,0.370963,-0.459942
1.825302,2.891070,3.515655,-0.223695,-0.039528,-0.866916,1.260729,7.458538,0.429475,-1.437604,0.452982,-0.251263
1.925587,3.201779,3.652206,-0.226726,-0.115180,-1.305801,1.870330,7.754784,0.490401,-1.468243,0.506868,-0.049134
2.147727,3.485910,3.732150,-0.301570,-0.193738,-1.910908,2.552233,7.882401,0.552447,-1.511076,0.498660,0.019192
2.578896,3.473999,3.705363,-0.423733,-0.266242,-2.688878,3.287575,7.546971,0.607343,-1.555202,0.405619,-0.181562
3.236356,2.829450,3.534535,-0.557431,-0.324248,-3.580693,4.013683,6.429552,0.629465,-1.596533,0.229189,-0.747053
4.062928,1.276918,3.197420,-0.674738,-0.372591,-4.533311,4.614258,4.390756,0.595340,-1.621391,-0.001496,-1.711758
4.934268,-1.205461,2.701079,-0.764686,-0.424800,-5.510395,4.943413,1.614700,0.503715,-1.618375,-0.235923,-3.018722
5.650698,-4.408651,2.103580,-0.833413,-0.489783,-6.459769,4.853481,-1.477381,0.369310,-1.598901,-0.421210,-4.529429
5.949440,-8.086178,1.515048,-0.910275,-0.573763,-7.346540,4.234557,-4.376707,0.207524,-1.593511,-0.519578,-6.083326
5.624986,-11.985089,1.047203,-1.037720,-0.680323,-8.171776,3.092118,-6.635744,0.031534,-1.645039,-0.511110,-7.554800
4.649851,-15.694132,0.754029,-1.244109,-0.801890,-8.930142,1.589399,-8.162639,-0.162241,-1.797911,-0.395824,-8.850167
3.209814,-18.764391,0.613536,-1.527436,-0.922321,-9.617601,-0.004698,-9.215068,-0.387589,-2.059806,-0.195434,-9.881557
1.631544,-20.917594,0.562922,-1.854699,-1.023266,-10.231045,-1.413411,-10.068576,-0.640223,-2.381657,0.050838,-10.545768
0.246296,-22.249799,0.555217,-2.156099,-1.081971,-10.685410,-2.437091,-10.870203,-0.899185,-2.678232,0.294523,-10.733655
-0.744372,-23.410036,0.594185,-2.337590,-1.075781,-10.806236,-3.013810,-11.689538,-1.138727,-2.854199,0.492909,-10.354544
-1.280169,-25.254921,0.704834,-2.323891,-0.992815,-10.453585,-3.202440,-12.449126,-1.314945,-2.829839,0.632192,-9.372098
-1.399690,-28.107642,0.896310,-2.085097,-0.825870,-9.569588,-3.114159,-13.036512,-1.379935,-2.582048,0.727072,-7.832858
-1.223201,-31.701522,1.162440,-1.635098,-0.562790,-8.156376,-2.878106,-13.586140,-1.332783,-2.149404,0.802300,-5.893388
-0.938995,-35.561679,1.490091,-1.039606,-0.202444,-6.337584,-2.649684,-14.419925,-1.225042,-1.608946,0.877761,-3.825410
-0.720574,-39.154609,1.842035,-0.412387,0.227220,-4.375375,-2.582894,-15.799588,-1.123435,-1.058947,0.963827,-1.947292
-0.657000,-41.892395,2.147476,0.131636,0.669383,-2.564069,-2.778102,-18.048918,-1.104693,-0.592328,1.058382,-0.519130
-0.741669,-43.286286,2.315791,0.517746,1.049342,-1.147018,-3.260813,-21.309503,-1.221033,-0.253059,1.148487,0.336088
-0.916396,-43.043204,2.278722,0.724521,1.297008,-0.262860,-3.993046,-24.940920,-1.427871,-0.031293,1.203610,0.650144
-1.139317,-41.323477,2.040786,0.791550,1.375703,0.135843,-4.887314,-27.689089,-1.607783,0.113060,1.181314,0.575883
-1.428549,-39.041447,1.691347,0.809374,1.294017,0.257817,-5.824450,-28.325159,-1.639774,0.229663,1.053886,0.318443
-1.804254,-37.224063,1.336134,0.868520,1.098712,0.332827,-6.640934,-26.019750,-1.429133,0.363880,0.835630,0.085240
-2.228349,-35.895458,1.030627,1.028711,0.864366,0.550861,-7.129663,-20.837485,-0.958353,0.542572,0.577281,0.044166
-2.609239,-34.284171,0.782162,1.333208,0.677688,1.062360,-7.113831,-14.147051,-0.353800,0.794653,0.342681,0.277629
-2.827413,-31.770340,0.579840,1.812037,0.603653,1.904442,-6.533674,-8.129161,0.153888,1.162012,0.179842,0.739267
-2.739425,-28.252346,0.409472,2.461303,0.653777,2.965102,-5.457658,-4.924096,0.328120,1.672207,0.104709,1.301021
-2.202275,-24.147022,0.264998,3.251847,0.782303,4.061377,-4.029777,-6.272535,-0.018043,2.311141,0.103034,1.816627
-1.105657,-20.095603,0.140707,4.132661,0.909432,4.999846,-2.397224,-12.926883,-0.947996,3.025101,0.145447,2.153162
0.571801,-16.383392,0.023870,5.013498,0.962947,5.612063,-0.680814,-23.751709,-2.298608,3.724176,0.192854,2.217173
2.705058,-12.987088,-0.090843,5.783835,0.914297,5.807163,1.009299,-36.011995,-3.725316,4.310803,0.209276,1.996502
5.015593,-10.441686,-0.178689,6.363533,0.783291,5.576927,2.555154,-46.496837,-4.848144,4.724490,0.178311,1.550479
7.165616,-9.836470,-0.203830,6.720136,0.617902,4.950485,3.851888,-52.541080,-5.383553,4.969489,0.108778,0.990309
8.877526,-11.790732,-0.154987,6.865730,0.475780,4.018521,4.837679,-53.036498,-5.258906,5.093624,0.026185,0.453974
10.016834,-16.221582,-0.047492,6.855471,0.405541,2.953942,5.507588,-48.943335,-4.654726,5.159110,-0.039553,0.055779
10.599115,-22.855357,0.100101,6.758608,0.419868,1.942693,5.913613,-42.571920,-3.896974,5.216644,-0.073293,-0.171393
10.731757,-31.094141,0.269658,6.622044,0.485684,1.114076,6.150301,-36.455372,-3.302268,5.285180,-0.079816,-0.248981
10.543674,-39.945619,0.442167,6.467712,0.550140,0.548815,6.328169,-32.542187,-3.067986,5.342722,-0.073680,-0.218438
10.170687,-48.124121,0.595982,6.286293,0.571846,0.260619,6.572155,-31.520984,-3.199439,5.336904,-0.066478,-0.139386
9.738378,-54.038805,0.709229,6.016929,0.538038,0.187580,6.998192,-32.468049,-3.505407,5.193056,-0.063955,-0.072900
9.333986,-56.334783,0.763998,5.586094,0.470374,0.237978,7.666391,-33.609428,-3.720730,4.846760,-0.062088,-0.042734
9.014738,-55.118409,0.773891,4.969640,0.408041,0.331070,8.565051,-33.445924,-3.659479,4.285937,-0.051197,-0.041615
8.849479,-51.894256,0.791824,4.211761,0.375411,0.382359,9.636573,-31.383095,-3.302070,3.568914,-0.025374,-0.052823
8.935262,-48.172993,0.859800,3.397667,0.374931,0.337505,10.799744,-27.923579,-2.792512,2.784283,0.015850,-0.065223
9.373366,-44.593260,0.959155,2.612218,0.395776,0.197789,11.962320,-24.237947,-2.320075,2.002415,0.072105,-0.073360
10.208502,-41.177235,1.032401,1.901842,0.404664,-0.018262,13.025525,-21.338302,-1.993573,1.268356,0.134517,-0.077477
11.376627,-37.491574,1.018079,1.287316,0.354656,-0.302945,13.917125,-19.652249,-1.812524,0.630218,0.188739,-0.070248
12.721052,-33.161352,0.883998,0.790422,0.228036,-0.624949,14.628872,-19.043671,-1.708065,0.145432,0.224182,-0.041759
14.064539,-28.355020,0.661702,0.426547,0.051995,-0.950749,15.215567,-18.956204,-1.596281,-0.140102,0.237538,0.004746
15.260129,-23.565016,0.444415,0.177022,-0.124997,-1.261470,15.749068,-18.702259,-1.443268,-0.230757,0.228953,0.039464
16.177418,-19.235304,0.324312,0.001839,-0.252423,-1.518302,16.261394,-17.818310,-1.280208,-0.187891,0.204078,0.024043
16.685773,-16.004068,0.361923,-0.138882,-0.299532,-1.662106,16.698243,-16.244500,-1.168574,-0.095922,0.164169,-0.065626
16.653029,-14.486719,0.590205,-0.262639,-0.276639,-1.675995,16.904855,-14.248217,-1.168709,-0.019092,0.101083,-0.233870
15.945272,-14.651000,0.975945,-0.362475,-0.213190,-1.575553,16.647112,-12.229790,-1.303574,0.001110,0.008841,-0.474134
-2.562615,-25.483557,0.080232,-2.139860,-1.098836,-6.282071,-3.152359,-17.956738,-0.994537,-2.826161,-0.520810,-4.496344
-2.556205,-26.738333,0.068867,-2.523953,-1.044455,-6.176138,-2.913115,-22.007596,-2.074139,-3.063410,-0.317575,-4.295603
-2.407445,-26.633135,0.049535,-2.644156,-0.810905,-5.236947,-2.686768,-25.859173,-2.892145,-3.056817,-0.117161,-3.679720
-2.098666,-26.155618,0.013183,-2.528398,-0.452266,-3.744170,-2.535583,-30.118896,-3.490540,-2.849726,0.044207,-2.719271
-1.636979,-26.428781,-0.051051,-2.236219,-0.062540,-2.093340,-2.506450,-35.290342,-3.989179,-2.514660,0.124654,-1.566036
-1.052264,-28.633304,-0.146292,-1.827413,0.257662,-0.638567,-2.590121,-40.865338,-4.436500,-2.117139,0.094124,-0.385109
-0.371690,-33.558717,-0.262987,-1.360596,0.442181,0.393844,-2.708149,-45.644319,-4.790338,-1.711856,-0.037501,0.716716
0.385716,-40.706090,-0.379114,-0.881224,0.483216,0.958626,-2.767802,-48.610538,-4.990873,-1.338543,-0.226330,1.663250
1.185205,-47.924042,-0.471881,-0.414316,0.418984,1.184226,-2.721034,-49.518628,-5.042616,-1.012940,-0.418540,2.367516
1.966557,-52.629379,-0.529379,0.041497,0.310314,1.298438,-2.566208,-48.601818,-4.975498,-0.717047,-0.563758,2.733377
2.673174,-52.962980,-0.548739,0.512663,0.225875,1.563489,-2.332962,-46.476902,-4.831593,-0.409289,-0.625347,2.715917
3.296097,-48.766905,-0.519190,1.028471,0.213637,2.158798,-2.037232,-44.045343,-4.671746,-0.044758,-0.593040,2.356207
3.887444,-41.691058,-0.422803,1.580471,0.276705,3.062806,-1.627388,-42.588612,-4.606516,0.385545,-0.483392,1.773094
4.513518,-34.327704,-0.256411,2.127116,0.377631,4.059888,-1.005987,-43.268239,-4.743713,0.848236,-0.330577,1.111559
5.174100,-28.828058,-0.054771,2.631401,0.465185,4.860602,-0.104379,-46.215596,-5.086430,1.305163,-0.169630,0.507385
5.798233,-26.721814,0.131057,3.080355,0.502165,5.215911,1.130315,-49.672693,-5.418701,1.742401,-0.022184,0.061318
6.320166,-28.469342,0.272788,3.461059,0.480847,5.016661,2.755136,-51.150041,-5.443192,2.136887,0.101186,-0.174728
6.732417,-32.875736,0.387660,3.735442,0.415311,4.326215,4.760963,-49.062462,-4.993695,2.431578,0.184430,-0.216316
7.051808,-37.362227,0.522701,3.834369,0.321621,3.320514,6.996523,-43.524840,-4.139862,2.549918,0.203919,-0.144377
7.272927,-39.628416,0.733012,3.693826,0.206842,2.204273,9.194003,-35.817020,-3.106986,2.436009,0.140179,-0.078590
7.368822,-38.544573,1.059419,3.297833,0.076215,1.177123,11.017167,-27.555915,-2.143566,2.081657,-0.011585,-0.113283
7.330242,-34.603609,1.530274,2.691584,-0.063922,0.373959,12.144254,-19.784235,-1.383631,1.542992,-0.239741,-0.278926
7.155888,-29.458817,2.140730,1.955244,-0.208249,-0.178822,12.386955,-13.106789,-0.861785,0.910564,-0.517113,-0.544827
6.802808,-24.804573,2.809324,1.182290,-0.349289,-0.533607,11.720794,-7.936791,-0.569817,0.274560,-0.799771,-0.837679
6.147473,-21.404844,3.348981,0.473568,-0.470701,-0.766999,10.205897,-4.384140,-0.468427,-0.272773,-1.021804,-1.062966
5.058440,-19.423938,3.546972,-0.069148,-0.546843,-0.944525,8.008180,-1.922635,-0.455824,-0.633879,-1.116232,-1.149789
3.539041,-18.560496,3.279518,-0.377917,-0.552786,-1.074932,5.456120,0.002643,-0.448749,-0.755611,-1.051517,-1.079142
1.814197,-18.136026,2.571138,-0.451165,-0.482130,-1.115083,2.967638,1.500872,-0.440752,-0.658289,-0.850519,-0.881168
0.239460,-17.408589,1.564901,-0.351161,-0.355861,-1.031107,0.900052,2.269979,-0.480984,-0.418310,-0.576573,-0.617833
-0.879425,-16.123239,0.468947,-0.159589,-0.213237,-0.836828,-0.534984,2.002805,-0.611866,-0.127394,-0.307282,-0.359817
-1.416774,-14.462020,-0.517880,0.063259,-0.090566,-0.578728,-1.322444,0.726716,-0.816670,0.140722,-0.102189,-0.154308
-1.423729,-12.916586,-1.238022,0.284609,-0.008201,-0.321319,-1.616194,-0.966448,-0.998149,0.347690,0.009096,-0.016289
-1.081348,-11.959209,-1.592888,0.475713,0.029347,-0.125094,-1.613196,-2.391862,-1.069414,0.467080,0.017824,0.057588
-0.623060,-11.716401,-1.572844,0.599386,0.029226,-0.015421,-1.463769,-3.228133,-1.030526,0.469499,-0.068306,0.082748
-0.265740,-11.897515,-1.291652,0.628236,0.005921,0.018998,-1.308397,-3.532601,-0.950451,0.351772,-0.212297,0.085995
-0.159480,-12.157287,-0.919777,0.564021,-0.021808,0.005640,-1.271988,-3.468001,-0.902628,0.154498,-0.361753,0.094108
-0.353284,-12.252328,-0.594160,0.430860,-0.033811,-0.019129,-1.401609,-3.196322,-0.930270,-0.068728,-0.474926,0.116633
-0.760573,-12.091998,-0.385687,0.261520,-0.018051,-0.024067,-1.655834,-2.795221,-1.030599,-0.269883,-0.531256,0.139523
-1.218947,-11.705950,-0.310207,0.091353,0.021537,-0.007019,-1.949528,-2.278926,-1.172501,-0.411070,-0.529285,0.135232
-1.598398,-11.196733,-0.325049,-0.044832,0.071636,0.005700,-2.193088,-1.692904,-1.323723,-0.471525,-0.483567,0.086212
-1.849658,-10.653862,-0.373777,-0.118909,0.120103,-0.018389,-2.332234,-1.146020,-1.457175,-0.449324,-0.411150,-0.004945
-1.971724,-10.115987,-0.418015,-0.125266,0.153992,-0.102620,-2.351535,-0.723976,-1.560437,-0.360070,-0.330626,-0.125998
-1.999664,-9.539435,-0.431680,-0.091737,0.155458,-0.255570,-2.253511,-0.487332,-1.662830,-0.244756,-0.271307,-0.269841
-2.009671,-8.843510,-0.397456,-0.061839,0.111400,-0.458631,-2.097002,-0.472995,-1.800441,-0.155058,-0.259212,-0.426183
-2.092690,-7.992443,-0.330969,-0.061865,0.022481,-0.668121,-2.024186,-0.663317,-1.968739,-0.119192,-0.292219,-0.574104
-2.342112,-7.041247,-0.256963,-0.088158,-0.094076,-0.828813,-2.217492,-0.974887,-2.116946,-0.131127,-0.344164,-0.681067
-2.872690,-6.088023,-0.176101,-0.115151,-0.203252,-0.883575,-2.844786,-1.276464,-2.153159,-0.169317,-0.378257,-0.710707
-3.759895,-5.222734,-0.077409,-0.112073,-0.263289,-0.793176,-3.965783,-1.434869,-1.981527,-0.207294,-0.358576,-0.638310
-4.939416,-4.509361,0.028609,-0.063655,-0.247716,-0.574630,-5.377468,-1.384277,-1.597453,-0.227341,-0.275443,-0.475750
-6.225275,-3.992678,0.127425,0.022943,-0.154669,-0.293954,-6.673430,-1.148933,-1.103179,-0.231332,-0.152636,-0.264531
-7.425079,-3.701471,0.214278,0.131803,0.004789,-0.015118,-7.493259,-0.794609,-0.615553,-0.231010,-0.020681,-0.043985
-8.420748,-3.647727,0.286594,0.251704,0.222453,0.229791,-7.650312,-0.367269,-0.197050,-0.233715,0.103861,0.167150
-9.182966,-3.832691,0.343388,0.379502,0.497882,0.433155,-7.090350,0.126967,0.138397,-0.241293,0.217818,0.364474
-9.743338,-4.246652,0.386052,0.515975,0.833118,0.603116,-5.857842,0.700698,0.405609,-0.253546,0.324846,0.552878
-10.163822,-4.866277,0.421807,0.660061,1.225142,0.758585,-4.082489,1.355922,0.630699,-0.272696,0.429328,0.744498
-10.581515,-5.649109,0.458032,0.815034,1.675441,0.941028,-2.018162,2.122727,0.881138,-0.298150,0.546580,0.964930
