-0.934903,-5.159816,0.099176,0.063812,-0.102693,0.067694,0.989162,0.561279,0.140507,0.177038,0.118795,-0.064089
-0.895813,-5.652407,-0.033171,-0.086913,-0.148083,0.107837,1.083567,0.414610,0.217721,0.090071,0.029540,-0.160525
-0.766372,-5.949016,-0.111755,-0.238616,-0.209343,0.179195,1.167053,0.327912,0.308515,-0.004803,-0.093392,-0.306407
-0.604197,-6.075650,-0.126279,-0.369676,-0.284874,0.276127,1.217060,0.295461,0.407460,-0.096305,-0.237977,-0.479625
-0.464101,-6.024911,-0.080086,-0.460908,-0.366545,0.382363,1.211905,0.306869,0.504365,-0.170006,-0.383513,-0.642867
-0.380443,-5.737756,0.013500,-0.499407,-0.441854,0.475801,1.137636,0.346011,0.584396,-0.211621,-0.504874,-0.757294
-0.355364,-5.122527,0.130751,-0.480832,-0.496970,0.535366,0.991205,0.394918,0.630138,-0.210706,-0.575326,-0.791525
-0.358208,-4.129757,0.242703,-0.412607,-0.522448,0.548781,0.788345,0.436441,0.626759,-0.166247,-0.577529,-0.735543
-0.340522,-2.798525,0.324747,-0.312876,-0.516245,0.516203,0.559943,0.454983,0.568343,-0.086260,-0.511590,-0.606912
-0.254021,-1.222929,0.363763,-0.200133,-0.481327,0.449228,0.337602,0.438865,0.458953,0.017528,-0.391845,-0.439650
-0.071084,0.447036,0.361172,-0.089988,-0.422921,0.368478,0.149659,0.383363,0.312757,0.129154,-0.240956,-0.270671
0.202746,1.990504,0.336977,0.000904,-0.350012,0.299895,0.020955,0.297661,0.156594,0.227036,-0.086273,-0.134474
0.526368,3.182124,0.320536,0.059171,-0.273137,0.262861,-0.037239,0.206514,0.024944,0.292666,0.048674,-0.052373
0.837365,3.883701,0.333129,0.082492,-0.201146,0.260380,-0.032017,0.138323,-0.053378,0.319342,0.150559,-0.024870
1.072265,4.075561,0.379236,0.076282,-0.141912,0.277765,0.017398,0.110240,-0.065117,0.313090,0.215213,-0.031521
1.188341,3.866020,0.451122,0.050150,-0.103507,0.290191,0.086560,0.124337,-0.016791,0.287962,0.244846,-0.039082
1.175146,3.455356,0.533067,0.016134,-0.092864,0.275431,0.150791,0.171994,0.067350,0.259035,0.245923,-0.021196
1.053286,3.022833,0.608316,-0.020645,-0.115749,0.228113,0.194005,0.237810,0.156520,0.233340,0.222986,0.018452
0.856283,2.666566,0.665009,-0.068353,-0.174140,0.160973,0.207966,0.309035,0.225735,0.207670,0.175597,0.049397
0.615448,2.435187,0.695572,-0.137783,-0.260397,0.096753,0.185482,0.385237,0.260349,0.172591,0.103279,0.035941
0.357106,2.320013,0.695846,-0.237244,-0.357810,0.054669,0.121909,0.471334,0.256814,0.113769,0.010038,-0.055276
0.092767,2.243141,0.667511,-0.373455,-0.447644,0.040700,0.016717,0.576217,0.222075,0.013344,-0.096141,-0.247267
-0.190327,2.135687,0.617536,-0.544502,-0.513253,0.041356,-0.132536,0.729051,0.172013,-0.137446,-0.203388,-0.535806
-0.515757,1.980018,0.553827,-0.737787,-0.543614,0.028247,-0.323907,0.947490,0.122229,-0.330702,-0.297890,-0.894545
-0.900750,1.800035,0.480461,-0.937726,-0.535836,-0.031039,-0.537664,1.218319,0.079304,-0.540747,-0.367112,-1.286533
-1.349023,1.674539,0.397106,-1.125455,-0.493333,-0.154828,-0.737243,1.521869,0.044853,-0.729554,-0.403449,-1.670351
-1.825141,1.705668,0.309373,-1.286179,-0.427025,-0.339676,-0.879572,1.821461,0.018895,-0.866778,-0.407375,-2.028246
-2.245566,1.937520,0.238153,-1.422587,-0.357247,-0.564725,-0.916578,2.056831,-0.014142,-0.943161,-0.387738,-2.376643
-2.498867,2.390837,0.218931,-1.544811,-0.309459,-0.806245,-0.804608,2.238559,-0.074243,-0.949720,-0.358114,-2.722370
-2.477274,3.106168,0.287528,-1.653121,-0.306921,-1.043741,-0.538763,2.458426,-0.149964,-0.873994,-0.329566,-3.033835
-2.102633,4.083490,0.466043,-1.748769,-0.366047,-1.262437,-0.179777,2.789198,-0.178678,-0.729898,-0.300380,-3.262159
-1.419809,5.291576,0.746358,-1.834634,-0.491160,-1.450572,0.132861,3.287098,-0.081603,-0.562552,-0.264052,-3.353270
-0.646548,6.787680,1.092252,-1.887782,-0.673975,-1.609083,0.195573,4.108814,0.190229,-0.403479,-0.235066,-3.251645
-0.120749,8.710468,1.446049,-1.853927,-0.891085,-1.743262,-0.178519,5.483483,0.597694,-0.240216,-0.241702,-2.930163
-0.190867,11.242386,1.729400,-1.657595,-1.094632,-1.833572,-1.054711,7.684251,0.978206,-0.010185,-0.281883,-2.401308
-1.105225,14.596195,1.860278,-1.205937,-1.220481,-1.834417,-2.353281,11.008377,1.086566,0.376795,-0.321684,-1.714432
-2.861361,18.894722,1.797928,-0.432684,-1.214899,-1.718192,-3.875037,15.594538,0.680139,0.970424,-0.319731,-0.974393
-5.195849,24.065486,1.545918,0.643885,-1.038893,-1.483315,-5.322421,21.299174,-0.458517,1.738120,-0.213512,-0.308885
-7.659339,29.899535,1.144216,1.928476,-0.672433,-1.142608,-6.363942,27.832748,-2.449491,2.605703,0.071632,0.211012
-9.703741,36.034283,0.671639,3.268469,-0.139802,-0.722465,-6.764404,34.738029,-5.196869,3.462119,0.564868,0.574808
-10.791690,41.899336,0.231412,4.448929,0.487601,-0.248438,-6.446897,41.323767,-8.344133,4.125926,1.236965,0.783017
-10.631514,46.888572,-0.098274,5.243094,1.125715,0.289401,-5.484704,46.874411,-11.377350,4.398396,2.016661,0.854607
-9.223970,50.632379,-0.272913,5.511648,1.701242,0.910312,-4.067888,50.933027,-13.754579,4.171668,2.781157,0.837744
-6.749619,53.075199,-0.279106,5.238005,2.166069,1.605545,-2.403073,53.357094,-15.060790,3.471309,3.403234,0.777256
-3.502161,54.453655,-0.142042,4.521404,2.511984,2.341345,-0.599923,54.386057,-15.113572,2.448710,3.838911,0.704150
0.127776,55.197385,0.098063,3.558889,2.748446,3.048993,1.298174,54.596357,-13.946811,1.342468,4.107426,0.643528
3.804723,55.725756,0.433865,2.568954,2.872572,3.604457,3.241729,54.543613,-11.735208,0.378267,4.233860,0.597184
7.255878,56.341534,0.846744,1.694440,2.893850,3.914471,5.171542,54.491950,-8.833269,-0.305311,4.277141,0.579498
10.304974,57.213664,1.283124,1.010352,2.840742,3.983148,7.001326,54.495670,-5.720242,-0.640705,4.302509,0.653553
13.014534,58.259898,1.711533,0.561249,2.715207,3.875836,8.560365,54.418734,-2.829835,-0.633719,4.292188,0.879622
15.684239,59.101228,2.155033,0.347102,2.486373,3.673387,9.636813,53.983323,-0.427642,-0.395513,4.166089,1.244375
18.563169,59.255433,2.658017,0.325801,2.139309,3.473097,10.061940,52.977166,1.388579,-0.083178,3.860367,1.690899
21.752266,58.386438,3.270345,0.465499,1.699314,3.343641,9.742035,51.342292,2.671391,0.179694,3.335495,2.144663
25.170018,56.417350,4.009811,0.740707,1.227514,3.286276,8.701882,49.114777,3.529633,0.314288,2.607520,2.498966
28.380333,53.505725,4.816070,1.108168,0.811724,3.242069,7.108848,46.473562,4.058293,0.289214,1.789774,2.637210
30.568738,49.957287,5.573830,1.514040,0.524840,3.117329,5.177890,43.734212,4.347664,0.149095,1.025314,2.509749
30.899934,46.158436,6.174365,1.896056,0.373797,2.804370,3.101509,41.142054,4.489607,-0.013342,0.390044,2.141395
28.810100,42.596696,6.486530,2.158883,0.320820,2.291115,1.084928,38.742870,4.473273,-0.105263,-0.079626,1.629378
24.286277,39.797865,6.346389,2.221519,0.324401,1.710800,-0.658580,36.493605,4.195527,-0.056604,-0.359700,1.117990
18.085825,38.110897,5.664508,2.076506,0.339584,1.245386,-1.986496,34.356779,3.581899,0.143251,-0.457406,0.727805
11.495338,37.530551,4.509797,1.765396,0.322821,0.999450,-2.847560,32.375752,2.678396,0.408376,-0.399358,0.490043
5.722225,37.719930,3.091657,1.330241,0.265970,0.983486,-3.251709,30.726172,1.654554,0.627970,-0.201267,0.386311
1.566550,38.159900,1.706663,0.822063,0.197441,1.140538,-3.263947,29.563119,0.760641,0.736906,0.110760,0.394189
-0.689214,38.326751,0.637376,0.292194,0.158167,1.395160,-2.982766,28.818275,0.206015,0.703278,0.505312,0.482942
-1.370411,37.783691,0.042238,-0.216858,0.191644,1.670766,-2.520530,28.240053,0.100478,0.521007,0.961842,0.600996
-1.244065,36.263411,-0.044249,-0.654733,0.333618,1.892821,-2.038734,27.557712,0.481395,0.241812,1.452876,0.724107
-1.108431,33.752936,0.355769,-0.970897,0.566747,1.982520,-1.738285,26.560028,1.325462,-0.054905,1.898909,0.849145
-1.529148,30.556209,1.154291,-1.159274,0.820952,1.909768,-1.769070,25.119896,2.496600,-0.306674,2.206501,0.958785
-2.702404,27.194772,2.164786,-1.253814,1.021377,1.713683,-2.189861,23.246173,3.769776,-0.486038,2.328111,1.012105
-4.437335,24.186756,3.169384,-1.289115,1.125861,1.442241,-3.004480,21.079049,4.910943,-0.612923,2.283466,0.961324
-6.417615,21.835514,3.994862,-1.295674,1.128468,1.094388,-4.157448,18.855041,5.748149,-0.739461,2.130490,0.768986
-8.473182,20.178920,4.533415,-1.310333,1.055915,0.648593,-5.498464,16.849311,6.192837,-0.863120,1.936348,0.446599
-10.530562,19.035120,4.766518,-1.365510,0.933727,0.100008,-6.796031,15.222714,6.230983,-0.907985,1.730265,0.062295
-12.449173,18.133778,4.741823,-1.474122,0.761766,-0.501574,-7.779573,13.921797,5.885940,-0.797955,1.508709,-0.293770
-13.995100,17.214712,4.500226,-1.612839,0.538053,-1.050092,-8.195279,12.782641,5.222977,-0.502074,1.282584,-0.556436
-14.845803,16.102971,4.096432,-1.723915,0.303329,-1.427296,-7.922200,11.657612,4.383251,-0.044120,1.111612,-0.680916
-14.648066,14.723982,3.663883,-1.755261,0.117356,-1.561418,-7.032723,10.459001,3.582314,0.467355,1.049001,-0.642749
-13.203864,13.108431,3.361559,-1.690144,0.017180,-1.435648,-5.719196,9.193383,3.029458,0.875794,1.100838,-0.459048
-10.613557,11.337312,3.278893,-1.549074,0.009257,-1.086848,-4.203648,7.959053,2.853459,1.052029,1.232551,-0.187055
-7.276594,9.504983,3.417623,-1.374273,0.083427,-0.621178,-2.716116,6.860494,3.071766,0.933578,1.395658,0.096180
-3.819248,7.701738,3.706081,-1.212558,0.213987,-0.186987,-1.453916,5.944932,3.604656,0.541050,1.529264,0.302427
-0.911541,6.020124,4.025908,-1.107445,0.360357,0.089469,-0.533458,5.194950,4.304773,-0.009964,1.570487,0.355402
0.984205,4.511325,4.286741,-1.107879,0.462904,0.124857,0.016171,4.526128,5.002534,-0.565237,1.454425,0.209832
1.758647,3.197238,4.450846,-1.255141,0.455447,-0.109174,0.238280,3.837220,5.546776,-1.003691,1.145872,-0.135091
1.606226,2.088607,4.487108,-1.552192,0.306292,-0.559319,0.237957,3.095032,5.836474,-1.260251,0.683212,-0.633305
0.887940,1.192409,4.377222,-1.958089,0.056777,-1.116667,0.119877,2.334497,5.841676,-1.330264,0.181555,-1.191891
-0.008224,0.493107,4.159211,-2.408644,-0.204235,-1.665631,-0.052083,1.614977,5.607758,-1.277089,-0.238137,-1.692473
-0.798129,-0.033497,3.894196,-2.825294,-0.397187,-2.100134,-0.221031,1.030573,5.210096,-1.183967,-0.501121,-2.022050
-1.349788,-0.425398,3.621478,-3.129370,-0.479523,-2.344588,-0.304934,0.701021,4.707287,-1.100556,-0.589466,-2.107273
-1.644865,-0.709468,3.354429,-3.260852,-0.451073,-2.394099,-0.233563,0.704505,4.132262,-1.031053,-0.533178,-1.946441
-1.715786,-0.872830,3.085241,-3.187883,-0.351773,-2.286851,0.022563,1.031265,3.499129,-0.947907,-0.394271,-1.618976
-1.587509,-0.863189,2.795870,-2.915282,-0.240051,-2.053457,0.444239,1.587834,2.817127,-0.814333,-0.234600,-1.231701
-1.257492,-0.658415,2.486441,-2.494140,-0.166237,-1.729207,0.961866,2.228989,2.116122,-0.618729,-0.100562,-0.870166
-0.731819,-0.293297,2.172407,-2.013288,-0.160322,-1.372035,1.470635,2.820320,1.447491,-0.387021,-0.014456,-0.582288
-0.078761,0.164670,1.857503,-1.570706,-0.221888,-1.031323,1.874576,3.296113,0.857848,-0.169107,0.031350,-0.377331
0.553013,0.653140,1.533295,-1.246848,-0.316209,-0.745418,2.104280,3.660397,0.391029,-0.016251,0.061965,-0.242034
0.991696,1.122623,1.207733,-1.087633,-0.397220,-0.546025,2.114034,3.949055,0.094092,0.032848,0.092100,-0.163736
1.121133,1.555209,0.908565,-1.094961,-0.432365,-0.429524,1.893040,4.218747,-0.007763,-0.031339,0.123274,-0.117383
0.927651,1.956480,0.668846,-1.227974,-0.407317,-0.363469,1.483859,4.551430,0.058681,-0.174351,0.152089,-0.074889
0.496199,2.329717,0.516940,-1.420783,-0.334148,-0.332233,0.965156,5.012283,0.223611,-0.324317,0.168923,-0.041838
-0.029306,2.671400,0.466507,-1.603676,-0.247243,-0.324762,0.424886,5.604342,0.379072,-0.401288,0.169122,-0.038418
-0.499510,3.002874,0.506902,-1.722151,-0.173185,-0.309457,-0.055159,6.271530,0.414158,-0.348740,0.171715,-0.051643
-0.816165,3.350789,0.608716,-1.749707,-0.121878,-0.267194,-0.413024,6.920842,0.268790,-0.155091,0.205133,-0.052256
-0.967561,3.710376,0.735017,-1.699450,-0.101852,-0.212427,-0.623666,7.443998,-0.056130,0.133845,0.286572,-0.027257
-1.010241,4.051099,0.847848,-1.615461,-0.119683,-0.177857,-0.702194,7.752003,-0.525447,0.425440,0.422242,0.026499
-1.035185,4.339026,0.918525,-1.549557,-0.172321,-0.211130,-0.699255,7.811556,-1.036920,0.616445,0.603881,0.082515
-1.128742,4.534217,0.948267,-1.543526,-0.255192,-0.354686,-0.689596,7.628539,-1.440472,0.628926,0.799305,0.081291
-1.331760,4.628591,0.971960,-1.619524,-0.359033,-0.595367,-0.746729,7.263821,-1.617749,0.428866,0.968740,-0.020108
-1.617663,4.675439,1.037443,-1.775404,-0.467715,-0.878310,-0.911427,6.885074,-1.537575,0.040212,1.079265,-0.247096
-1.924191,4.759700,1.181458,-1.993049,-0.570823,-1.152275,-1.178950,6.688554,-1.246804,-0.463615,1.100568,-0.636342
-2.196143,4.986703,1.414252,-2.241777,-0.653321,-1.365822,-1.504790,6.775857,-0.854345,-0.988920,1.021372,-1.160602
-2.391019,5.520035,1.721494,-2.478499,-0.668900,-1.457677,-1.822023,7.239925,-0.456775,-1.456526,0.875283,-1.703505
-2.467876,6.522897,2.081616,-2.660743,-0.571509,-1.396163,-2.067459,8.229651,-0.083698,-1.824632,0.715207,-2.145965
-2.399957,8.045399,2.470091,-2.769650,-0.353072,-1.192513,-2.211499,9.852645,0.272627,-2.099581,0.590892,-2.408167
-2.162392,9.998086,2.851519,-2.821482,-0.036036,-0.889275,-2.270115,12.070976,0.599728,-2.316220,0.561122,-2.428103
-1.735274,12.190165,3.188858,-2.856367,0.339679,-0.554916,-2.281941,14.697528,0.890568,-2.501843,0.677515,-2.204496
-1.142332,14.367433,3.462224,-2.915643,0.713108,-0.265010,-2.266231,17.340194,1.138938,-2.640519,0.939349,-1.800860
-0.465873,16.306469,3.675824,-3.019251,1.023155,-0.057016,-2.211594,19.531179,1.325248,-2.678652,1.294246,-1.292449
0.192640,17.874852,3.857838,-3.158279,1.218050,0.065573,-2.099799,20.977495,1.437070,-2.562011,1.657502,-0.768556
0.735169,19.005859,4.049136,-3.303948,1.255980,0.106041,-1.933818,21.576406,1.492454,-2.276609,1.925462,-0.348712
1.096746,19.696673,4.281208,-3.410772,1.132669,0.074582,-1.747827,21.298222,1.536247,-1.860408,2.018085,-0.090681
1.295376,20.055949,4.572089,-3.420113,0.908479,-0.003638,-1.600561,20.402977,1.662939,-1.405180,1.931365,0.034547
1.432888,20.241715,4.930982,-3.286018,0.662166,-0.105588,-1.540185,19.445771,1.972557,-1.029314,1.717957,0.068280
1.620351,20.372080,5.345870,-2.998453,0.449305,-0.207437,-1.571835,18.962445,2.483941,-0.828219,1.449871,0.041208
1.930928,20.522299,5.770818,-2.590127,0.302376,-0.278075,-1.653580,19.234624,3.107341,-0.830661,1.210479,-0.006140
2.369822,20.736586,6.135234,-2.118781,0.229722,-0.294182,-1.700877,20.246101,3.698903,-0.984534,1.061682,-0.049116
2.843003,21.016303,6.362751,-1.637920,0.203202,-0.257690,-1.594665,21.610040,4.106883,-1.148505,0.992705,-0.076407
3.191844,21.371610,6.399348,-1.182103,0.179038,-0.187976,-1.251166,22.833197,4.229802,-1.141937,0.937506,-0.080730
3.279084,21.799665,6.237362,-0.771198,0.113928,-0.118850,-0.701503,23.651544,4.059364,-0.840199,0.829573,-0.071981
3.047807,22.208665,5.909892,-0.420222,-0.015690,-0.095293,-0.094223,24.002404,3.664441,-0.231936,0.636311,-0.066016
2.551306,22.455068,5.462180,-0.149700,-0.187542,-0.149380,0.373832,23.827214,3.140196,0.591877,0.378479,-0.051008
1.950950,22.475539,4.937622,0.011529,-0.329437,-0.275385,0.540655,23.234993,2.591244,1.460741,0.133909,-0.023400
1.442944,22.320645,4.373210,0.032203,-0.369480,-0.438717,0.357556,22.530065,2.097155,2.178610,-0.009012,-0.025210
1.161617,22.125577,3.801144,-0.103056,-0.272017,-0.591135,-0.094773,22.016472,1.678762,2.600044,0.005722,-0.097723
1.143593,22.059467,3.256278,-0.384770,-0.037581,-0.678120,-0.663663,21.872570,1.307143,2.664283,0.209560,-0.219833
1.353625,22.257320,2.787205,-0.768672,0.300165,-0.657898,-1.180527,22.140969,0.954117,2.394863,0.607670,-0.316044
1.708289,22.797627,2.446542,-1.160003,0.664745,-0.532397,-1.486747,22.703368,0.623242,1.918939,1.146738,-0.294504
2.111588,23.744033,2.275214,-1.424943,0.955817,-0.347333,-1.490106,23.442646,0.360006,1.445218,1.723145,-0.102884
2.479522,25.036750,2.308710,-1.428058,1.084904,-0.149817,-1.214313,24.324571,0.223291,1.177289,2.226144,0.261349
2.752037,26.377124,2.584834,-1.063932,1.015982,0.043501,-0.775108,25.222296,0.257150,1.251284,2.570835,0.779184
2.892317,27.328042,3.101507,-0.298103,0.787807,0.243579,-0.326758,25.759121,0.468803,1.715304,2.723145,1.402387
2.894474,27.445207,3.784128,0.795133,0.500459,0.477843,-0.016507,25.455561,0.844775,2.515829,2.711998,2.016781
2.779353,26.337318,4.505177,2.038332,0.266449,0.758495,0.065195,23.938176,1.360288,3.514296,2.608152,2.492911
2.573981,23.732930,5.125356,3.210866,0.172243,1.050115,-0.095003,20.987525,1.975045,4.538465,2.498726,2.775030
2.290920,19.567222,5.516797,4.111429,0.265511,1.289564,-0.456880,16.576902,2.611857,5.410054,2.476034,2.925837
1.951998,14.049122,5.597690,4.607654,0.545843,1.426396,-0.936843,11.009716,3.174045,5.969349,2.600966,3.072629
1.570972,7.704612,5.342481,4.668567,0.944487,1.436359,-1.417910,4.949158,3.565023,6.129174,2.845788,3.312494
1.115991,1.317391,4.764524,4.357302,1.333236,1.330076,-1.792532,-0.764518,3.713020,5.907431,3.086335,3.624210
0.534936,-4.295861,3.941942,3.795875,1.578065,1.169898,-2.003816,-5.309769,3.568673,5.396521,3.158302,3.898438
-0.157522,-8.663174,3.052574,3.139501,1.607068,1.042815,-2.031517,-8.206041,3.139822,4.723931,2.952437,4.022578
-0.848102,-11.718087,2.289359,2.531259,1.442585,1.002109,-1.875863,-9.512537,2.498926,4.020954,2.492619,3.925025
-1.339099,-13.635683,1.772794,2.044670,1.181758,1.056253,-1.556180,-9.678725,1.771967,3.396433,1.932113,3.575719
-1.393418,-14.801959,1.543726,1.668411,0.944067,1.177100,-1.088437,-9.337632,1.118853,2.915806,1.481908,3.018073
-0.849104,-15.811228,1.575149,1.354543,0.817068,1.292554,-0.465055,-9.344254,0.729918,2.591762,1.327629,2.357356
0.247526,-17.109998,1.777626,1.063529,0.824029,1.325705,0.302865,-10.524936,0.752519,2.387534,1.551225,1.732209
1.639165,-18.806885,2.049761,0.780851,0.928719,1.248164,1.142319,-13.216659,1.229148,2.247426,2.082506,1.256645
2.913617,-20.788988,2.302878,0.519755,1.048831,1.080572,1.911028,-17.142877,2.086288,2.142415,2.703752,0.960922
3.613649,-22.781267,2.453873,0.308502,1.076974,0.861744,2.435663,-21.761052,3.185311,2.090441,3.126694,0.772850
3.467084,-24.421255,2.451278,0.168423,0.937732,0.632126,2.594743,-26.471214,4.332968,2.130244,3.130163,0.608081
2.569248,-25.683605,2.323888,0.114544,0.647866,0.423938,2.413364,-30.802502,5.325418,2.276054,2.684020,0.442000
1.315673,-26.710703,2.126872,0.158043,0.309660,0.251286,2.063882,-34.335540,5.978938,2.496290,1.957851,0.305151
0.209610,-27.340171,1.877124,0.294663,0.054404,0.123216,1.769835,-36.391493,6.137251,2.729383,1.213345,0.254111
-0.325689,-27.409930,1.560339,0.491202,-0.015874,0.060496,1.719380,-36.280642,5.712450,2.897985,0.682370,0.369268
-0.120780,-27.042301,1.180251,0.695921,0.121631,0.077456,2.032810,-34.044483,4.782336,2.906228,0.485502,0.707011
0.679619,-26.376013,0.772088,0.856479,0.395946,0.177035,2.722466,-30.440934,3.568188,2.669480,0.599500,1.257141
1.748985,-25.937211,0.382862,0.926971,0.690624,0.367027,3.683432,-26.441934,2.332511,2.160493,0.895033,1.930951
2.732258,-26.863133,0.035848,0.876328,0.898805,0.651957,4.737708,-23.105907,1.287933,1.430515,1.202708,2.583846
3.364372,-29.964417,-0.269339,0.691057,0.955489,1.001852,5.714623,-21.697141,0.572272,0.591534,1.378488,3.066439
3.596413,-35.256182,-0.557257,0.367239,0.872582,1.341409,6.527477,-23.505623,0.227701,-0.231866,1.386235,3.283882
3.599242,-42.311422,-0.846972,-0.087530,0.739864,1.586807,7.204630,-29.393141,0.219239,-0.962454,1.315269,3.215461
3.595721,-50.164902,-1.141925,-0.639981,0.667329,1.695175,7.828589,-39.196615,0.451979,-1.575823,1.296274,2.906257
3.693171,-57.321966,-1.452871,-1.219534,0.725128,1.680785,8.427477,-51.282365,0.759961,-2.046920,1.403124,2.447828
3.801648,-62.511795,-1.790319,-1.721212,0.912167,1.594297,8.914329,-62.854257,0.966880,-2.319035,1.613062,1.955715
3.683284,-64.820738,-2.106585,-2.042679,1.144658,1.490791,9.156497,-70.972852,1.021085,-2.343058,1.813544,1.533474
3.140472,-63.919284,-2.339014,-2.126979,1.288966,1.418036,9.076306,-73.520301,0.989976,-2.107137,1.866541,1.222599
2.176546,-60.662318,-2.466492,-1.993457,1.227693,1.433290,8.691396,-69.709918,0.943700,-1.651725,1.694724,0.992512
0.968529,-56.287070,-2.468213,-1.725736,0.911228,1.598603,8.078375,-60.444024,0.885880,-1.083476,1.314351,0.791809
-0.236828,-50.951239,-2.280835,-1.437312,0.386872,1.925026,7.335061,-48.346503,0.764316,-0.552310,0.810414,0.609025
-1.223880,-44.386826,-1.880973,-1.230791,-0.204918,2.321381,6.527441,-36.943390,0.519848,-0.193893,0.322479,0.464326
-1.925049,-36.858968,-1.334958,-1.169387,-0.697450,2.650691,5.650001,-29.378360,0.126994,-0.103468,-0.005652,0.393541
-2.481913,-29.150030,-0.787142,-1.250712,-0.969207,2.827964,4.636169,-27.500773,-0.400324,-0.303946,-0.087592,0.439395
-3.188349,-22.388035,-0.398783,-1.396132,-0.972772,2.827227,3.401433,-31.444347,-1.051635,-0.693906,0.087092,0.631091
-4.362239,-17.881151,-0.290220,-1.460572,-0.748699,2.631803,1.835995,-39.422551,-1.804824,-1.067896,0.459765,0.950104
-6.161030,-16.495868,-0.520121,-1.304401,-0.411221,2.234816,-0.127264,-48.468656,-2.571463,-1.233076,0.903177,1.361314
-8.476100,-18.949395,-1.134811,-0.863192,-0.093149,1.666780,-2.418196,-55.890111,-3.228852,-1.088722,1.272773,1.815629
-11.023415,-25.713657,-2.101415,-0.181741,0.105146,1.016689,-4.833525,-60.002916,-3.685142,-0.659662,1.474009,2.235937
-13.521612,-35.891347,-3.232807,0.609756,0.150466,0.436973,-7.122214,-60.048406,-3.857226,-0.106612,1.497776,2.541037
-15.815679,-47.001958,-4.243376,1.371543,0.103686,0.078539,-9.008851,-56.456985,-3.699721,0.376786,1.404378,2.719398
-17.955059,-56.677899,-4.924556,2.046709,0.081783,-0.008521,-10.258281,-50.373368,-3.237502,0.714906,1.288111,2.802807
-20.185996,-63.599191,-5.266723,2.664417,0.176906,0.139788,-10.750529,-43.002233,-2.574889,0.952280,1.219321,2.814828
-22.787796,-67.479248,-5.482945,3.276474,0.421609,0.476282,-10.472513,-35.664146,-1.891717,1.172572,1.228223,2.740287
-25.829685,-68.474160,-5.786015,3.914833,0.800260,0.920440,-9.472175,-30.028966,-1.441300,1.482017,1.323301,2.545204
-28.986047,-66.789398,-6.244671,4.581673,1.244612,1.328219,-7.930518,-27.304428,-1.440955,1.965149,1.483296,2.161292
-31.542043,-62.953993,-6.853614,5.210508,1.650153,1.553727,-6.168099,-27.825590,-1.974419,2.595355,1.628001,1.546681
-32.662949,-58.446702,-7.583695,5.647602,1.906624,1.519425,-4.547984,-31.184405,-2.971440,3.231188,1.652930,0.714535
-31.760572,-54.895605,-8.263046,5.683728,1.931792,1.240716,-3.380658,-36.220855,-4.214690,3.666491,1.493769,-0.300219
-28.691204,-52.908949,-8.612075,5.117918,1.715500,0.829637,-2.841862,-40.837843,-5.320822,3.667200,1.172085,-1.457569
-23.780874,-51.753239,-8.335070,3.876806,1.347537,0.425814,-2.850667,-43.142721,-5.904444,3.106119,0.791009,-2.599784
-17.740798,-50.282686,-7.255936,2.108757,0.953926,0.106693,-3.112209,-42.130641,-5.746332,2.081397,0.474146,-3.483986
-11.504495,-47.807998,-5.476410,0.123675,0.622449,-0.102868,-3.292707,-37.812701,-4.860789,0.831396,0.288911,-3.906976
-6.005681,-44.239375,-3.399801,-1.748650,0.387154,-0.177526,-3.144393,-31.250791,-3.474917,-0.416582,0.243450,-3.800127
-1.924959,-39.303907,-1.416341,-3.217555,0.251751,-0.125153,-2.541637,-24.239128,-1.933359,-1.460708,0.323073,-3.228470
0.539349,-32.658770,0.237429,-4.067275,0.199139,-0.007910,-1.530684,-18.138260,-0.521620,-2.139223,0.483586,-2.403947
1.663443,-24.799226,1.378686,-4.221377,0.199210,0.110564,-0.314613,-13.519866,0.567522,-2.386667,0.639415,-1.576651
1.934727,-17.099496,1.883443,-3.766923,0.195996,0.206719,0.823723,-10.378915,1.210644,-2.238828,0.698951,-0.925038
1.762156,-10.722123,1.812479,-2.912097,0.124390,0.287030,1.596322,-8.355319,1.379638,-1.811222,0.606538,-0.541674
1.387270,-6.120930,1.346180,-1.938697,-0.037430,0.370918,1.796900,-6.685987,1.190625,-1.292751,0.372597,-0.460152
0.937324,-3.002236,0.735431,-1.090824,-0.238533,0.462751,1.420835,-4.809405,0.812026,-0.841085,0.090803,-0.574268
0.489779,-0.831092,0.223696,-0.473585,-0.401235,0.548732,0.653438,-2.753293,0.373573,-0.493477,-0.110044,-0.689239
0.055130,0.605517,-0.078533,-0.078533,-0.469223,0.632431,-0.260233,-0.939720,-0.076590,-0.227813,-0.145682,-0.653051
-0.430660,1.303253,-0.214268,0.123362,-0.422572,0.743677,-1.106580,0.237453,-0.545437,-0.049050,0.003998,-0.433534
-1.023191,1.529240,-0.236762,0.180141,-0.265465,0.887869,-1.730474,0.660139,-1.023668,0.040192,0.316078,-0.100519
-1.659269,1.574808,-0.187572,0.170641,-0.014787,1.023476,-2.047910,0.600185,-1.445814,0.066287,0.721919,0.208747
-2.176111,1.449593,-0.131550,0.168878,0.298774,1.099936,-2.040049,0.397830,-1.769949,0.066055,1.120086,0.395817
-2.422435,1.105310,-0.127051,0.207726,0.607404,1.092518,-1.764554,0.219042,-1.990658,0.069770,1.409569,0.452027
-2.356450,0.663557,-0.182862,0.283533,0.819986,1.006824,-1.375274,0.070678,-2.103961,0.085663,1.512457,0.419212
-2.042890,0.251174,-0.288453,0.361779,0.872693,0.870590,-1.065124,-0.027607,-2.090182,0.089896,1.403410,0.335748
-1.581121,-0.016624,-0.406902,0.415289,0.763488,0.716254,-0.949281,-0.047124,-1.933365,0.077873,1.140086,0.254939
-1.060797,-0.052238,-0.484036,0.451042,0.541010,0.575223,-1.020455,-0.049292,-1.637748,0.086493,0.833640,0.227232
-0.576023,0.122640,-0.487713,0.478830,0.274335,0.487969,-1.187996,-0.129603,-1.264615,0.136003,0.583466,0.260971
-0.204718,0.453978,-0.423778,0.473325,0.024814,0.485122,-1.318100,-0.299790,-0.895605,0.196655,0.445161,0.319497
0.027741,0.919208,-0.318373,0.409073,-0.161176,0.553678,-1.293063,-0.526253,-0.568775,0.228362,0.433003,0.355052
0.146570,1.452563,-0.207067,0.296180,-0.250738,0.642560,-1.060022,-0.795534,-0.284285,0.207575,0.529080,0.334972
0.212138,1.971998,-0.114873,0.163760,-0.229799,0.706734,-0.620193,-1.069590,-0.057777,0.134698,0.700476,0.264710
0.306220,2.423094,-0.052033,0.030814,-0.116391,0.735558,-0.014870,-1.256572,0.105987,0.036582,0.906236,0.176133
0.493299,2.764893,-0.021857,-0.089351,0.043001,0.750028,0.665152,-1.272916,0.221890,-0.049781,1.088943,0.097061
0.796847,2.986524,-0.022092,-0.182664,0.195705,0.778266,1.315551,-1.098765,0.306324,-0.096575,1.186956,0.034925
1.202618,3.120330,-0.039593,-0.233638,0.301972,0.826803,1.864715,-0.765172,0.371564,-0.080381,1.163793,-0.012490
1.649718,3.191792,-0.057759,-0.230718,0.341501,0.873938,2.272816,-0.367201,0.416897,0.004945,1.021814,-0.047616
2.035576,3.194384,-0.067044,-0.175104,0.312949,0.892234,2.514565,-0.023685,0.411599,0.127196,0.795756,-0.075152
2.266120,3.127467,-0.067150,-0.086607,0.230599,0.859778,2.587559,0.205418,0.340600,0.232013,0.537929,-0.100690
2.292270,2.999384,-0.063979,0.007517,0.121420,0.762694,2.499765,0.321312,0.232219,0.278742,0.304073,-0.125900
2.112605,2.811006,-0.064606,0.082712,0.018798,0.608435,2.259495,0.330352,0.123575,0.247913,0.145870,-0.148348
1.778759,2.562898,-0.069982,0.117294,-0.047969,0.435091,1.903165,0.271376,0.032864,0.144665,0.098950,-0.158513
1.377809,2.257805,-0.074392,0.091702,-0.063839,0.297152,1.502975,0.213187,-0.026907,-0.001362,0.166530,-0.147922
0.995309,1.903101,-0.072089,0.002931,-0.033758,0.238320,1.130455,0.211598,-0.046581,-0.147880,0.309061,-0.123174
0.701649,1.527725,-0.062257,-0.126786,0.022051,0.270211,0.837282,0.282999,-0.021053,-0.250860,0.457350,-0.099755
0.536428,1.179025,-0.042953,-0.258598,0.078348,0.367433,0.634599,0.393552,0.047276,-0.266187,0.552236,-0.084868
0.472825,0.912149,-0.014623,-0.348656,0.113049,0.480902,0.473062,0.473241,0.119462,-0.171882,0.577460,-0.077068
0.424994,0.781421,0.019297,-0.355301,0.116231,0.568914,0.280620,0.508526,0.140973,0.011324,0.547916,-0.064074
0.311863,0.806521,0.060901,-0.261296,0.094851,0.619169,0.023141,0.537780,0.097959,0.227679,0.485515,-0.025671
0.113200,0.918147,0.110483,-0.097940,0.064893,0.642387,-0.289368,0.535799,0.021679,0.412930,0.419376,0.052760
-0.134784,0.966191,0.149198,0.053559,0.036757,0.653396,-0.633257,0.370459,-0.048950,0.507880,0.380374,0.155623
-0.398554,0.808602,0.166815,0.091829,0.010725,0.658866,-0.994001,-0.082426,-0.068835,0.466250,0.369929,0.223071
-0.709269,0.451131,0.182416,-0.060182,-0.016556,0.655275,-1.384754,-0.834095,-0.031170,0.260383,0.358606,0.138516
-1.166037,0.128449,0.224225,-0.407689,-0.041647,0.635938,-1.828374,-1.701019,-0.021817,-0.106859,0.309575,-0.224284
-1.861595,0.260095,0.294904,-0.867928,-0.054580,0.592928,-2.307955,-2.299192,-0.218146,-0.595832,0.188669,-0.923347
-2.816667,1.315769,0.369745,-1.311750,-0.050658,0.513504,-2.762662,-2.155734,-0.811432,-1.132978,-0.011087,-1.906132
-3.962343,3.703661,0.392822,-1.615251,-0.044880,0.375663,-3.118189,-0.802376,-1.945036,-1.632650,-0.251670,-3.027465
-5.127465,7.661922,0.301633,-1.681595,-0.066769,0.163022,-3.270780,2.209680,-3.592502,-2.030804,-0.490931,-4.073067
-6.049120,13.144185,0.070070,-1.478023,-0.143045,-0.116684,-3.109917,7.112036,-5.491810,-2.303813,-0.697121,-4.824448
-6.465576,19.730938,-0.285002,-1.076656,-0.282176,-0.435498,-2.592864,13.680782,-7.216354,-2.438943,-0.811387,-5.103655
-6.221058,26.710437,-0.734236,-0.626175,-0.483320,-0.771612,-1.779956,21.257937,-8.353301,-2.401347,-0.783068,-4.830830
-5.306201,33.344989,-1.206760,-0.269822,-0.735366,-1.110636,-0.812055,28.994901,-8.623194,-2.141060,-0.641751,-4.093023
-3.878850,39.166070,-1.592101,-0.078282,-0.989227,-1.421427,0.112089,36.098870,-8.029693,-1.616312,-0.455538,-3.145416
-2.293971,44.019681,-1.788394,-0.002465,-1.155203,-1.640047,0.788219,42.060295,-6.911557,-0.793359,-0.263851,-2.256633
-1.015443,47.924990,-1.739149,0.137480,-1.171587,-1.699264,1.049092,46.709055,-5.825964,0.334600,-0.098977,-1.583020
-0.435133,50.934791,-1.438571,0.547895,-1.049689,-1.561306,0.778583,50.063465,-5.261887,1.707772,0.026658,-1.135496
-0.717015,53.125838,-0.943549,1.319181,-0.850247,-1.240969,-0.068372,52.242576,-5.435622,3.182750,0.160121,-0.806394
-1.650100,54.667107,-0.340628,2.393428,-0.634701,-0.803286,-1.393342,53.524129,-6.185159,4.536111,0.357857,-0.441390
-2.638558,55.842060,0.305154,3.591669,-0.431369,-0.327022,-2.952140,54.224635,-7.047279,5.494235,0.650357,0.040232
-2.920245,56.887048,0.958561,4.635558,-0.209627,0.123041,-4.408732,54.520874,-7.455319,5.845345,1.071749,0.644017
-1.814693,57.886667,1.565579,5.252589,0.079434,0.476648,-5.398540,54.466944,-7.017048,5.553206,1.599899,1.323277
1.130002,58.849611,2.054064,5.304197,0.454255,0.668169,-5.598806,54.116195,-5.658902,4.759270,2.099589,1.938315
5.944416,59.794392,2.360313,4.810732,0.926744,0.688973,-4.844184,53.630211,-3.656043,3.721603,2.445712,2.300900
12.062516,60.679478,2.444129,3.940884,1.514386,0.606068,-3.221117,53.325963,-1.505931,2.765529,2.642269,2.341232
18.359943,61.329355,2.313226,3.014765,2.150691,0.529170,-1.125131,53.471685,0.265811,2.196965,2.758981,2.151864
23.444607,61.449441,2.040110,2.373231,2.670025,0.562135,0.841182,54.012952,1.355684,2.184782,2.874232,1.919356
26.084883,60.778941,1.729598,2.190337,2.913168,0.749279,2.115386,54.594265,1.796064,2.711368,3.071201,1.853363
25.761402,59.325584,1.492053,2.449592,2.814537,1.052546,2.432800,54.795241,1.859926,3.586774,3.380444,2.073776
22.873248,57.433237,1.439235,3.009085,2.416089,1.403786,1.891896,54.254212,1.838725,4.494466,3.762097,2.516251
18.420950,55.529507,1.661160,3.627767,1.863145,1.726107,0.848709,52.781421,1.916758,5.111647,4.165552,3.003806
13.543712,53.897223,2.161376,4.072920,1.330271,1.918713,-0.260353,50.464864,2.113774,5.255705,4.502516,3.369419
9.234032,52.640116,2.838472,4.232538,0.933599,1.894843,-1.043840,47.623987,2.313936,4.917552,4.607641,3.472753
6.138503,51.715500,3.527648,4.085143,0.740807,1.657602,-1.240167,44.739020,2.377113,4.218914,4.371338,3.237611
4.496376,50.973842,4.039791,3.658086,0.802316,1.304168,-0.774654,42.361289,2.243185,3.364505,3.876359,2.719144
4.113183,50.183625,4.229897,3.066435,1.071581,0.990889,0.190064,40.777608,1.950471,2.580274,3.302400,2.073226
4.441379,49.046435,4.074138,2.454603,1.375661,0.841346,1.320863,39.816724,1.645238,2.013420,2.773733,1.450203
4.829054,47.337731,3.644661,1.886910,1.520964,0.862759,2.283887,39.085385,1.543009,1.697736,2.329477,0.950943
4.898698,45.103038,3.072516,1.358825,1.389421,0.955661,2.889423,38.278105,1.752443,1.577100,1.928384,0.607379
4.633834,42.665025,2.555532,0.849245,0.954714,1.021636,3.087563,37.285711,2.149928,1.537597,1.484871,0.392505
4.145604,40.427370,2.305077,0.311446,0.286609,0.995898,2.885141,36.246051,2.477600,1.444412,0.957541,0.248984
3.463194,38.712314,2.430669,-0.275187,-0.482929,0.838588,2.300230,35.422343,2.518267,1.236932,0.349990,0.139126
2.559020,37.688396,2.908386,-0.854138,-1.226368,0.546154,1.392443,34.963501,2.185231,0.952777,-0.359775,0.045139
1.477255,37.340738,3.617313,-1.353531,-1.844090,0.182165,0.300254,34.888102,1.577993,0.678761,-1.152726,-0.040221
0.460963,37.526074,4.371821,-1.745583,-2.253423,-0.130743,-0.766625,35.183390,0.951937,0.480115,-1.860274,-0.122656
-0.158073,38.044701,4.986230,-2.011957,-2.426376,-0.228603,-1.628469,35.684873,0.608600,0.385777,-2.252350,-0.184252
-0.211637,38.641367,5.362322,-2.144654,-2.411441,-0.002910,-2.250870,36.064499,0.779933,0.362157,-2.210092,-0.203595
0.165836,39.041854,5.482466,-2.166342,-2.279521,0.519357,-2.748305,36.052177,1.548537,0.344041,-1.769050,-0.174507
0.599077,39.023741,5.400702,-2.091466,-2.077096,1.204649,-3.300247,35.531342,2.759625,0.289530,-1.117310,-0.105496
0.667629,38.447182,5.261518,-1.904859,-1.830563,1.914773,-4.069277,34.472023,4.050295,0.208453,-0.528456,0.006830
0.079090,37.242773,5.226217,-1.622615,-1.551817,2.539080,-5.124115,32.889647,5.020800,0.112628,-0.198538,0.140509
-1.258299,35.419864,5.354924,-1.307352,-1.242713,2.986434,-6.385408,30.761999,5.421241,0.024702,-0.169985,0.247649
-3.174840,33.083075,5.603063,-1.029986,-0.910698,3.171383,-7.642858,28.019325,5.203993,-0.032036,-0.411779,0.282080
-5.192758,30.424280,5.878792,-0.873874,-0.583459,3.045251,-8.610684,24.748366,4.509002,-0.059442,-0.816819,0.210818
-6.650021,27.709350,6.078595,-0.946590,-0.301668,2.634770,-8.996015,21.304172,3.598328,-0.116282,-1.166308,0.011297
-6.992163,25.274315,6.117257,-1.323476,-0.099801,2.052619,-8.616383,18.145323,2.773239,-0.275416,-1.226303,-0.271413
-6.057438,23.423471,5.970371,-1.998905,0.004859,1.430335,-7.514676,15.665608,2.275444,-0.591567,-0.898896,-0.539911
-4.160029,22.311920,5.672174,-2.881903,0.017446,0.857690,-5.954666,14.131019,2.215309,-1.059938,-0.250759,-0.718758
-1.998148,21.894718,5.305297,-3.798360,-0.029528,0.373503,-4.335134,13.608028,2.523411,-1.604113,0.503037,-0.789587
-0.342681,21.947578,5.002228,-4.534935,-0.088763,-0.005329,-3.066128,13.943440,2.990344,-2.087347,1.093437,-0.760044
0.329521,22.143445,4.887437,-4.946815,-0.122663,-0.274569,-2.422580,14.817795,3.379385,-2.391758,1.364027,-0.667778
-0.045683,22.184820,4.987640,-5.013626,-0.108606,-0.435228,-2.464248,15.807390,3.542230,-2.457096,1.337760,-0.561594
-1.224541,21.887871,5.231172,-4.795988,-0.027891,-0.498225,-3.071843,16.501592,3.426837,-2.289115,1.111899,-0.469092
-2.761048,21.191701,5.513693,-4.396051,0.117264,-0.481869,-3.998054,16.667551,3.048642,-1.938778,0.809653,-0.399341
-4.180799,20.123484,5.739606,-3.943504,0.289567,-0.421176,-4.915344,16.279796,2.482409,-1.500569,0.575002,-0.357983
-5.164893,18.793546,5.834640,-3.555769,0.439373,-0.349260,-5.502416,15.426286,1.867924,-1.083022,0.514697,-0.324487
-5.594923,17.366336,5.769217,-3.304855,0.522642,-0.268930,-5.555024,14.252458,1.361428,-0.767527,0.633344,-0.268841
-5.500357,16.025569,5.565919,-3.218976,0.504584,-0.155056,-5.050505,12.945879,1.067612,-0.579719,0.862451,-0.192371
-5.078177,14.920851,5.286437,-3.267822,0.385305,0.002129,-4.164116,11.716685,0.992102,-0.497239,1.098126,-0.121906
-4.634788,14.114559,5.020279,-3.355510,0.206264,0.173641,-3.202156,10.766959,1.062044,-0.450873,1.242360,-0.072828
-4.348147,13.577936,4.844590,-3.370197,0.023047,0.276424,-2.459096,10.222019,1.185892,-0.355798,1.270746,-0.038424
-4.182734,13.230219,4.767184,-3.241716,-0.105948,0.201926,-2.094768,10.056991,1.305621,-0.160914,1.256607,-0.000073
-4.037686,12.931111,4.730451,-2.945381,-0.117946,-0.116846,-2.112399,10.106777,1.391546,0.126767,1.286397,0.053505
-3.829470,12.503530,4.662945,-2.499945,0.021366,-0.676057,-2.379237,10.142867,1.431877,0.456478,1.397732,0.098078
-3.504925,11.780684,4.509000,-1.978919,0.293115,-1.441245,-2.676140,9.942273,1.439749,0.747180,1.581899,0.080590
-3.069555,10.651391,4.234301,-1.502193,0.636885,-2.319140,-2.776873,9.334368,1.451626,0.908246,1.792166,-0.039601
-2.524095,9.107414,3.834391,-1.209110,0.965964,-3.105447,-2.533922,8.261436,1.494692,0.880241,1.950752,-0.270535
-1.815229,7.286817,3.334608,-1.226087,1.185939,-3.553784,-1.922351,6.805921,1.558592,0.659672,1.990406,-0.601977
-0.919509,5.429964,2.779272,-1.605536,1.237254,-3.508854,-1.044487,5.180836,1.595327,0.295772,1.890677,-0.990927
0.089995,3.795879,2.222631,-2.275800,1.115347,-2.969463,-0.082225,3.674750,1.547789,-0.120135,1.683214,-1.344496
1.138364,2.594773,1.712667,-3.064118,0.857740,-2.107347,0.791737,2.542810,1.382021,-0.485071,1.444959,-1.550735
2.187569,1.941556,1.276578,-3.774134,0.527538,-1.198695,1.488149,1.908283,1.107534,-0.731547,1.275937,-1.538824
3.170915,1.824993,0.928896,-4.243919,0.193728,-0.470136,2.011013,1.752407,0.778681,-0.844095,1.235224,-1.310122
3.974196,2.149608,0.688371,-4.377629,-0.098173,-0.027069,2.434037,1.949251,0.484062,-0.841299,1.294656,-0.942752
4.474033,2.779576,0.578010,-4.161201,-0.334807,0.089640,2.854147,2.313030,0.324255,-0.753065,1.363287,-0.552467
4.574303,3.556049,0.610736,-3.651168,-0.517891,-0.093812,3.330632,2.660655,0.373369,-0.611294,1.351467,-0.230538
4.289774,4.324768,0.775879,-2.954173,-0.643923,-0.444126,3.854972,2.872860,0.648036,-0.437647,1.217268,-0.016202
3.768317,4.972181,1.037094,-2.214763,-0.699030,-0.786584,4.364730,2.910346,1.102895,-0.233417,0.981251,0.081969
3.207841,5.420664,1.339865,-1.572373,-0.667283,-0.996774,4.766998,2.807467,1.647660,0.013010,0.715384,0.081560
2.765939,5.632646,1.627800,-1.101639,-0.547053,-1.028013,4.966324,2.659563,2.171603,0.307353,0.508755,0.021534
2.536250,5.598575,1.860944,-0.799645,-0.357536,-0.918633,4.905720,2.572787,2.572058,0.637977,0.426426,-0.054446
2.537339,5.318116,2.027006,-0.622051,-0.132030,-0.751661,4.595405,2.608688,2.779487,0.971927,0.489859,-0.109979
2.727362,4.815887,2.138702,-0.516104,0.085136,-0.583381,4.124684,2.778056,2.776540,1.263391,0.672591,-0.119682
3.047620,4.158965,2.221328,-0.447300,0.246593,-0.450758,3.658019,3.044614,2.602511,1.465770,0.912371,-0.076758
3.456607,3.414532,2.295106,-0.420142,0.324072,-0.400584,3.391296,3.324921,2.335492,1.532038,1.145025,0.024648
3.948670,2.640955,2.363764,-0.468651,0.324251,-0.443679,3.472542,3.543673,2.059246,1.415304,1.333407,0.175817
4.566423,1.926343,2.416608,-0.639890,0.289859,-0.517374,3.951395,3.693675,1.843727,1.088681,1.464134,0.312489
5.345993,1.383962,2.438690,-0.997698,0.278795,-0.534429,4.762003,3.825533,1.739219,0.564506,1.526104,0.308611
6.224392,1.081270,2.418224,-1.599006,0.320004,-0.429086,5.728483,4.000689,1.768464,-0.109827,1.491696,0.021203
7.022244,1.021757,2.355506,-2.441681,0.384874,-0.203748,6.605812,4.264573,1.921720,-0.862817,1.316523,-0.667745
7.505205,1.125677,2.263956,-3.454129,0.409761,0.033817,7.158255,4.589466,2.160364,-1.615821,0.968933,-1.769786
7.454552,1.207801,2.156227,-4.524229,0.339225,0.105518,7.226698,4.833148,2.418962,-2.303958,0.464755,-3.135747
6.747618,0.979289,2.028435,-5.533607,0.144002,-0.159114,6.775331,4.797056,2.612561,-2.882384,-0.127436,-4.495017
5.427340,0.119770,1.858376,-6.398038,-0.172170,-0.886253,5.912590,4.295946,2.652741,-3.330953,-0.701367,-5.540349
3.688174,-1.631885,1.611364,-7.095416,-0.557778,-2.078209,4.856685,3.164244,2.466982,-3.674315,-1.134491,-5.989323
1.805856,-4.357699,1.259860,-7.634033,-0.928099,-3.543696,3.845336,1.299442,2.021715,-3.963863,-1.333750,-5.705640
0.068766,-7.861330,0.808581,-8.028572,-1.193973,-4.950290,3.056909,-1.193215,1.346681,-4.240059,-1.279405,-4.774929
-1.303339,-11.547698,0.307516,-8.327131,-1.283635,-5.954337,2.565799,-3.971515,0.538845,-4.524985,-1.026661,-3.444664
-2.229456,-14.618826,-0.167965,-8.610343,-1.170801,-6.282180,2.336013,-6.630473,-0.264417,-4.824229,-0.679224,-2.023741
-2.750654,-16.388050,-0.540101,-8.925115,-0.894015,-5.834261,2.264166,-8.788211,-0.922827,-5.112459,-0.351319,-0.826894
-2.964270,-16.493682,-0.745089,-9.269718,-0.529125,-4.752144,2.241261,-10.190396,-1.323747,-5.360725,-0.122878,-0.063106
-2.987026,-15.101860,-0.768307,-9.615823,-0.153111,-3.352966,2.181401,-10.997320,-1.412296,-5.561662,-0.017259,0.238568
-2.924830,-13.082586,-0.664917,-9.913197,0.172451,-1.976934,2.040174,-11.736457,-1.207440,-5.714368,-0.014690,0.193140
-2.835907,-11.376644,-0.503828,-10.092670,0.408549,-0.878641,1.831027,-12.883515,-0.798617,-5.808904,-0.060968,-0.002014
-2.734369,-10.460792,-0.332510,-10.085109,0.550441,-0.158141,1.602471,-14.809941,-0.323390,-5.822014,-0.074600,-0.106209
-2.622867,-10.578689,-0.200616,-9.786786,0.617755,0.242994,1.406685,-17.931177,0.081726,-5.679327,0.016620,0.041141
-2.481513,-11.777368,-0.142938,-9.060042,0.640810,0.468032,1.293512,-22.367001,0.337998,-5.272222,0.228285,0.429584
-2.281842,-13.338699,-0.131362,-7.828324,0.644177,0.637258,1.296611,-27.610294,0.440871,-4.538026,0.525827,0.938003
-2.068091,-14.424607,-0.126016,-6.136541,0.632123,0.834086,1.431565,-32.865680,0.429310,-3.485928,0.857053,1.435408
-1.969536,-14.800766,-0.128113,-4.077159,0.594354,1.121872,1.723398,-37.394752,0.349084,-2.145436,1.183595,1.807897
-2.066981,-14.566594,-0.155648,-1.768276,0.532174,1.496599,2.194858,-40.853948,0.244355,-0.574652,1.488298,1.999902
-2.296554,-14.200813,-0.259652,0.601955,0.463339,1.862109,2.836700,-43.703816,0.150536,1.104507,1.772918,2.044705
-2.435467,-15.067178,-0.542303,2.819077,0.420807,2.148390,3.637835,-46.727451,0.074710,2.735431,2.047268,2.041045
-2.148304,-18.228468,-1.042380,4.745313,0.446749,2.404923,4.610833,-50.004701,-0.015403,4.199027,2.335988,2.117555
-1.121582,-23.773824,-1.702016,6.355298,0.570881,2.720480,5.748364,-53.088591,-0.173967,5.485661,2.661095,2.400366
0.724912,-31.619364,-2.455732,7.757268,0.793548,3.114201,6.989962,-55.619033,-0.421633,6.728824,3.012703,2.925091
3.192094,-41.313160,-3.204951,9.156640,1.086925,3.521041,8.204464,-57.185414,-0.699736,8.108699,3.326507,3.577058
5.833021,-51.028418,-3.767788,10.664693,1.388290,3.770142,9.170049,-57.110231,-0.893986,9.674402,3.515214,4.167562
7.960667,-58.753560,-4.001999,12.153740,1.610240,3.673843,9.644213,-54.949391,-0.909191,11.271680,3.507523,4.553363
8.826663,-63.126010,-3.874938,13.347102,1.683275,3.195606,9.475014,-50.768556,-0.723510,12.629865,3.281019,4.640235
8.043738,-62.898696,-3.412926,13.931912,1.581767,2.405528,8.623122,-45.274860,-0.381811,13.452690,2.852836,4.351565
5.774477,-57.565677,-2.725583,13.576562,1.318730,1.346879,7.172584,-39.734793,0.037621,13.442036,2.260168,3.644074
2.645235,-48.425089,-2.014619,12.069996,0.939622,0.128560,5.365043,-35.115711,0.435923,12.388771,1.553013,2.538483
-0.486683,-37.376827,-1.428942,9.505699,0.506266,-1.012704,3.542072,-31.191171,0.713409,10.317679,0.807361,1.134591
-2.855887,-26.189251,-1.016147,6.288980,0.065430,-1.860218,2.016329,-27.149014,0.802566,7.556555,0.101512,-0.372195
-4.093158,-16.865241,-0.788270,3.013178,-0.351016,-2.322531,0.978237,-22.517085,0.701665,4.663513,-0.499144,-1.726487
-4.206501,-10.764031,-0.696909,0.298891,-0.706952,-2.403302,0.434425,-17.378544,0.481122,2.232217,-0.939493,-2.700748
-3.471408,-7.562764,-0.614541,-1.456192,-0.965984,-2.217524,0.220776,-12.106719,0.244918,0.642949,-1.173494,-3.158627
-2.389490,-6.341947,-0.435375,-2.214403,-1.102975,-1.916117,0.135824,-7.183373,0.062515,-0.054522,-1.182741,-3.058165
-1.556093,-6.288767,-0.118788,-2.187522,-1.102870,-1.543319,0.053192,-3.017042,-0.065938,-0.058493,-0.985164,-2.481969
-1.361539,-6.419943,0.321718,-1.675893,-0.969077,-1.094377,-0.085058,-0.048231,-0.179777,0.331811,-0.648598,-1.644564
-1.902989,-6.053424,0.794314,-1.020570,-0.729429,-0.641355,-0.289211,1.334854,-0.307918,0.781778,-0.282967,-0.812443
-3.029204,-5.268956,1.148386,-0.505018,-0.434689,-0.249390,-0.531256,1.229794,-0.463727,1.008484,0.013554,-0.191594
-4.440245,-4.277729,1.265758,-0.248911,-0.150660,0.078456,-0.773719,0.389739,-0.642048,0.895315,0.202440,0.122917
-5.826856,-3.260570,1.102578,-0.216127,0.060912,0.337171,-0.980269,-0.360184,-0.806760,0.523238,0.287559,0.154199
-6.938640,-2.545823,0.688424,-0.295547,0.170523,0.504271,-1.118629,-0.624610,-0.901345,0.092938,0.294135,0.009283
-7.503999,-2.215782,0.123208,-0.367854,0.189902,0.575544,-1.187222,-0.467648,-0.876778,-0.189688,0.273618,-0.180044
-7.303533,-1.947748,-0.450425,-0.378478,0.155340,0.546125,-1.205897,-0.134534,-0.715104,-0.224081,0.280913,-0.317684
-6.332257,-1.583275,-0.899363,-0.342418,0.103073,0.427654,-1.176272,0.179478,-0.448711,-0.038614,0.337766,-0.359148
-4.844001,-1.292622,-1.134434,-0.284159,0.055317,0.279621,-1.080897,0.358127,-0.149559,0.266931,0.423900,-0.313356
-3.237078,-1.258818,-1.128942,-0.205075,0.018015,0.164316,-0.920336,0.265502,0.111971,0.585734,0.492103,-0.227782
-1.938016,-1.556420,-0.926853,-0.113267,-0.011378,0.092078,-0.736674,-0.205563,0.294314,0.823905,0.497745,-0.150594
-1.258984,-2.153985,-0.632379,-0.034038,-0.037685,0.057405,-0.606434,-1.017915,0.375807,0.920533,0.440411,-0.096365
-1.328982,-2.875939,-0.370454,0.007475,-0.061682,0.060348,-0.599951,-2.007857,0.354128,0.874391,0.369510,-0.059758
-2.108251,-3.496365,-0.220977,0.001896,-0.068961,0.090037,-0.733966,-2.990631,0.255401,0.740041,0.346239,-0.038930
-3.361767,-3.816617,-0.185367,-0.047237,-0.031239,0.128375,-0.963737,-3.810520,0.120840,0.584548,0.408655,-0.036782
-4.638215,-3.696444,-0.215795,-0.134384,0.074193,0.166452,-1.216284,-4.361263,-0.011498,0.446511,0.566713,-0.047086
-5.466466,-3.119415,-0.255270,-0.251966,0.244684,0.196229,-1.426192,-4.611768,-0.113308,0.327261,0.796009,-0.058888
-5.576203,-2.202834,-0.250738,-0.376784,0.447397,0.207612,-1.556167,-4.594131,-0.167979,0.214669,1.038665,-0.065629
-4.980190,-1.137001,-0.169442,-0.475746,0.630399,0.195324,-1.597551,-4.363218,-0.164377,0.103545,1.222835,-0.066486
-3.936883,-0.143956,-0.007102,-0.525992,0.744186,0.162942,-1.559589,-3.959932,-0.093481,0.001732,1.290981,-0.063712
-2.802362,0.590797,0.213326,-0.523994,0.761589,0.117142,-1.465436,-3.437744,0.038022,-0.068773,1.221440,-0.061680
-1.845668,0.993032,0.448155,-0.483911,0.683364,0.068153,-1.347570,-2.871660,0.200678,-0.082176,1.035428,-0.061911
-1.191927,1.116867,0.652961,-0.427411,0.529895,0.028099,-1.232382,-2.342368,0.353780,-0.021963,0.783446,-0.062656
-0.851172,1.097144,0.813428,-0.369099,0.335914,0.003656,-1.128804,-1.921908,0.457438,0.113845,0.525401,-0.062617
-0.748322,1.094593,0.939648,-0.313784,0.142109,-0.006485,-1.032108,-1.659459,0.482813,0.306307,0.308304,-0.062445
-0.759145,1.245917,1.041585,-0.265689,-0.019535,-0.005956,-0.941966,-1.556124,0.427714,0.509883,0.152781,-0.062498
-0.789134,1.617634,1.120532,-0.228245,-0.139456,0.000058,-0.875798,-1.575664,0.316226,0.673015,0.053228,-0.062515
-0.818115,2.204239,1.175667,-0.198842,-0.228334,0.005568,-0.859988,-1.674302,0.178967,0.764725,-0.009070,-0.062491
-0.862584,2.985660,1.205248,-0.172516,-0.300197,0.006751,-0.913294,-1.823779,0.036289,0.774891,-0.049170,-0.062493
-0.926373,3.965813,1.208932,-0.147984,-0.357405,0.002897,-1.040489,-2.016108,-0.106007,0.699475,-0.069783,-0.062512
-1.015657,5.148405,1.187539,-0.125931,-0.397456,-0.004422,-1.236732,-2.254496,-0.251378,0.541590,-0.067843,-0.062493
-1.177788,6.496682,1.141744,-0.104711,-0.426008,-0.012709,-1.494966,-2.543303,-0.405614,0.319353,-0.044406,-0.062502
-1.467182,7.983716,1.072083,-0.084405,-0.443131,-0.016448,-1.797409,-2.901137,-0.584682,0.060768,0.007108,-0.062500
