0.143277,0.771567,-0.044141,0.442552,0.272938,-0.044303,0.364526,0.556283,0.252877,-0.001878,-0.104282,-0.020910
0.147284,0.837714,-0.024323,0.482142,0.251152,-0.036570,0.434877,0.539756,0.319499,-0.015405,-0.203087,0.072802
0.140409,0.809847,-0.028792,0.517246,0.227007,-0.028476,0.487838,0.526879,0.394958,-0.032555,-0.327253,0.192618
0.122542,0.673960,-0.053587,0.538865,0.204850,-0.022241,0.518526,0.511624,0.467828,-0.050591,-0.450098,0.308947
0.090746,0.459978,-0.091877,0.538928,0.188290,-0.020320,0.525048,0.488210,0.524219,-0.066019,-0.541802,0.390871
0.043835,0.259462,-0.135627,0.516225,0.178759,-0.023838,0.512968,0.455367,0.554260,-0.075254,-0.582088,0.420725
-0.006836,0.170243,-0.177877,0.476469,0.176617,-0.031847,0.494663,0.416608,0.555337,-0.075238,-0.566254,0.397826
-0.035703,0.257452,-0.211774,0.428215,0.182712,-0.042425,0.484723,0.375464,0.529905,-0.063896,-0.500301,0.331104
-0.022143,0.565864,-0.231073,0.383825,0.196567,-0.053010,0.495195,0.333771,0.486762,-0.042146,-0.401619,0.238408
0.038100,1.050158,-0.231183,0.353956,0.217003,-0.060977,0.531296,0.291293,0.440419,-0.015193,-0.300910,0.145577
0.137681,1.559434,-0.209247,0.338544,0.244861,-0.064971,0.592473,0.247125,0.405816,0.009464,-0.234637,0.081185
0.249924,1.915118,-0.164062,0.326553,0.281583,-0.065322,0.670465,0.200765,0.392827,0.025422,-0.222624,0.059468
0.326610,2.008294,-0.097103,0.305583,0.325668,-0.062824,0.749282,0.154348,0.402560,0.028015,-0.260727,0.073707
0.324334,1.827123,-0.012198,0.268571,0.372313,-0.058556,0.812085,0.113555,0.426616,0.014512,-0.333204,0.108864
0.233925,1.470197,0.082375,0.217271,0.412712,-0.054126,0.848371,0.084429,0.451980,-0.013417,-0.419341,0.149854
0.089302,1.086721,0.172677,0.162207,0.434881,-0.051028,0.854496,0.069952,0.467995,-0.047966,-0.492949,0.179488
-0.040578,0.795003,0.241466,0.116495,0.428481,-0.049995,0.834712,0.071267,0.469192,-0.077916,-0.532049,0.184434
-0.083717,0.659525,0.275077,0.090449,0.389366,-0.051104,0.800626,0.088913,0.456498,-0.093253,-0.525180,0.161367
-0.007160,0.717413,0.268371,0.092618,0.320943,-0.053818,0.765051,0.122742,0.437332,-0.090022,-0.473850,0.116198
0.170321,0.932518,0.227878,0.126551,0.235126,-0.057072,0.737426,0.172950,0.423041,-0.072797,-0.398326,0.064874
0.398996,1.190487,0.170164,0.184035,0.151942,-0.059947,0.724325,0.239663,0.423535,-0.050791,-0.329430,0.027322
0.615370,1.364947,0.116954,0.248006,0.093376,-0.062118,0.726472,0.319561,0.442943,-0.031272,-0.285264,0.012484
0.755898,1.388066,0.088821,0.302167,0.074804,-0.063452,0.736374,0.405539,0.476858,-0.018086,-0.267968,0.016624
0.779413,1.263957,0.100023,0.335659,0.100664,-0.063810,0.742942,0.490009,0.514398,-0.012228,-0.273222,0.033336
0.683188,1.059354,0.152401,0.345772,0.162874,-0.063440,0.736369,0.566086,0.544292,-0.010476,-0.290719,0.055563
0.502688,0.851548,0.235113,0.338041,0.242920,-0.062848,0.708399,0.627984,0.559596,-0.004947,-0.302410,0.072158
0.297517,0.690712,0.330722,0.321032,0.317809,-0.062411,0.653901,0.672804,0.557814,0.012732,-0.292922,0.073012
0.123510,0.601484,0.422666,0.303527,0.365845,-0.062273,0.572772,0.698511,0.540940,0.046383,-0.254800,0.053809
0.006918,0.602109,0.499880,0.296723,0.371659,-0.062386,0.468937,0.701800,0.514074,0.092006,-0.191938,0.017420
-0.057663,0.687046,0.559104,0.309884,0.331989,-0.062529,0.349901,0.681072,0.482977,0.137708,-0.123564,-0.024141
-0.092249,0.823038,0.602118,0.343001,0.257427,-0.062548,0.227089,0.637073,0.452349,0.168736,-0.077350,-0.054369
-0.124534,0.968900,0.631961,0.386795,0.167438,-0.062496,0.112518,0.568998,0.423695,0.174992,-0.072027,-0.062604
-0.182875,1.097908,0.651324,0.427514,0.083071,-0.062489,0.014626,0.477154,0.393016,0.152804,-0.115845,-0.043340
-0.287666,1.201255,0.661958,0.450216,0.023013,-0.062503,-0.062969,0.369044,0.354054,0.103181,-0.208806,0.007743
-0.441836,1.279469,0.662575,0.444874,0.000171,-0.062501,-0.121582,0.259295,0.303496,0.032270,-0.337663,0.087492
-0.625816,1.327618,0.648816,0.410880,0.019161,-0.062498,-0.167657,0.166122,0.242048,-0.047860,-0.474984,0.180759
-0.802370,1.337468,0.616839,0.355803,0.076508,-0.062501,-0.210022,0.107820,0.173515,-0.122647,-0.590626,0.267620
-0.930409,1.303575,0.566744,0.293192,0.161729,-0.062500,-0.255436,0.094175,0.105238,-0.179163,-0.659988,0.330796
-0.978652,1.225497,0.503769,0.241874,0.258167,-0.062500,-0.305221,0.122758,0.046111,-0.208649,-0.669896,0.358065
-0.934102,1.106603,0.437976,0.218417,0.347130,-0.062500,-0.353898,0.185008,0.003125,-0.208530,-0.623375,0.347894
-0.807039,0.954413,0.380726,0.229281,0.412545,-0.062500,-0.390957,0.268668,-0.019761,-0.182622,-0.536342,0.308951
-0.629189,0.780747,0.340708,0.269412,0.443469,-0.062500,-0.406298,0.354228,-0.023368,-0.137879,-0.428406,0.252977
-0.443772,0.606971,0.322764,0.325883,0.435653,-0.062501,-0.394680,0.420561,-0.015112,-0.083530,-0.321100,0.193685
-0.293341,0.464299,0.327241,0.382365,0.393869,-0.062500,-0.358081,0.453194,-0.005224,-0.031341,-0.235714,0.147639
-0.207371,0.378835,0.346775,0.426419,0.330057,-0.062496,-0.305331,0.445737,-0.000688,0.008204,-0.182378,0.120984
-0.190135,0.357016,0.369793,0.453013,0.259273,-0.062512,-0.248876,0.399711,-0.003653,0.030676,-0.156056,0.105027
-0.221058,0.387660,0.381156,0.463473,0.197719,-0.062490,-0.198781,0.325537,-0.011975,0.036600,-0.146681,0.090283
-0.269389,0.448071,0.367912,0.463085,0.159848,-0.062446,-0.157919,0.237748,-0.019612,0.028547,-0.149494,0.078831
-0.303996,0.507327,0.330200,0.460123,0.151393,-0.062581,-0.120981,0.151534,-0.018957,0.010092,-0.164062,0.078606
-0.298125,0.532767,0.275755,0.461248,0.168051,-0.062751,-0.077285,0.082966,-0.004384,-0.014633,-0.190729,0.099798
-0.241138,0.499030,0.201072,0.468124,0.200796,-0.062394,-0.016726,0.043894,0.026143,-0.041490,-0.227052,0.149349
-0.146507,0.391709,0.109659,0.476398,0.240622,-0.061587,0.061190,0.033942,0.069644,-0.064822,-0.266724,0.222289
-0.046594,0.210172,0.028073,0.477287,0.281799,-0.061415,0.145528,0.042707,0.116861,-0.078888,-0.302023,0.302184
0.015659,-0.029814,-0.013327,0.462114,0.324810,-0.062845,0.221245,0.056313,0.154641,-0.081089,-0.328328,0.372919
0.001830,-0.301481,-0.012003,0.429322,0.372284,-0.065758,0.273535,0.060871,0.171307,-0.072153,-0.340998,0.417063
-0.099445,-0.569812,0.009317,0.385824,0.422895,-0.068940,0.287083,0.045269,0.160201,-0.054510,-0.335422,0.417946
-0.268762,-0.787808,-0.002454,0.343889,0.470900,-0.069782,0.250924,0.004432,0.120276,-0.034211,-0.314945,0.375575
-0.470760,-0.904175,-0.107095,0.314877,0.507110,-0.065387,0.166408,-0.060753,0.055816,-0.021367,-0.296843,0.316028
-0.659009,-0.880401,-0.326805,0.303425,0.517595,-0.055096,0.048600,-0.143757,-0.024374,-0.026546,-0.301608,0.275530
-0.778860,-0.701158,-0.642694,0.306729,0.490198,-0.040421,-0.074907,-0.231120,-0.108535,-0.055550,-0.339517,0.282595
-0.786401,-0.383407,-1.028171,0.319100,0.424535,-0.023696,-0.167529,-0.304803,-0.184174,-0.105677,-0.404463,0.345689
-0.664465,0.015816,-1.410796,0.333919,0.334307,-0.008718,-0.196680,-0.348811,-0.240218,-0.163608,-0.476430,0.446467
-0.430583,0.410651,-1.673416,0.344369,0.243985,-0.000022,-0.144239,-0.352325,-0.268866,-0.210689,-0.530154,0.548541
-0.140678,0.716629,-1.722259,0.347804,0.182269,0.000640,-0.004659,-0.309374,-0.266176,-0.232804,-0.548119,0.619753
0.130032,0.874333,-1.541577,0.349533,0.167585,-0.004382,0.209369,-0.219226,-0.231799,-0.226240,-0.525711,0.641628
0.323626,0.867288,-1.182570,0.360310,0.198746,-0.010482,0.457462,-0.088396,-0.168473,-0.196053,-0.469027,0.608687
0.413205,0.729456,-0.758595,0.389176,0.259584,-0.011920,0.681987,0.068232,-0.083096,-0.153217,-0.393388,0.532116
0.400804,0.521240,-0.390657,0.433996,0.327261,-0.004246,0.831431,0.228173,0.012500,-0.111473,-0.322458,0.439553
0.319202,0.295987,-0.141061,0.476416,0.379106,0.010985,0.875445,0.366053,0.103109,-0.083608,-0.278926,0.362489
0.225661,0.095712,-0.011861,0.490958,0.403695,0.027255,0.815275,0.462919,0.174008,-0.076355,-0.271866,0.320293
0.183553,-0.043621,0.004667,0.460083,0.406200,0.038322,0.685116,0.513484,0.213910,-0.086262,-0.293229,0.312008
0.246987,-0.094227,-0.053239,0.380988,0.401822,0.039700,0.534760,0.522799,0.217346,-0.099539,-0.323092,0.316431
0.436197,-0.034777,-0.121324,0.264473,0.406833,0.029146,0.408917,0.501230,0.186641,-0.100895,-0.341175,0.304792
0.718419,0.151707,-0.152870,0.131614,0.431588,0.009380,0.341232,0.463595,0.131794,-0.085457,-0.339388,0.258951
1.024630,0.470070,-0.140632,0.007781,0.473792,-0.012848,0.347608,0.429416,0.066890,-0.063048,-0.325637,0.181801
1.286614,0.913181,-0.099733,-0.083795,0.520302,-0.030777,0.419608,0.418675,0.006104,-0.051337,-0.314899,0.090680
1.457310,1.465469,-0.062013,-0.128938,0.557114,-0.039246,0.533476,0.447402,-0.040250,-0.066153,-0.320686,0.005976
1.525575,2.091434,-0.047883,-0.129798,0.574855,-0.035386,0.666438,0.523987,-0.067777,-0.114848,-0.351032,-0.056900
1.519700,2.721828,-0.051246,-0.105190,0.570721,-0.021879,0.800926,0.644728,-0.078960,-0.195806,-0.406299,-0.088900
1.494960,3.286671,-0.055446,-0.078519,0.551385,-0.005645,0.927316,0.803686,-0.078827,-0.297892,-0.476651,-0.089774
1.513680,3.746412,-0.058982,-0.065592,0.531161,0.007079,1.042851,1.002563,-0.071799,-0.400740,-0.545258,-0.068741
1.622104,4.084050,-0.063103,-0.072195,0.524953,0.012800,1.140882,1.235667,-0.064901,-0.480499,-0.592948,-0.042505
1.830083,4.300909,-0.064772,-0.097054,0.541277,0.009123,1.204988,1.487800,-0.064635,-0.519021,-0.606501,-0.027553
2.116921,4.460812,-0.063414,-0.130419,0.576607,-0.002277,1.229647,1.760602,-0.066271,-0.506370,-0.586470,-0.031267
2.440150,4.654421,-0.062267,-0.157879,0.615557,-0.017252,1.222448,2.067964,-0.058827,-0.445333,-0.547204,-0.047505
2.730805,4.892484,-0.062059,-0.175358,0.638920,-0.034152,1.179994,2.391582,-0.040473,-0.358820,-0.507483,-0.065308
2.897367,5.092780,-0.062538,-0.192049,0.636924,-0.051516,1.092497,2.665664,-0.028000,-0.284032,-0.483305,-0.081298
2.862073,5.198916,-0.062602,-0.213771,0.614650,-0.061245,0.976651,2.836852,-0.053177,-0.247952,-0.482669,-0.102155
2.594535,5.205089,-0.062468,-0.239172,0.583741,-0.058405,0.865148,2.923554,-0.141178,-0.257590,-0.503654,-0.136882
2.141398,5.158085,-0.062493,-0.267954,0.552012,-0.053753,0.793885,3.021477,-0.271538,-0.301294,-0.534995,-0.191344
1.640369,5.176371,-0.062507,-0.305312,0.523526,-0.064010,0.807744,3.258352,-0.365260,-0.351025,-0.560699,-0.264255
1.280992,5.454879,-0.062491,-0.356359,0.503405,-0.086204,0.951503,3.745996,-0.321309,-0.365401,-0.563286,-0.343922
1.237064,6.281946,-0.062541,-0.407261,0.494063,-0.104974,1.253894,4.587430,-0.050800,-0.293685,-0.531207,-0.417782
1.621688,8.154502,-0.062424,-0.391126,0.489914,-0.109787,1.756367,5.925906,0.502755,-0.073433,-0.465618,-0.474235
2.427445,11.635726,-0.062368,-0.190310,0.480944,-0.093442,2.493169,7.922987,1.323180,0.346146,-0.377036,-0.486952
3.462491,17.024596,-0.062754,0.309751,0.458517,-0.052940,3.415566,10.691026,2.298685,0.970287,-0.276391,-0.428229
4.366032,24.238316,-0.063308,1.179906,0.423398,0.007599,4.386429,14.260599,3.244525,1.753333,-0.179015,-0.316811
4.726341,32.962806,-0.062881,2.445149,0.390147,0.093286,5.247633,18.627536,3.941141,2.632853,-0.103956,-0.215943
4.226703,42.633707,-0.059906,4.059344,0.369011,0.214521,5.828967,23.776106,4.207079,3.547327,-0.063855,-0.179826
2.770195,52.421373,-0.055350,5.876581,0.352107,0.372608,5.975116,29.578162,3.987199,4.432957,-0.059044,-0.221232
0.539428,61.343776,-0.056210,7.662388,0.325993,0.577090,5.612103,35.671318,3.369322,5.218184,-0.079263,-0.296492
-2.093346,68.457398,-0.071249,9.147936,0.288282,0.861196,4.756760,41.498946,2.514581,5.833999,-0.097285,-0.294418
-4.748147,73.081400,-0.100313,10.107247,0.244602,1.232349,3.491322,46.462534,1.606620,6.224566,-0.082118,-0.107402
-7.154016,75.079267,-0.128677,10.432834,0.203736,1.635208,1.989206,50.069607,0.819953,6.354761,-0.026462,0.286407
-9.186732,74.837545,-0.131845,10.160718,0.174381,1.990213,0.490681,52.070682,0.279195,6.212322,0.053207,0.841409
-10.879529,73.012341,-0.084303,9.435715,0.157398,2.221055,-0.795083,52.548102,0.043199,5.820093,0.140444,1.469606
-12.352482,70.336196,0.029422,8.456200,0.146646,2.267392,-1.729197,51.858534,0.115010,5.234247,0.216105,2.015502
-13.682379,67.546325,0.205534,7.429482,0.141080,2.124014,-2.220334,50.501395,0.423661,4.543190,0.261880,2.323800
-14.835576,65.197245,0.419574,6.519739,0.137277,1.841795,-2.255098,48.999919,0.847750,3.864601,0.279499,2.348268
-15.686861,63.452691,0.628869,5.794037,0.124247,1.488654,-1.916373,47.660199,1.268200,3.299941,0.291592,2.152971
-16.054035,62.009950,0.777602,5.203828,0.096667,1.148264,-1.345782,46.386279,1.592346,2.873892,0.328895,1.873750
-15.806515,60.258894,0.818890,4.619661,0.061575,0.895664,-0.730472,44.795161,1.751424,2.540510,0.433164,1.696729
-14.993913,57.561267,0.738978,3.893665,0.027801,0.745818,-0.287946,42.444765,1.723277,2.214534,0.628058,1.730838
-13.836575,53.478496,0.562989,2.906377,0.000959,0.652416,-0.190657,38.936276,1.528528,1.779473,0.877435,1.901645
-12.597014,47.929832,0.343008,1.614481,-0.016975,0.561435,-0.488864,34.089064,1.209544,1.132197,1.103309,2.046156
-11.472150,41.261879,0.136802,0.085179,-0.028856,0.427950,-1.089585,28.093649,0.816971,0.249757,1.241556,2.037356
-10.504502,34.129615,-0.018740,-1.518709,-0.039594,0.247479,-1.774148,21.445292,0.400899,-0.817273,1.256248,1.798715
-9.571479,27.295033,-0.113712,-2.996568,-0.049470,0.072314,-2.259962,14.747333,-0.015017,-1.985801,1.142252,1.341671
-8.507323,21.447456,-0.150706,-4.171177,-0.057794,-0.036048,-2.314937,8.564960,-0.423160,-3.146674,0.931334,0.785894
-7.231044,16.957036,-0.136170,-4.955312,-0.065419,-0.061906,-1.853992,3.201507,-0.815497,-4.205872,0.673784,0.271044
-5.751768,13.765970,-0.086079,-5.375022,-0.070485,-0.014589,-0.951558,-1.348542,-1.168188,-5.129659,0.416715,-0.110453
-4.154621,11.586183,-0.021793,-5.534412,-0.070171,0.051280,0.195013,-5.162161,-1.429664,-5.908983,0.206860,-0.298578
-2.585192,10.060857,0.031996,-5.564413,-0.065932,0.043102,1.314590,-8.228305,-1.533055,-6.523195,0.074861,-0.295447
-1.187336,8.710552,0.046565,-5.602197,-0.061463,-0.105797,2.129517,-10.573897,-1.444990,-6.969649,0.011543,-0.191123
-0.049936,7.048749,-0.003164,-5.747113,-0.058523,-0.403334,2.439611,-12.281810,-1.188402,-7.254562,-0.016553,-0.087455
0.791932,4.814261,-0.131517,-6.012137,-0.056340,-0.827301,2.188998,-13.397835,-0.834154,-7.364106,-0.034011,-0.031287
1.356811,1.994211,-0.344549,-6.320081,-0.053951,-1.286293,1.469163,-13.909812,-0.474734,-7.291970,-0.049861,-0.028150
1.680637,-1.190630,-0.625224,-6.559190,-0.051562,-1.635351,0.470667,-13.765857,-0.187244,-7.077324,-0.061983,-0.053759
1.752597,-4.264719,-0.920527,-6.645644,-0.050362,-1.760702,-0.587904,-12.872554,-0.004834,-6.784057,-0.063049,-0.070604
1.517439,-6.655411,-1.155677,-6.568771,-0.051216,-1.631328,-1.521726,-11.192117,0.070450,-6.484622,-0.054737,-0.066896
0.955408,-7.841037,-1.266957,-6.385449,-0.053750,-1.284052,-2.200020,-8.737948,0.056388,-6.250445,-0.053315,-0.060447
0.133599,-7.348699,-1.226179,-6.187794,-0.057086,-0.835956,-2.530166,-5.461436,-0.002048,-6.126567,-0.072625,-0.062776
-0.797047,-4.949014,-1.052683,-6.064571,-0.060056,-0.420493,-2.473044,-1.339042,-0.051825,-6.120815,-0.109342,-0.064443
-1.656738,-0.915800,-0.798797,-6.076659,-0.061755,-0.108952,-2.075284,3.396122,-0.068678,-6.233335,-0.143290,-0.057905
-2.322948,4.058375,-0.516121,-6.230492,-0.062731,0.077056,-1.463272,8.245979,-0.063130,-6.453202,-0.147331,-0.053814
-2.772173,9.157756,-0.235153,-6.472229,-0.064273,0.116709,-0.789933,12.633017,-0.063397,-6.744412,-0.099508,-0.066694
-3.044535,13.636950,0.029700,-6.707940,-0.066486,0.039478,-0.183488,16.083623,-0.095634,-7.058058,0.008943,-0.097090
-3.199613,17.043568,0.274310,-6.847712,-0.067178,-0.062377,0.290723,18.410214,-0.156598,-7.354411,0.175352,-0.119867
-3.284758,19.329140,0.499693,-6.841168,-0.062647,-0.085428,0.639341,19.763087,-0.204124,-7.592484,0.387007,-0.082075
-3.308150,20.694194,0.702666,-6.697715,-0.051007,0.020077,0.911191,20.446838,-0.184968,-7.737283,0.621177,0.064479
-3.224747,21.409003,0.865223,-6.488374,-0.035841,0.209674,1.164850,20.755726,-0.061808,-7.791581,0.842596,0.289888
-2.946757,21.776723,0.950894,-6.331617,-0.026496,0.343687,1.468542,20.939059,0.185678,-7.817430,1.018045,0.452905
-2.392421,22.008713,0.922323,-6.343778,-0.034214,0.276406,1.881426,21.105747,0.548425,-7.914963,1.140191,0.367888
-1.563464,22.143546,0.770385,-6.588802,-0.069381,-0.092364,2.404620,21.207729,0.975678,-8.198046,1.228405,-0.116850
-0.582598,22.149132,0.529314,-7.048085,-0.138668,-0.817886,2.966583,21.208159,1.397799,-8.728574,1.298314,-1.075070
0.353031,22.026886,0.265574,-7.623228,-0.239275,-1.890818,3.455933,21.205656,1.762743,-9.437170,1.342293,-2.447933
1.053007,21.840823,0.052385,-8.168164,-0.355925,-3.196811,3.772451,21.421147,2.052188,-10.121142,1.334780,-4.020251
1.390413,21.768567,-0.053530,-8.530924,-0.464180,-4.518313,3.874321,22.159283,2.294632,-10.528306,1.253306,-5.461635
1.334011,22.053964,-0.020033,-8.575076,-0.536943,-5.572793,3.798806,23.648275,2.562530,-10.422177,1.093906,-6.395550
0.953007,22.798998,0.157108,-8.207489,-0.555470,-6.122984,3.623828,25.814110,2.924249,-9.650841,0.875710,-6.529130
0.386625,23.854129,0.451415,-7.414036,-0.517332,-6.091351,3.428234,28.272636,3.396863,-8.224808,0.621581,-5.811709
-0.181226,24.911809,0.806254,-6.270660,-0.433602,-5.549787,3.302597,30.396662,3.945185,-6.327523,0.350435,-4.469700
-0.562996,25.625353,1.153398,-4.910900,-0.322059,-4.628973,3.339240,31.449801,4.489138,-4.242362,0.089297,-2.864390
-0.636850,25.626933,1.436356,-3.488760,-0.205330,-3.499017,3.563209,30.943929,4.917673,-2.292289,-0.128691,-1.338911
-0.377113,24.658383,1.619518,-2.135938,-0.106363,-2.360852,3.915245,28.845507,5.138006,-0.741770,-0.288135,-0.142476
0.173664,22.658899,1.683964,-0.923869,-0.039982,-1.373600,4.281301,25.399139,5.115840,0.329172,-0.389571,0.605893
0.922462,19.770655,1.623560,0.127864,-0.008223,-0.632681,4.525023,21.008380,4.879863,1.020177,-0.438370,0.911875
1.747312,16.226958,1.450144,1.024796,0.000717,-0.155271,4.551102,16.102670,4.515585,1.480403,-0.438592,0.864329
2.545894,12.195550,1.204113,1.816486,0.007973,0.162925,4.356613,10.968425,4.133753,1.850504,-0.392448,0.618475
3.267551,7.603436,0.946392,2.606754,0.028615,0.497859,3.988743,5.789856,3.803369,2.259035,-0.303704,0.344812
3.883438,2.278585,0.732874,3.509148,0.062899,0.963915,3.489294,0.801702,3.534051,2.791134,-0.198906,0.143477
4.375946,-3.784156,0.596681,4.587028,0.104877,1.609783,2.904420,-3.884181,3.301905,3.468428,-0.121259,0.017652
4.729952,-10.193920,0.540746,5.815074,0.147834,2.437490,2.266904,-8.211262,3.051223,4.259398,-0.097410,-0.063918
4.906607,-16.245977,0.544610,7.055934,0.182443,3.352429,1.554784,-11.920931,2.708887,5.041253,-0.117566,-0.114162
4.853853,-21.051683,0.573937,8.086296,0.202795,4.150925,0.730871,-14.787064,2.247024,5.611537,-0.147996,-0.128439
4.546626,-23.916460,0.590491,8.674987,0.216092,4.637045,-0.211892,-16.949151,1.697537,5.800752,-0.137007,-0.108714
3.968384,-24.640434,0.563493,8.644100,0.243433,4.666681,-1.256778,-18.623600,1.134154,5.544426,-0.033982,-0.072903
3.124979,-23.603059,0.493421,7.906798,0.313313,4.192247,-2.316262,-20.034774,0.664841,4.846422,0.184278,-0.050028
2.089518,-21.674867,0.421745,6.529899,0.446133,3.320701,-3.220562,-21.402425,0.392873,3.789211,0.500297,-0.051162
1.009428,-20.062047,0.406902,4.754240,0.637844,2.280824,-3.808626,-22.638415,0.351461,2.566133,0.861930,-0.061180
0.045059,-19.687544,0.479738,2.922824,0.856350,1.283656,-3.999884,-23.383037,0.515764,1.448673,1.180202,-0.064029
-0.671361,-20.787125,0.630605,1.371818,1.053871,0.497807,-3.788871,-23.490070,0.825876,0.692287,1.356576,-0.062757
-1.073859,-22.831097,0.807577,0.333060,1.181738,0.027292,-3.260095,-22.928089,1.171724,0.457594,1.332211,-0.064825
-1.169588,-24.775589,0.933947,-0.136945,1.205026,-0.133475,-2.571697,-21.611144,1.421448,0.726903,1.119246,-0.068150
-1.007442,-25.530978,0.944030,-0.149286,1.114930,-0.092843,-1.875674,-19.716884,1.493370,1.303589,0.786799,-0.065855
-0.653385,-24.632445,0.814037,0.102054,0.937967,0.038117,-1.273879,-17.718085,1.354004,1.917853,0.430803,-0.055928
-0.227638,-22.343168,0.563023,0.420166,0.730426,0.164012,-0.840961,-15.906169,1.011622,2.357741,0.134696,-0.038721
0.126155,-19.271920,0.252667,0.645369,0.555390,0.220883,-0.599350,-14.408075,0.536347,2.505682,-0.057289,-0.022327
0.308121,-16.087290,-0.030421,0.694588,0.455497,0.201194,-0.509298,-13.245000,0.032530,2.346052,-0.140470,-0.021369
0.301291,-13.402451,-0.212288,0.576073,0.445033,0.143933,-0.504054,-12.162765,-0.412366,1.945271,-0.131726,-0.048790
0.156939,-11.404369,-0.269265,0.360540,0.509540,0.085401,-0.514606,-10.878113,-0.718827,1.416395,-0.073578,-0.113160
-0.038151,-9.894414,-0.221782,0.138761,0.613549,0.066417,-0.483082,-9.399530,-0.828620,0.866897,-0.028864,-0.217825
-0.206969,-8.567414,-0.116656,-0.017302,0.718253,0.118116,-0.392533,-7.773039,-0.754498,0.377493,-0.045537,-0.346415
-0.291492,-7.072619,-0.005172,-0.084702,0.793587,0.241137,-0.258232,-5.957367,-0.570180,-0.014991,-0.128016,-0.467707
-0.261452,-5.129307,0.084671,-0.085366,0.816687,0.413083,-0.100415,-4.048074,-0.354021,-0.307315,-0.243868,-0.554255
-0.132539,-2.825228,0.159347,-0.057397,0.783989,0.610877,0.058845,-2.232950,-0.174142,-0.514749,-0.346531,-0.591220
0.017985,-0.525901,0.239567,-0.034641,0.714522,0.802059,0.183008,-0.590909,-0.075677,-0.641583,-0.401696,-0.573357
0.089077,1.465263,0.348609,-0.039382,0.627813,0.950461,0.237783,0.845219,-0.055635,-0.672615,-0.405605,-0.507488
0.011726,3.020720,0.502197,-0.075320,0.525134,1.029862,0.212616,2.057823,-0.073418,-0.591205,-0.383574,-0.402428
-0.213145,4.130199,0.698113,-0.130248,0.401351,1.024508,0.127326,3.127725,-0.075817,-0.420335,-0.371151,-0.260702
-0.521890,4.905788,0.914212,-0.188079,0.252769,0.932119,0.021593,4.126142,-0.005983,-0.232046,-0.408089,-0.083686
-0.830962,5.455456,1.121379,-0.232908,0.083862,0.772580,-0.071184,5.039649,0.171109,-0.119731,-0.534887,0.120671
-1.075585,5.778177,1.292404,-0.251614,-0.085721,0.579006,-0.141977,5.858481,0.434326,-0.144958,-0.765100,0.343334
-1.220511,5.900518,1.406021,-0.240164,-0.230283,0.387382,-0.197960,6.586965,0.717446,-0.298941,-1.061872,0.565696
-1.269601,5.908975,1.450054,-0.206291,-0.336903,0.233905,-0.253408,7.165925,0.945175,-0.502140,-1.343978,0.750511
-1.265111,5.822779,1.421923,-0.160793,-0.396636,0.139173,-0.326990,7.511186,1.055211,-0.653177,-1.514171,0.851285
-1.271987,5.594376,1.322613,-0.104874,-0.400252,0.102156,-0.437400,7.576000,1.015809,-0.677155,-1.502530,0.836006
-1.356691,5.208522,1.158941,-0.022012,-0.349649,0.109538,-0.597566,7.358888,0.845009,-0.537402,-1.300623,0.702656
-1.555859,4.694370,0.947545,0.112510,-0.262754,0.139741,-0.810234,6.891306,0.599726,-0.243631,-0.964540,0.487413
-1.855011,4.086358,0.716645,0.311791,-0.163192,0.162647,-1.064511,6.243432,0.344676,0.136739,-0.587787,0.252123
-2.204049,3.416942,0.501355,0.562192,-0.077037,0.156051,-1.339409,5.487868,0.129186,0.492802,-0.267898,0.058917
-2.551491,2.732457,0.332809,0.828462,-0.022999,0.115723,-1.614886,4.672133,-0.021206,0.713554,-0.081697,-0.049804
-2.860637,2.080331,0.229130,1.065299,-0.003271,0.052803,-1.874138,3.823053,-0.107835,0.735986,-0.065693,-0.056293
-3.108697,1.501517,0.193160,1.228360,-0.010204,-0.011300,-2.095467,2.975283,-0.149633,0.572707,-0.203644,0.028247
-3.279192,1.017303,0.207275,1.283089,-0.036727,-0.050467,-2.252370,2.175081,-0.173160,0.295234,-0.431438,0.165769
-3.355178,0.620930,0.233940,1.217984,-0.068456,-0.048885,-2.324423,1.473032,-0.204471,-0.005696,-0.658972,0.304109
-3.323524,0.279292,0.225707,1.050318,-0.081407,-0.005245,-2.304630,0.910102,-0.253862,-0.253938,-0.804727,0.397296
-3.184101,-0.056472,0.141732,0.821401,-0.052389,0.072107,-2.198785,0.505386,-0.307705,-0.399083,-0.821093,0.420025
-2.946766,-0.439509,-0.037453,0.581185,0.030509,0.165217,-2.022337,0.245937,-0.343766,-0.422830,-0.704917,0.373700
-2.630965,-0.903542,-0.298841,0.374614,0.160748,0.247338,-1.793613,0.093630,-0.350899,-0.337428,-0.491406,0.279664
-2.271916,-1.435122,-0.599862,0.231842,0.311642,0.294158,-1.526197,-0.003517,-0.334929,-0.175255,-0.234003,0.166254
-1.915908,-1.955288,-0.883332,0.169684,0.446759,0.292238,-1.227394,-0.086601,-0.312237,0.025534,0.011975,0.058533
-1.607934,-2.333132,-1.092374,0.196027,0.534459,0.243557,-0.897839,-0.165720,-0.294997,0.233406,0.194787,-0.025173
-1.374980,-2.430470,-1.179706,0.311458,0.554327,0.164963,-0.529731,-0.211498,-0.280746,0.434049,0.279950,-0.075837
-1.209233,-2.157120,-1.125353,0.502676,0.502940,0.079998,-0.114494,-0.166924,-0.256706,0.625407,0.266049,-0.094723
-1.076740,-1.508471,-0.948457,0.740536,0.398659,0.006511,0.340010,0.026355,-0.213956,0.808635,0.181713,-0.091881
-0.946239,-0.569474,-0.699419,0.983287,0.277093,-0.047088,0.800681,0.401963,-0.148436,0.985282,0.068727,-0.079635
-0.799670,0.536734,-0.438727,1.187228,0.177126,-0.077848,1.221112,0.964282,-0.060440,1.160587,-0.028870,-0.067688
-0.635910,1.713045,-0.218538,1.319452,0.132016,-0.085131,1.556633,1.685554,0.050236,1.337705,-0.076429,-0.060817
-0.487488,2.904171,-0.067961,1.369264,0.159989,-0.074825,1.767061,2.512146,0.186791,1.511653,-0.063553,-0.056891
-0.420355,4.069894,0.007608,1.346912,0.259337,-0.060722,1.817825,3.378693,0.339013,1.668986,-0.002823,-0.052310
-0.500452,5.181523,0.016392,1.279765,0.410766,-0.056415,1.689461,4.225290,0.459484,1.793481,0.080575,-0.053181
-0.759880,6.242806,-0.026015,1.209357,0.586847,-0.066929,1.392744,5.008932,0.486896,1.875785,0.159704,-0.072241
-1.167479,7.314634,-0.092776,1.187533,0.758398,-0.089838,0.983685,5.734713,0.395515,1.927419,0.221606,-0.111784
-1.617683,8.522338,-0.150051,1.261737,0.905552,-0.113623,0.561494,6.474382,0.227669,1.978971,0.280939,-0.154026
-1.969058,10.024563,-0.166061,1.462497,1.025024,-0.116579,0.238866,7.341854,0.077518,2.071181,0.366675,-0.165531
-2.097971,11.949085,-0.114066,1.800031,1.127918,-0.072293,0.107814,8.464907,0.062751,2.254279,0.499678,-0.106195
-1.916765,14.385396,0.028316,2.272432,1.229663,0.043743,0.227344,9.927802,0.283504,2.581770,0.685088,0.051544
-1.399015,17.385835,0.275837,2.868693,1.343807,0.247856,0.614460,11.719771,0.781999,3.074135,0.909653,0.304101
-0.619991,20.892548,0.634020,3.562854,1.469512,0.527755,1.226442,13.751934,1.509606,3.689591,1.128263,0.617544
0.248387,24.671085,1.092695,4.302188,1.584501,0.835211,1.962692,15.854960,2.313325,4.331841,1.274393,0.934743
1.000696,28.369048,1.618844,5.011624,1.651382,1.104357,2.696504,17.759944,2.946461,4.884661,1.290998,1.176196
1.471178,31.631533,2.167327,5.616776,1.631863,1.272698,3.315041,19.249695,3.173825,5.249835,1.156088,1.263930
1.593044,34.227965,2.702224,6.075437,1.498261,1.294248,3.756043,20.304988,2.912908,5.379652,0.892109,1.164913
1.413653,36.129370,3.203277,6.387588,1.250372,1.165579,4.022927,21.063930,2.293664,5.287189,0.565909,0.916252
1.046025,37.468631,3.658179,6.583909,0.922908,0.926449,4.160592,21.680152,1.582016,5.036223,0.259009,0.600027
0.612853,38.410907,4.052291,6.706858,0.574596,0.632133,4.217844,22.260391,1.062758,4.721515,0.027769,0.297856
0.224958,39.124483,4.358724,6.804472,0.265403,0.333778,4.225203,22.750738,0.924499,4.441731,-0.110253,0.057326
-0.055371,39.777654,4.536602,6.915505,0.036935,0.075108,4.179190,22.958935,1.185869,4.260554,-0.165010,-0.117331
-0.249271,40.472064,4.546658,7.048239,-0.102528,-0.125864,4.041075,22.738431,1.707299,4.183886,-0.168824,-0.253966
-0.428017,41.198350,4.367918,7.171669,-0.172130,-0.266014,3.766529,22.050814,2.271753,4.179065,-0.158455,-0.366296
-0.648998,41.870531,3.996458,7.230796,-0.196344,-0.327795,3.342758,20.879352,2.640892,4.201168,-0.149120,-0.422382
-0.921885,42.325317,3.450766,7.170761,-0.187296,-0.275208,2.800134,19.408681,2.641379,4.200181,-0.127908,-0.352965
-1.206609,42.412804,2.785558,6.977083,-0.143529,-0.074092,2.205619,18.068862,2.270808,4.134836,-0.067471,-0.074042
-1.441237,42.108153,2.086004,6.690601,-0.054226,0.304770,1.642401,17.305512,1.702312,3.998754,0.061333,0.497233
-1.591531,41.488355,1.449261,6.375399,0.090639,0.852180,1.176889,17.346624,1.160329,3.812082,0.268248,1.374608
-1.664626,40.599070,0.967148,6.073327,0.289346,1.489323,0.835984,18.140194,0.820598,3.599135,0.524576,2.446077
-1.694645,39.449137,0.686969,5.795375,0.517935,2.085296,0.596765,19.271552,0.765844,3.379969,0.770591,3.503394
-1.755924,37.982821,0.573944,5.513499,0.727856,2.504446,0.376197,20.130770,0.972786,3.153822,0.942079,4.311019
-1.951635,36.028309,0.526377,5.152652,0.858160,2.633741,0.063960,20.212294,1.351174,2.875564,0.990112,4.657505
-2.323031,33.351562,0.423188,4.610131,0.864953,2.432409,-0.401919,19.216492,1.801507,2.483645,0.900935,4.450473
-2.802326,29.780933,0.146630,3.794030,0.744801,1.959644,-0.989842,16.946623,2.192677,1.920352,0.706548,3.770132
-3.256002,25.197200,-0.379756,2.648415,0.536458,1.342900,-1.593707,13.435110,2.362426,1.124674,0.465374,2.807629
-3.549008,19.661861,-1.129908,1.201638,0.300438,0.721648,-2.083160,9.018191,2.192666,0.065165,0.229777,1.779929
-3.602366,13.565613,-1.966685,-0.410746,0.092621,0.219570,-2.360499,4.234068,1.648383,-1.196733,0.034628,0.891931
-3.434980,7.552374,-2.692259,-1.992879,-0.054031,-0.095405,-2.400459,-0.336958,0.746679,-2.520793,-0.101106,0.269298
-3.129915,2.261139,-3.099691,-3.359965,-0.129721,-0.228830,-2.241712,-4.203220,-0.423159,-3.735612,-0.171637,-0.078341
-2.778912,-1.813140,-3.058849,-4.374798,-0.143146,-0.233329,-1.960625,-7.108296,-1.692998,-4.678811,-0.179377,-0.207878
-2.478692,-4.467755,-2.606893,-4.980998,-0.117458,-0.171144,-1.672244,-9.026613,-2.860113,-5.247673,-0.130588,-0.195087
-2.320664,-5.846147,-1.944771,-5.215893,-0.082009,-0.101548,-1.505331,-10.095901,-3.720546,-5.437304,-0.035771,-0.132695
-2.322386,-6.304100,-1.342855,-5.182157,-0.058156,-0.058891,-1.532635,-10.565566,-4.101508,-5.309344,0.094972,-0.087866
-2.417083,-6.228852,-1.051218,-5.005745,-0.052086,-0.045855,-1.742093,-10.775486,-3.966279,-4.974413,0.251377,-0.070433
-2.512937,-6.052592,-1.206305,-4.814520,-0.057080,-0.050033,-2.063728,-11.057967,-3.437617,-4.589459,0.412285,-0.066766
-2.541892,-6.145504,-1.760246,-4.699345,-0.062806,-0.059986,-2.407224,-11.624941,-2.715163,-4.306476,0.539667,-0.068329
-2.487193,-6.658975,-2.510879,-4.685640,-0.064074,-0.065673,-2.696949,-12.510894,-2.001631,-4.212326,0.593854,-0.066139
-2.389571,-7.529641,-3.211837,-4.749226,-0.062834,-0.064276,-2.900427,-13.612461,-1.474111,-4.334561,0.554003,-0.058907
-2.294999,-8.606945,-3.650955,-4.851845,-0.062238,-0.061551,-3.009447,-14.762185,-1.218866,-4.654542,0.430711,-0.057193
-2.216095,-9.688613,-3.713866,-4.959071,-0.062515,-0.062955,-3.012347,-15.790108,-1.219786,-5.109431,0.262004,-0.063953
-2.149011,-10.592798,-3.437841,-5.054703,-0.062598,-0.063783,-2.912088,-16.556132,-1.388044,-5.603465,0.094396,-0.066301
-2.085776,-11.207978,-2.992337,-5.145714,-0.062363,-0.058829,-2.746031,-16.978439,-1.581434,-6.030513,-0.035943,-0.056657
-1.990844,-11.476720,-2.581669,-5.253217,-0.061849,-0.056580,-2.553677,-17.029138,-1.647479,-6.297501,-0.107560,-0.051269
-1.811000,-11.375693,-2.366196,-5.390072,-0.061925,-0.067593,-2.366426,-16.753772,-1.524501,-6.351529,-0.116981,-0.070017
-1.514355,-10.986697,-2.406559,-5.547242,-0.064017,-0.086288,-2.217862,-16.283317,-1.248353,-6.189809,-0.078760,-0.106347
-1.113280,-10.468785,-2.638179,-5.691493,-0.066430,-0.094400,-2.135458,-15.780511,-0.896321,-5.852349,-0.018174,-0.121478
-0.659241,-9.963902,-2.913447,-5.773209,-0.064858,-0.071019,-2.121499,-15.353070,-0.551015,-5.415055,0.038088,-0.068249
-0.219775,-9.550034,-3.096168,-5.744645,-0.058832,0.006464,-2.158224,-15.038148,-0.283723,-4.978552,0.068990,0.082187
0.161269,-9.237727,-3.110179,-5.591752,-0.053580,0.135352,-2.197111,-14.788940,-0.118972,-4.649953,0.067431,0.297675
0.471861,-8.945629,-2.932709,-5.351640,-0.054061,0.264694,-2.157287,-14.449336,-0.042299,-4.517476,0.041116,0.462586
0.714029,-8.523563,-2.582682,-5.107494,-0.060381,0.305542,-1.962050,-13.763472,-0.018708,-4.619503,0.003931,0.420398
0.894078,-7.798954,-2.112558,-4.976506,-0.069101,0.137706,-1.582764,-12.454660,0.002076,-4.947362,-0.025170,0.021091
1.027799,-6.625939,-1.578024,-5.085386,-0.075675,-0.378900,-1.031879,-10.309401,0.066048,-5.488118,-0.016474,-0.876265
1.126489,-4.941161,-1.018238,-5.513219,-0.077152,-1.319341,-0.364797,-7.281413,0.174718,-6.226831,0.057762,-2.329921
1.173602,-2.807106,-0.446544,-6.247071,-0.071947,-2.642699,0.319304,-3.515397,0.294969,-7.120857,0.206677,-4.218287
1.111205,-0.389252,0.158847,-7.188298,-0.054769,-4.229621,0.907676,0.716607,0.388069,-8.102318,0.427678,-6.267121
0.870704,2.093005,0.835408,-8.188739,-0.015361,-5.919718,1.323959,5.088338,0.425034,-9.089456,0.716691,-8.168446
0.426192,4.405142,1.590014,-9.091184,0.056602,-7.518242,1.550088,9.245858,0.394949,-9.988337,1.063603,-9.673219
-0.166701,6.339538,2.383929,-9.775765,0.171038,-8.848819,1.638573,12.876379,0.309366,-10.713526,1.444312,-10.665549
-0.785268,7.762182,3.155481,-10.186338,0.339361,-9.779675,1.692267,15.770404,0.188205,-11.201179,1.819315,-11.176794
-1.286274,8.638730,3.842966,-10.326076,0.569962,-10.212846,1.810024,17.858847,0.050985,-11.400017,2.134555,-11.287422
-1.553819,9.029497,4.390496,-10.245712,0.853628,-10.105384,2.040590,19.209790,-0.079673,-11.282226,2.336517,-11.047111
-1.520048,9.055689,4.762399,-10.026521,1.154805,-9.488736,2.386412,19.983272,-0.177575,-10.880786,2.397532,-10.502893
-1.177768,8.846240,4.951683,-9.743654,1.416651,-8.408498,2.800166,20.332987,-0.217386,-10.291695,2.319681,-9.685845
-0.595009,8.502811,4.966623,-9.435828,1.576628,-6.929665,3.180943,20.389374,-0.170122,-9.638362,2.123220,-8.562898
0.079154,8.103493,4.827960,-9.107563,1.586442,-5.201127,3.412351,20.300603,-0.003464,-9.041144,1.855539,-7.106895
0.662348,7.700337,4.591791,-8.751261,1.433506,-3.447311,3.419171,20.209496,0.300967,-8.596985,1.594536,-5.394002
1.013840,7.322203,4.343715,-8.364340,1.146175,-1.892851,3.194357,20.204945,0.731064,-8.367655,1.416672,-3.606082
1.083398,6.998487,4.167380,-7.957736,0.783726,-0.715522,2.808601,20.332095,1.248585,-8.362971,1.356671,-1.982152
0.906026,6.758202,4.112804,-7.558489,0.419349,0.011977,2.385983,20.556402,1.797017,-8.526365,1.395206,-0.743247
0.565862,6.574725,4.189891,-7.200751,0.121726,0.339032,2.035104,20.717710,2.310243,-8.741155,1.470199,0.017719
0.159055,6.344907,4.364725,-6.914633,-0.069623,0.376578,1.808452,20.597546,2.746526,-8.864322,1.504501,0.357634
-0.227743,5.940028,4.580244,-6.720507,-0.154421,0.241137,1.716811,19.994735,3.130378,-8.779078,1.441060,0.394865
-0.540091,5.284943,4.778560,-6.624911,-0.160650,0.058914,1.732412,18.762683,3.540263,-8.455990,1.262503,0.251571
-0.776826,4.337691,4.913210,-6.607367,-0.127734,-0.069241,1.776542,16.907619,4.040533,-7.945998,0.985140,0.059252
-0.987056,3.040624,4.968213,-6.621239,-0.095626,-0.112760,1.761306,14.629217,4.621638,-7.333798,0.652455,-0.083870
-1.232584,1.314338,5.015221,-6.614761,-0.087432,-0.100897,1.635047,12.147956,5.200028,-6.714209,0.330125,-0.144861
-1.539707,-0.914963,5.183387,-6.542793,-0.101749,-0.076977,1.386815,9.577931,5.649671,-6.179233,0.087967,-0.137471
-1.876910,-3.664640,5.571196,-6.364220,-0.118416,-0.064518,1.033246,6.952989,5.859025,-5.767499,-0.027024,-0.094934
-2.173682,-6.831176,6.166204,-6.050778,-0.108071,-0.055326,0.605952,4.242610,5.779821,-5.446587,-0.001410,-0.046755
-2.358796,-10.239261,6.829514,-5.598334,-0.040945,-0.040557,0.113971,1.345330,5.442505,-5.144733,0.151118,0.014259
-2.380411,-13.559123,7.338492,-5.035767,0.099002,-0.036018,-0.444199,-1.781743,4.959048,-4.795908,0.393599,0.114838
-2.213368,-16.285133,7.479244,-4.415028,0.309702,-0.060595,-1.026807,-5.084591,4.525479,-4.365415,0.665881,0.264825
-1.864189,-18.007264,7.095206,-3.783114,0.572762,-0.105368,-1.533007,-8.464183,4.335549,-3.876123,0.898077,0.451131
-1.362770,-18.658642,6.146362,-3.161902,0.852797,-0.135234,-1.858792,-11.748325,4.441892,-3.384195,1.028111,0.654653
-0.742911,-18.437981,4.756658,-2.557881,1.099838,-0.100763,-1.928065,-14.685063,4.709961,-2.939203,1.015051,0.847199
-0.027202,-17.836514,3.198575,-1.978295,1.266691,0.041726,-1.704943,-17.160787,4.918196,-2.571773,0.854541,0.999653
0.794410,-17.627127,1.774988,-1.421898,1.323833,0.306701,-1.204787,-19.230318,4.864726,-2.288474,0.588272,1.087130
1.768424,-18.545009,0.711312,-0.858006,1.264392,0.676055,-0.499697,-20.910759,4.449973,-2.043011,0.285205,1.084949
2.946170,-20.893668,0.075543,-0.218891,1.103546,1.083935,0.320016,-22.078988,3.706913,-1.738867,0.014382,0.978859
4.344976,-24.609436,-0.236892,0.585339,0.873183,1.403675,1.172951,-22.582941,2.748587,-1.264556,-0.170500,0.785945
5.936100,-29.197637,-0.411150,1.624211,0.612210,1.505115,2.018947,-22.292325,1.710424,-0.542887,-0.247033,0.544185
7.646022,-33.836850,-0.613765,2.925799,0.360557,1.348145,2.885055,-21.174914,0.770111,0.449465,-0.234680,0.298945
9.363328,-37.980817,-1.000594,4.487703,0.152410,1.012601,3.839621,-19.362700,0.114206,1.684387,-0.175422,0.093775
10.952447,-41.671916,-1.675845,6.251760,0.007581,0.662222,4.895425,-17.115022,-0.168623,3.084840,-0.107393,-0.045152
12.283235,-45.166562,-2.623512,8.074563,-0.070677,0.482440,5.972436,-14.704303,-0.131942,4.524606,-0.056640,-0.118198
13.254367,-48.897702,-3.758465,9.746911,-0.093102,0.595586,6.930003,-12.518188,0.074522,5.845779,-0.035860,-0.137334
13.809634,-53.297562,-4.984107,11.048775,-0.078066,1.000382,7.612679,-11.115163,0.244775,6.893656,-0.039362,-0.119241
13.938109,-58.385690,-6.183453,11.824287,-0.043771,1.593837,7.881687,-11.031121,0.184317,7.568354,-0.051898,-0.087711
13.658476,-63.561919,-7.233055,12.052257,-0.005628,2.202785,7.666079,-12.579600,-0.224331,7.861371,-0.063501,-0.063701
12.996107,-67.965572,-8.030182,11.834711,0.023080,2.609926,6.978646,-15.860145,-1.023617,7.840039,-0.070706,-0.053804
11.972545,-70.675584,-8.454349,11.315275,0.039781,2.653840,5.894248,-20.668484,-2.161036,7.591520,-0.068992,-0.055300
10.601938,-71.004902,-8.390705,10.631788,0.053965,2.327893,4.507551,-26.377576,-3.437512,7.197052,-0.055299,-0.061030
8.897620,-68.958733,-7.827866,9.915201,0.074845,1.765431,2.876918,-32.004231,-4.559675,6.737447,-0.036659,-0.063699
6.869595,-65.371688,-6.877448,9.254250,0.098449,1.152599,0.968801,-36.459406,-5.272952,6.278274,-0.035964,-0.063153
4.539773,-61.297351,-5.695618,8.668023,0.108583,0.647775,-1.300278,-38.776941,-5.442957,5.851772,-0.080617,-0.063755
1.940254,-57.620621,-4.462787,8.110494,0.084060,0.314470,-3.975105,-38.474638,-5.106836,5.467439,-0.174555,-0.065045
-0.881821,-54.766281,-3.332725,7.479404,0.018512,0.116566,-6.987405,-35.844558,-4.477148,5.123180,-0.272536,-0.063113
-3.824278,-52.627028,-2.373592,6.664919,-0.063862,-0.015624,-10.112900,-31.733934,-3.810762,4.811852,-0.289616,-0.057215
-6.691978,-50.589203,-1.570453,5.621440,-0.110439,-0.146049,-12.968341,-27.086892,-3.263363,4.524036,-0.143292,-0.049978
-9.228515,-47.833114,-0.877032,4.370363,-0.053248,-0.337110,-15.091052,-22.780582,-2.892467,4.236294,0.211254,-0.046556
-11.139291,-43.802291,-0.240077,2.974364,0.173444,-0.596812,-16.049814,-19.447511,-2.669692,3.894345,0.762369,-0.053977
-12.126855,-38.534194,0.359470,1.549380,0.586221,-0.848203,-15.571655,-17.258596,-2.479745,3.429513,1.417301,-0.077262
-11.961394,-32.480143,0.891892,0.261216,1.118012,-0.979446,-13.641878,-15.984777,-2.190138,2.791354,2.000394,-0.117093
-10.600246,-26.377666,1.290318,-0.729616,1.622930,-0.906687,-10.570251,-15.238274,-1.738042,1.979054,2.306609,-0.165942
-8.228211,-20.976724,1.496760,-1.317070,1.932300,-0.603998,-6.902017,-14.611508,-1.137016,1.049009,2.187469,-0.204397
-5.232632,-16.748402,1.484948,-1.478905,1.917584,-0.121775,-3.252318,-13.824344,-0.479741,0.105347,1.615957,-0.205350
-2.140050,-13.761948,1.284037,-1.299077,1.533593,0.439432,-0.177736,-12.865368,0.065125,-0.727120,0.706396,-0.142226
0.534965,-11.851257,0.972103,-0.929808,0.837634,0.982854,1.947846,-11.880406,0.347585,-1.345472,-0.328146,0.001670
2.478633,-10.706802,0.637725,-0.520760,-0.002419,1.433702,3.064942,-10.960948,0.359573,-1.717544,-1.252518,0.219194
3.625972,-9.959453,0.327782,-0.168973,-0.775771,1.726063,3.384099,-10.146429,0.199983,-1.881039,-1.897130,0.481334
4.067160,-9.377241,0.043693,0.091021,-1.318501,1.820235,3.193395,-9.463910,-0.032799,-1.896986,-2.187995,0.758074
3.898173,-8.949794,-0.229533,0.258051,-1.543581,1.708371,2.684386,-8.907064,-0.284216,-1.805774,-2.103912,1.032901
3.125677,-8.662475,-0.491960,0.325790,-1.422005,1.385414,1.898825,-8.481695,-0.544440,-1.615348,-1.628618,1.301645
1.729559,-8.502291,-0.738047,0.295131,-0.973066,0.855508,0.795167,-8.195799,-0.830009,-1.317307,-0.767049,1.568226
-0.239875,-8.542767,-0.980531,0.203400,-0.266416,0.146823,-0.669843,-8.042683,-1.170709,-0.906543,0.415668,1.841112
-2.774225,-8.913857,-1.229056,0.098286,0.569814,-0.699936,-2.650780,-8.012748,-1.632202,-0.355045,1.831621,2.139489
