-1.003153,-0.903910,0.128971,0.131314,0.791703,-0.046070,-0.712170,-0.204995,-0.310692,-0.083228,0.386063,0.505497
-0.894215,-0.752089,0.042933,0.131150,0.797297,-0.040277,-0.740583,-0.247886,-0.332009,-0.101044,0.384276,0.537673
-0.789477,-0.591686,-0.034644,0.140559,0.797924,-0.000381,-0.761179,-0.262963,-0.342928,-0.121801,0.387713,0.590223
-0.728685,-0.442189,-0.086956,0.161534,0.799507,0.069063,-0.768740,-0.245803,-0.339715,-0.141360,0.407310,0.659663
-0.747584,-0.323275,-0.098926,0.194393,0.808462,0.157479,-0.759220,-0.194372,-0.317669,-0.155103,0.448529,0.735778
-0.847940,-0.241753,-0.069033,0.234989,0.828405,0.247706,-0.731551,-0.112199,-0.274901,-0.160582,0.502271,0.801506
-0.997145,-0.192438,-0.009889,0.274796,0.858549,0.320837,-0.689668,-0.008019,-0.215331,-0.158760,0.548397,0.839680
-1.164155,-0.177267,0.061788,0.303659,0.895382,0.362751,-0.649503,0.103565,-0.148291,-0.150145,0.569814,0.841669
-1.331228,-0.205412,0.128960,0.312906,0.932606,0.368699,-0.638756,0.203042,-0.088282,-0.133779,0.558050,0.810696
-1.489486,-0.281685,0.178788,0.300252,0.962467,0.344963,-0.679651,0.270252,-0.049791,-0.109804,0.517914,0.760525
-1.630054,-0.396904,0.202795,0.271088,0.979958,0.304314,-0.774351,0.285996,-0.042542,-0.081114,0.467210,0.710148
-1.730418,-0.514971,0.196835,0.234281,0.986017,0.260174,-0.888615,0.237540,-0.071111,-0.051673,0.429566,0.674322
-1.743992,-0.571280,0.163021,0.198004,0.983775,0.224186,-0.952746,0.129727,-0.134557,-0.028187,0.421711,0.655902
-1.612778,-0.497498,0.110252,0.167310,0.973433,0.204176,-0.887574,-0.014099,-0.222045,-0.019065,0.444839,0.644660
-1.282162,-0.244763,0.050769,0.139902,0.952996,0.199620,-0.630548,-0.158320,-0.312950,-0.030606,0.481676,0.623039
-0.701804,0.210701,-0.002863,0.105373,0.921584,0.199794,-0.142447,-0.261945,-0.381055,-0.065613,0.503543,0.571776
0.149234,0.857747,-0.041807,0.052906,0.878761,0.189912,0.564757,-0.289212,-0.404961,-0.124814,0.486055,0.478433
1.222318,1.637074,-0.064222,-0.021972,0.826124,0.160156,1.406074,-0.227936,-0.378536,-0.203573,0.424354,0.345148
2.396891,2.467615,-0.073222,-0.113579,0.768679,0.110853,2.242075,-0.081986,-0.313078,-0.288627,0.336770,0.190819
3.519252,3.273594,-0.073017,-0.206284,0.712441,0.051781,2.930100,0.135948,-0.228756,-0.362208,0.261116,0.043297
4.443352,3.978042,-0.068260,-0.283279,0.663660,-0.004098,3.370976,0.392517,-0.146876,-0.410822,0.240581,-0.070040
5.076119,4.526620,-0.063547,-0.334781,0.630575,-0.047614,3.546923,0.650200,-0.084167,-0.425575,0.297586,-0.134662
5.406107,4.946853,-0.061305,-0.355102,0.618099,-0.074800,3.515645,0.917816,-0.047446,-0.399544,0.416557,-0.155837
5.483200,5.304790,-0.061403,-0.344338,0.623558,-0.085148,3.371898,1.223524,-0.032744,-0.333483,0.553169,-0.154255
5.382588,5.615044,-0.062562,-0.317349,0.641513,-0.081824,3.215106,1.548635,-0.031474,-0.247144,0.654684,-0.152897
5.197629,5.814964,-0.063250,-0.304861,0.669715,-0.071903,3.139224,1.809198,-0.036415,-0.179891,0.683598,-0.171095
5.023492,5.813231,-0.062870,-0.337239,0.706418,-0.062961,3.202385,1.909071,-0.049287,-0.168708,0.638382,-0.218540
4.920100,5.547101,-0.062268,-0.430919,0.749424,-0.059119,3.406702,1.797102,-0.081170,-0.221114,0.553847,-0.289016
4.897402,5.114596,-0.062268,-0.574784,0.795479,-0.060106,3.702378,1.549665,-0.136838,-0.301646,0.480653,-0.359087
4.937406,4.826109,-0.062537,-0.720659,0.836441,-0.062357,4.010494,1.393281,-0.196668,-0.334009,0.464021,-0.399876
5.016834,5.094037,-0.062569,-0.790074,0.857850,-0.062627,4.245602,1.630396,-0.215076,-0.217907,0.521506,-0.394277
5.117936,6.314876,-0.062486,-0.691471,0.844906,-0.062352,4.333995,2.543018,-0.134444,0.141518,0.627552,-0.345028
5.214052,8.855730,-0.062489,-0.333873,0.786924,-0.064337,4.207628,4.347268,0.090042,0.797576,0.725549,-0.263608
5.231801,12.871405,-0.062505,0.332549,0.681213,-0.064891,3.813889,7.047680,0.462831,1.720834,0.758489,-0.164826
5.037588,18.107938,-0.062500,1.272679,0.534627,-0.058658,3.138522,10.336946,0.935493,2.780417,0.690893,-0.076362
4.485401,23.918975,-0.062498,2.359931,0.362148,-0.049709,2.218672,13.686663,1.416580,3.770374,0.524117,-0.030559
3.476005,29.500905,-0.062501,3.414483,0.184073,-0.050740,1.133241,16.592654,1.792133,4.486302,0.299474,-0.043785
1.985559,34.160423,-0.062497,4.257628,0.026052,-0.073034,-0.002324,18.769011,1.959493,4.805384,0.075536,-0.110995
0.069617,37.629575,-0.062508,4.780609,-0.084160,-0.118257,-1.062499,20.270787,1.873712,4.721938,-0.093640,-0.190938
-2.123269,40.143798,-0.062485,4.998058,-0.124124,-0.168588,-1.943510,21.455601,1.569370,4.346189,-0.167696,-0.201124
-4.364196,42.215623,-0.062505,5.043934,-0.085393,-0.185842,-2.583506,22.814142,1.141233,3.881541,-0.137911,-0.087146
-6.411569,44.347228,-0.062543,5.106014,0.027520,-0.131447,-2.967100,24.742720,0.705248,3.553270,-0.030730,0.135146
-8.097262,46.941599,-0.062387,5.347673,0.202565,0.017055,-3.135730,27.428319,0.358961,3.516255,0.119567,0.435556
-9.366726,50.173822,-0.062413,5.840811,0.417202,0.273297,-3.154505,30.760113,0.150253,3.802003,0.278133,0.784956
-10.261948,53.894789,-0.062928,6.542690,0.632690,0.636805,-3.061936,34.344371,0.067469,4.326832,0.398571,1.092488
-10.848732,57.683121,-0.062887,7.321773,0.803531,1.078320,-2.859468,37.658724,0.049879,4.930879,0.441532,1.250755
-11.162962,61.051709,-0.061894,8.008394,0.893192,1.555786,-2.554599,40.298808,0.021731,5.447182,0.401040,1.228610
-11.224314,63.642464,-0.061088,8.459248,0.891033,2.040366,-2.176213,42.109253,-0.059805,5.774171,0.297261,1.070442
-11.094412,65.375147,-0.060357,8.617175,0.826261,2.516913,-1.783231,43.175553,-0.170030,5.888729,0.173835,0.887639
-10.882251,66.401965,-0.059063,8.529847,0.759719,2.985452,-1.466191,43.705643,-0.235352,5.819197,0.095816,0.854339
-10.718886,66.926835,-0.061130,8.307716,0.747687,3.461439,-1.339244,43.931283,-0.179456,5.635683,0.108924,1.062672
-10.744688,67.027481,-0.074324,8.043360,0.815572,3.945169,-1.506801,43.998363,0.042811,5.406781,0.214788,1.453469
-11.100453,66.656607,-0.102441,7.743157,0.954893,4.398739,-2.049918,43.927245,0.436081,5.133552,0.399372,1.946592
-11.877709,65.724390,-0.139179,7.333762,1.124558,4.771272,-2.983129,43.631172,0.958394,4.751532,0.630619,2.490616
-13.067184,64.159276,-0.162057,6.726485,1.261601,5.013239,-4.207742,42.965960,1.520658,4.196394,0.837087,2.975546
-14.518308,61.922228,-0.131323,5.873802,1.309111,5.067609,-5.529485,41.797161,1.997257,3.445194,0.943962,3.291694
-15.976667,59.051837,-0.005362,4.779033,1.236805,4.896354,-6.768865,40.094428,2.269966,2.519980,0.924480,3.421051
-17.195712,55.684249,0.241596,3.498888,1.056865,4.507544,-7.809715,37.934766,2.285462,1.479087,0.800629,3.383519
-18.055314,52.037526,0.616622,2.133775,0.833600,3.937052,-8.603111,35.456101,2.088343,0.397994,0.628720,3.207360
-18.578503,48.388798,1.104296,0.806189,0.655817,3.240717,-9.164193,32.834019,1.771118,-0.651572,0.475712,2.959145
-18.867782,45.043953,1.658904,-0.366164,0.583184,2.504335,-9.551463,30.272370,1.395701,-1.593386,0.370237,2.665594
-19.025235,42.232151,2.209379,-1.304469,0.621417,1.816592,-9.812957,27.950325,0.993528,-2.362689,0.291580,2.285913
-1.003153,-0.903910,0.128971,0.131314,0.791703,-0.046070,-0.712170,-0.204995,-0.310692,-0.083228,0.386063,0.505497
-0.894215,-0.752089,0.042933,0.131150,0.797297,-0.040277,-0.740583,-0.247886,-0.332009,-0.101044,0.384276,0.537673
-0.789477,-0.591686,-0.034644,0.140559,0.797924,-0.000381,-0.761179,-0.262963,-0.342928,-0.121801,0.387713,0.590223
-0.728685,-0.442189,-0.086956,0.161534,0.799507,0.069063,-0.768740,-0.245803,-0.339715,-0.141360,0.407310,0.659663
-0.747584,-0.323275,-0.098926,0.194393,0.808462,0.157479,-0.759220,-0.194372,-0.317669,-0.155103,0.448529,0.735778
-0.847940,-0.241753,-0.069033,0.234989,0.828405,0.247706,-0.731551,-0.112199,-0.274901,-0.160582,0.502271,0.801506
-0.997145,-0.192438,-0.009889,0.274796,0.858549,0.320837,-0.689668,-0.008019,-0.215331,-0.158760,0.548397,0.839680
-1.164155,-0.177267,0.061788,0.303659,0.895382,0.362751,-0.649503,0.103565,-0.148291,-0.150145,0.569814,0.841669
-1.331228,-0.205412,0.128960,0.312906,0.932606,0.368699,-0.638756,0.203042,-0.088282,-0.133779,0.558050,0.810696
-1.489486,-0.281685,0.178788,0.300252,0.962467,0.344963,-0.679651,0.270252,-0.049791,-0.109804,0.517914,0.760525
-1.630054,-0.396904,0.202795,0.271088,0.979958,0.304314,-0.774351,0.285996,-0.042542,-0.081114,0.467210,0.710148
-1.730418,-0.514971,0.196835,0.234281,0.986017,0.260174,-0.888615,0.237540,-0.071111,-0.051673,0.429566,0.674322
-1.743992,-0.571280,0.163021,0.198004,0.983775,0.224186,-0.952746,0.129727,-0.134557,-0.028187,0.421711,0.655902
-1.612778,-0.497498,0.110252,0.167310,0.973433,0.204176,-0.887574,-0.014099,-0.222045,-0.019065,0.444839,0.644660
-1.282162,-0.244763,0.050769,0.139902,0.952996,0.199620,-0.630548,-0.158320,-0.312950,-0.030606,0.481676,0.623039
-0.701804,0.210701,-0.002863,0.105373,0.921584,0.199794,-0.142447,-0.261945,-0.381055,-0.065613,0.503543,0.571776
0.149234,0.857747,-0.041807,0.052906,0.878761,0.189912,0.564757,-0.289212,-0.404961,-0.124814,0.486055,0.478433
1.222318,1.637074,-0.064222,-0.021972,0.826124,0.160156,1.406074,-0.227936,-0.378536,-0.203573,0.424354,0.345148
2.396891,2.467615,-0.073222,-0.113579,0.768679,0.110853,2.242075,-0.081986,-0.313078,-0.288627,0.336770,0.190819
3.519252,3.273594,-0.073017,-0.206284,0.712441,0.051781,2.930100,0.135948,-0.228756,-0.362208,0.261116,0.043297
4.443352,3.978042,-0.068260,-0.283279,0.663660,-0.004098,3.370976,0.392517,-0.146876,-0.410822,0.240581,-0.070040
5.076119,4.526620,-0.063547,-0.334781,0.630575,-0.047614,3.546923,0.650200,-0.084167,-0.425575,0.297586,-0.134662
5.406107,4.946853,-0.061305,-0.355102,0.618099,-0.074800,3.515645,0.917816,-0.047446,-0.399544,0.416557,-0.155837
5.483200,5.304790,-0.061403,-0.344338,0.623558,-0.085148,3.371898,1.223524,-0.032744,-0.333483,0.553169,-0.154255
5.382588,5.615044,-0.062562,-0.317349,0.641513,-0.081824,3.215106,1.548635,-0.031474,-0.247144,0.654684,-0.152897
5.197629,5.814964,-0.063250,-0.304861,0.669715,-0.071903,3.139224,1.809198,-0.036415,-0.179891,0.683598,-0.171095
5.023492,5.813231,-0.062870,-0.337239,0.706418,-0.062961,3.202385,1.909071,-0.049287,-0.168708,0.638382,-0.218540
4.920100,5.547101,-0.062268,-0.430919,0.749424,-0.059119,3.406702,1.797102,-0.081170,-0.221114,0.553847,-0.289016
4.897402,5.114596,-0.062268,-0.574784,0.795479,-0.060106,3.702378,1.549665,-0.136838,-0.301646,0.480653,-0.359087
4.937406,4.826109,-0.062537,-0.720659,0.836441,-0.062357,4.010494,1.393281,-0.196668,-0.334009,0.464021,-0.399876
5.016834,5.094037,-0.062569,-0.790074,0.857850,-0.062627,4.245602,1.630396,-0.215076,-0.217907,0.521506,-0.394277
5.117936,6.314876,-0.062486,-0.691471,0.844906,-0.062352,4.333995,2.543018,-0.134444,0.141518,0.627552,-0.345028
5.214052,8.855730,-0.062489,-0.333873,0.786924,-0.064337,4.207628,4.347268,0.090042,0.797576,0.725549,-0.263608
5.231801,12.871405,-0.062505,0.332549,0.681213,-0.064891,3.813889,7.047680,0.462831,1.720834,0.758489,-0.164826
5.037588,18.107938,-0.062500,1.272679,0.534627,-0.058658,3.138522,10.336946,0.935493,2.780417,0.690893,-0.076362
4.485401,23.918975,-0.062498,2.359931,0.362148,-0.049709,2.218672,13.686663,1.416580,3.770374,0.524117,-0.030559
3.476005,29.500905,-0.062501,3.414483,0.184073,-0.050740,1.133241,16.592654,1.792133,4.486302,0.299474,-0.043785
1.985559,34.160423,-0.062497,4.257628,0.026052,-0.073034,-0.002324,18.769011,1.959493,4.805384,0.075536,-0.110995
0.069617,37.629575,-0.062508,4.780609,-0.084160,-0.118257,-1.062499,20.270787,1.873712,4.721938,-0.093640,-0.190938
-2.123269,40.143798,-0.062485,4.998058,-0.124124,-0.168588,-1.943510,21.455601,1.569370,4.346189,-0.167696,-0.201124
-4.364196,42.215623,-0.062505,5.043934,-0.085393,-0.185842,-2.583506,22.814142,1.141233,3.881541,-0.137911,-0.087146
-6.411569,44.347228,-0.062543,5.106014,0.027520,-0.131447,-2.967100,24.742720,0.705248,3.553270,-0.030730,0.135146
-8.097262,46.941599,-0.062387,5.347673,0.202565,0.017055,-3.135730,27.428319,0.358961,3.516255,0.119567,0.435556
-9.366726,50.173822,-0.062413,5.840811,0.417202,0.273297,-3.154505,30.760113,0.150253,3.802003,0.278133,0.784956
-10.261948,53.894789,-0.062928,6.542690,0.632690,0.636805,-3.061936,34.344371,0.067469,4.326832,0.398571,1.092488
-10.848732,57.683121,-0.062887,7.321773,0.803531,1.078320,-2.859468,37.658724,0.049879,4.930879,0.441532,1.250755
-11.162962,61.051709,-0.061894,8.008394,0.893192,1.555786,-2.554599,40.298808,0.021731,5.447182,0.401040,1.228610
-11.224314,63.642464,-0.061088,8.459248,0.891033,2.040366,-2.176213,42.109253,-0.059805,5.774171,0.297261,1.070442
-11.094412,65.375147,-0.060357,8.617175,0.826261,2.516913,-1.783231,43.175553,-0.170030,5.888729,0.173835,0.887639
-10.882251,66.401965,-0.059063,8.529847,0.759719,2.985452,-1.466191,43.705643,-0.235352,5.819197,0.095816,0.854339
-10.718886,66.926835,-0.061130,8.307716,0.747687,3.461439,-1.339244,43.931283,-0.179456,5.635683,0.108924,1.062672
-10.744688,67.027481,-0.074324,8.043360,0.815572,3.945169,-1.506801,43.998363,0.042811,5.406781,0.214788,1.453469
-11.100453,66.656607,-0.102441,7.743157,0.954893,4.398739,-2.049918,43.927245,0.436081,5.133552,0.399372,1.946592
-11.877709,65.724390,-0.139179,7.333762,1.124558,4.771272,-2.983129,43.631172,0.958394,4.751532,0.630619,2.490616
-13.067184,64.159276,-0.162057,6.726485,1.261601,5.013239,-4.207742,42.965960,1.520658,4.196394,0.837087,2.975546
-14.518308,61.922228,-0.131323,5.873802,1.309111,5.067609,-5.529485,41.797161,1.997257,3.445194,0.943962,3.291694
-15.976667,59.051837,-0.005362,4.779033,1.236805,4.896354,-6.768865,40.094428,2.269966,2.519980,0.924480,3.421051
-17.195712,55.684249,0.241596,3.498888,1.056865,4.507544,-7.809715,37.934766,2.285462,1.479087,0.800629,3.383519
-18.055314,52.037526,0.616622,2.133775,0.833600,3.937052,-8.603111,35.456101,2.088343,0.397994,0.628720,3.207360
-18.578503,48.388798,1.104296,0.806189,0.655817,3.240717,-9.164193,32.834019,1.771118,-0.651572,0.475712,2.959145
-18.867782,45.043953,1.658904,-0.366164,0.583184,2.504335,-9.551463,30.272370,1.395701,-1.593386,0.370237,2.665594
-19.025235,42.232151,2.209379,-1.304469,0.621417,1.816592,-9.812957,27.950325,0.993528,-2.362689,0.291580,2.285913
-19.122928,40.031394,2.678050,-2.006832,0.729757,1.238489,-10.000024,25.976352,0.618548,-2.943584,0.208654,1.836383
-19.190134,38.382406,2.995971,-2.526392,0.839043,0.806475,-10.177561,24.369979,0.342769,-3.361645,0.083742,1.416410
-19.210936,37.118560,3.118989,-2.919408,0.883343,0.523964,-10.388277,23.066460,0.211458,-3.644566,-0.135882,1.091004
-19.112688,35.979175,3.038805,-3.227045,0.831474,0.359649,-10.619732,21.947003,0.208379,-3.817759,-0.472183,0.856631
-18.776440,34.676042,2.774233,-3.488808,0.686048,0.269907,-10.842046,20.847321,0.240265,-3.919594,-0.873364,0.690014
3.623029,-34.619614,-1.649347,1.485678,0.959533,4.300285,-0.088607,-10.425608,0.182241,-0.120084,0.942491,2.875445
2.847938,-31.801516,-1.458848,1.199389,1.222300,5.145991,-0.626346,-12.291354,-0.242947,-0.425292,0.746203,2.726737
1.924558,-28.021752,-1.225581,0.896510,1.370714,5.558512,-1.238356,-15.291914,-1.007537,-0.665825,0.515484,2.423321
1.038035,-25.686228,-1.096106,0.595180,1.366557,5.509090,-1.832044,-19.056605,-2.036772,-0.864235,0.329606,2.024348
0.321708,-26.028340,-1.150948,0.335015,1.215578,5.060490,-2.342503,-22.874385,-3.157398,-1.020139,0.217343,1.613412
-0.199186,-28.580780,-1.366037,0.156781,0.957825,4.311947,-2.739709,-25.712662,-4.122748,-1.106765,0.168021,1.264687
-0.573791,-31.970571,-1.666884,0.081917,0.653043,3.381246,-3.012667,-26.565698,-4.676827,-1.081664,0.150401,1.019645
-0.867339,-34.793666,-1.977630,0.116586,0.368890,2.397400,-3.152858,-25.151778,-4.692252,-0.906452,0.136813,0.868858
-1.148671,-35.642610,-2.213394,0.256238,0.165904,1.487308,-3.157016,-22.053972,-4.228671,-0.564522,0.116256,0.757143
-1.458085,-33.705285,-2.328967,0.476362,0.079285,0.752932,-3.035679,-18.241831,-3.492416,-0.076129,0.090482,0.630052
-1.772446,-29.300742,-2.345066,0.735179,0.111024,0.245216,-2.817443,-14.630967,-2.773994,0.498375,0.074095,0.475232
-2.029592,-23.538958,-2.317147,0.984724,0.231709,-0.043511,-2.546061,-11.926361,-2.340974,1.068492,0.097100,0.309529
-2.178988,-17.633153,-2.288225,1.180040,0.388572,-0.157341,-2.273244,-10.393259,-2.299321,1.536431,0.189451,0.154740
-2.201882,-12.671660,-2.268106,1.296014,0.525243,-0.147807,-2.045327,-9.784766,-2.563584,1.824072,0.361848,0.028872
-2.128648,-9.120467,-2.221023,1.346748,0.601946,-0.068861,-1.884856,-9.554136,-2.932283,1.908021,0.599886,-0.057287
-2.043201,-6.674733,-2.107515,1.373734,0.598914,0.016237,-1.780927,-9.170835,-3.190219,1.826936,0.867407,-0.101655
-2.033383,-4.750791,-1.917788,1.417476,0.513183,0.057488,-1.704028,-8.272191,-3.199463,1.651139,1.117928,-0.108407
-2.133622,-3.054318,-1.663576,1.504491,0.363563,0.053944,-1.625340,-6.804766,-2.948885,1.455111,1.311756,-0.090334
-2.324105,-1.468493,-1.359106,1.644680,0.192033,0.049920,-1.522485,-5.016920,-2.513187,1.310487,1.428750,-0.070679
-2.546779,-0.025056,-1.040214,1.827969,0.054763,0.102510,-1.381938,-3.263994,-1.998222,1.272751,1.470575,-0.072014
-2.734107,1.169202,-0.754547,2.035838,0.006960,0.247629,-1.204289,-1.765084,-1.508980,1.373126,1.457370,-0.103291
-2.851239,2.180329,-0.537798,2.258276,0.084948,0.485946,-0.999158,-0.547890,-1.111944,1.615530,1.419990,-0.157573
-2.894527,3.389261,-0.397091,2.496567,0.286724,0.786439,-0.772426,0.564753,-0.805151,1.962213,1.387410,-0.204691
-2.848957,5.233978,-0.295363,2.760454,0.577464,1.121612,-0.515769,1.907676,-0.523275,2.333018,1.376753,-0.182576
-2.686040,8.082260,-0.156304,3.064750,0.911735,1.480960,-0.208446,3.853622,-0.147468,2.639808,1.386097,-0.020908
-2.413025,12.131191,0.085465,3.409109,1.236495,1.841531,0.152355,6.650400,0.443840,2.810620,1.393852,0.316613
-2.086187,17.320978,0.469995,3.762560,1.486740,2.149365,0.521130,10.384004,1.305462,2.793859,1.368542,0.801423
-1.783879,23.286360,1.029277,4.074286,1.608647,2.360542,0.817638,14.937811,2.396009,2.576272,1.278329,1.335681
-1.580238,29.484621,1.767904,4.292521,1.582418,2.455485,0.968199,19.949284,3.591202,2.193476,1.103902,1.785499
-1.530973,35.299953,2.628491,4.373963,1.424201,2.433545,0.932374,24.851271,4.707896,1.712708,0.854572,2.050898
-1.661810,40.221942,3.511588,4.309405,1.178818,2.312891,0.719588,29.091251,5.552201,1.222616,0.563563,2.104150
-1.948917,44.024201,4.318467,4.146602,0.903404,2.132067,0.397480,32.323320,5.972999,0.816867,0.270750,1.987425
-2.263775,46.783941,4.972615,3.971293,0.645634,1.936064,0.079146,34.474999,5.909894,0.553590,0.020106,1.821374
-2.402430,48.729588,5.440152,3.861697,0.442768,1.799550,-0.123349,35.685337,5.432912,0.433576,-0.134213,1.813627
-2.210015,50.133086,5.737430,3.866881,0.331654,1.819935,-0.143373,36.206769,4.747969,0.424159,-0.143530,2.173044
-1.695183,51.160673,5.890539,4.001596,0.338691,2.062027,0.015836,36.262845,4.103688,0.491973,0.024708,2.984568
-1.023803,51.798684,5.908586,4.256901,0.461620,2.515172,0.289877,35.984970,3.652545,0.632920,0.380740,4.140024
-0.457823,51.944917,5.807097,4.606860,0.668501,3.115292,0.575800,35.424909,3.410240,0.864299,0.895019,5.364283
-0.259987,51.478277,5.602867,4.993922,0.908164,3.755298,0.753057,34.549269,3.309806,1.173222,1.490768,6.329502
-0.624650,50.204184,5.288939,5.308597,1.118198,4.309491,0.693592,33.210783,3.245869,1.484493,2.055185,6.819180
-1.620070,47.925971,4.863078,5.431529,1.236331,4.671834,0.300154,31.262860,3.101477,1.704073,2.432051,6.781604
-3.148868,44.635791,4.358371,5.296081,1.217479,4.763681,-0.451960,28.713296,2.789624,1.756348,2.470636,6.282620
-4.912696,40.521796,3.808795,4.907343,1.058210,4.524502,-1.496712,25.705558,2.263583,1.603902,2.116930,5.480470
-6.534489,35.817151,3.218836,4.319064,0.806968,3.958029,-2.713208,22.426978,1.519820,1.254587,1.450282,4.625074
-7.725747,30.718428,2.571592,3.620217,0.549994,3.148673,-3.960506,19.048672,0.612076,0.761131,0.636541,3.960915
-8.354725,25.369305,1.838312,2.914585,0.384888,2.223235,-5.090059,15.675134,-0.373128,0.213686,-0.105931,3.608189
-8.387328,19.858440,1.000908,2.309222,0.391448,1.320163,-5.940980,12.313887,-1.403459,-0.241933,-0.554824,3.508372
-7.856713,14.361642,0.104991,1.889835,0.602732,0.572831,-6.374601,8.951692,-2.459497,-0.469309,-0.543535,3.470154
-6.844757,9.191873,-0.746976,1.675696,1.000304,0.062717,-6.330004,5.544955,-3.436970,-0.446322,-0.010285,3.290847
-5.516444,4.648864,-1.432230,1.588580,1.512953,-0.200700,-5.867976,2.026287,-4.165770,-0.283910,0.971558,2.889665
-4.115258,0.854633,-1.834262,1.506874,2.020524,-0.259789,-5.129845,-1.575849,-4.508038,-0.136709,2.168718,2.311180
-2.884532,-2.225354,-1.910669,1.342549,2.395342,-0.197247,-4.253653,-5.053855,-4.395937,-0.149989,3.289679,1.646564
-1.949239,-4.772495,-1.765330,1.076443,2.560423,-0.117752,-3.317487,-8.197974,-3.896236,-0.410801,4.110119,0.988139
-1.339191,-7.100655,-1.606276,0.738078,2.501468,-0.100126,-2.369822,-10.845426,-3.181007,-0.930203,4.507017,0.432117
-1.052044,-9.611729,-1.664109,0.370883,2.248399,-0.181254,-1.476411,-12.900889,-2.421482,-1.666004,4.428730,0.053220
-1.055388,-12.554507,-2.086828,0.002554,1.862303,-0.357208,-0.728422,-14.351874,-1.728065,-2.536568,3.906397,-0.126597
-1.238816,-15.838777,-2.844515,-0.343411,1.423147,-0.566288,-0.200403,-15.240727,-1.203688,-3.383131,3.045593,-0.157526
-1.437121,-18.998002,-3.724359,-0.636200,1.010624,-0.714146,0.066568,-15.622822,-0.917959,-4.026746,2.022793,-0.134265
-1.489428,-21.423327,-4.461472,-0.851963,0.695742,-0.740882,0.059727,-15.770148,-0.874792,-4.365883,1.058127,-0.134234
-1.323428,-22.630524,-4.832186,-0.990850,0.517011,-0.645614,-0.208961,-16.155875,-1.022094,-4.394610,0.340050,-0.174685
-0.978631,-22.552414,-4.724744,-1.064194,0.455528,-0.475871,-0.673040,-17.184248,-1.294602,-4.158160,-0.064080,-0.232630
-0.549338,-21.600021,-4.219587,-1.079879,0.457245,-0.309267,-1.201391,-18.979459,-1.619281,-3.752202,-0.176377,-0.280286
-0.116827,-20.466375,-3.570390,-1.042440,0.477097,-0.211795,-1.638918,-21.390107,-1.955425,-3.303446,-0.053684,-0.303611
0.245665,-19.755311,-3.028690,-0.962623,0.487020,-0.211865,-1.887618,-23.947296,-2.270552,-2.938816,0.220803,-0.299080
0.458303,-19.846688,-2.750797,-0.876211,0.469309,-0.318878,-1.956295,-26.035554,-2.519164,-2.765779,0.530058,-0.267464
0.452818,-20.697714,-2.738396,-0.845572,0.418607,-0.510568,-1.945716,-27.134191,-2.656867,-2.835454,0.760275,-0.210931
0.216224,-21.776524,-2.818190,-0.915990,0.343917,-0.712945,-1.972043,-26.911962,-2.679188,-3.103299,0.837546,-0.142254
-0.183769,-22.362028,-2.750689,-1.077642,0.262108,-0.837179,-2.094536,-25.386974,-2.628542,-3.472278,0.764548,-0.081033
-0.636369,-22.037604,-2.415760,-1.298515,0.195159,-0.833737,-2.299683,-23.146806,-2.592261,-3.860306,0.606925,-0.044043
-1.048713,-20.818883,-1.845367,-1.557036,0.161979,-0.697589,-2.526813,-21.137647,-2.650797,-4.209095,0.438938,-0.043877
-1.362926,-19.133181,-1.194048,-1.833766,0.171396,-0.459519,-2.691272,-20.124293,-2.818553,-4.472916,0.297370,-0.073938
-1.533859,-17.666033,-0.707911,-2.092952,0.228053,-0.164593,-2.710703,-20.326658,-3.022029,-4.630674,0.193083,-0.102324
-1.528738,-17.056429,-0.635583,-2.293177,0.342588,0.150710,-2.542730,-21.344619,-3.134314,-4.690615,0.124194,-0.112719
-1.304910,-17.562083,-1.065735,-2.380593,0.519702,0.455674,-2.188027,-22.406606,-3.046326,-4.673512,0.082760,-0.109687
-0.796807,-19.106390,-1.897923,-2.316773,0.746332,0.719493,-1.667027,-22.825240,-2.727864,-4.603101,0.058180,-0.065408
0.055286,-21.345801,-2.884559,-2.114475,0.993548,0.944097,-0.999359,-22.313254,-2.238260,-4.487120,0.044791,0.084525
1.275226,-23.719190,-3.695815,-1.824503,1.219481,1.151918,-0.188515,-20.959152,-1.691493,-4.322884,0.043677,0.369661
2.852012,-25.685222,-4.039309,-1.503358,1.366507,1.344898,0.785330,-19.165004,-1.219100,-4.143806,0.061042,0.734512
4.656691,-26.974626,-3.794199,-1.266587,1.381056,1.486680,1.900750,-17.444262,-0.903346,-4.045961,0.090854,1.031109
6.406086,-27.508796,-3.024940,-1.273657,1.237415,1.489450,3.037522,-16.168245,-0.751305,-4.137972,0.116249,1.056900
7.759262,-27.304141,-1.928463,-1.640271,0.945376,1.216169,4.000353,-15.447100,-0.714278,-4.498492,0.121941,0.670694
8.442637,-26.450185,-0.768654,-2.389037,0.541380,0.531222,4.591004,-15.211775,-0.734781,-5.168877,0.094151,-0.133234
8.296431,-25.068806,0.196895,-3.476452,0.078584,-0.652446,4.655361,-15.285797,-0.777876,-6.151532,0.016848,-1.274227
7.343099,-23.253265,0.813237,-4.789116,-0.390384,-2.334020,4.151036,-15.514158,-0.861593,-7.395389,-0.106264,-2.586294
5.786338,-21.119256,1.060757,-6.186628,-0.820808,-4.361899,3.181896,-15.805301,-1.020838,-8.800677,-0.245946,-3.766500
3.915063,-18.791870,1.028111,-7.547400,-1.172302,-6.431586,1.961116,-16.004312,-1.262969,-10.209336,-0.360350,-4.470591
2.014934,-16.319467,0.866143,-8.762449,-1.411552,-8.194211,0.730932,-15.748556,-1.539070,-11.425712,-0.402876,-4.488212
0.341704,-13.699415,0.720978,-9.713295,-1.528588,-9.357069,-0.296894,-14.588219,-1.750071,-12.289778,-0.339525,-3.830008
-0.967632,-10.943313,0.671459,-10.336481,-1.532891,-9.724833,-1.013425,-12.112072,-1.745081,-12.730970,-0.179075,-2.729801
-1.922434,-8.053138,0.728050,-10.631418,-1.444747,-9.279121,-1.442265,-8.023049,-1.379775,-12.747265,0.042262,-1.550190
-2.597742,-5.051475,0.866660,-10.623402,-1.290107,-8.192055,-1.690020,-2.365531,-0.585101,-12.394702,0.289897,-0.587665
-3.060320,-2.075475,1.052495,-10.349338,-1.095461,-6.731137,-1.857553,4.238275,0.586961,-11.780591,0.527375,0.016531
-3.360406,0.602145,1.250935,-9.872653,-0.881145,-5.168358,-1.991667,10.718237,1.970008,-11.026997,0.712841,0.226619
-3.496985,2.661991,1.434567,-9.263578,-0.662821,-3.731864,-2.059206,15.952039,3.335947,-10.229660,0.820099,0.119594
-3.411955,3.888312,1.581947,-8.588993,-0.448536,-2.530195,-1.947398,19.094378,4.481469,-9.436798,0.837330,-0.080529
-3.018256,4.107963,1.677318,-7.878826,-0.236443,-1.558322,-1.509263,19.811341,5.262242,-8.617883,0.765384,-0.113661
-2.226033,3.049311,1.720010,-7.103210,-0.023061,-0.788638,-0.642455,18.345397,5.601275,-7.686844,0.630457,0.185745
-0.966468,0.339085,1.716923,-6.187745,0.177232,-0.216408,0.659206,15.152099,5.474033,-6.588241,0.464794,0.832333
0.752546,-4.364890,1.678766,-5.068755,0.334257,0.176759,2.297416,10.519809,4.899273,-5.342863,0.272922,1.686541
2.816915,-11.244056,1.624708,-3.727747,0.419206,0.399694,4.082319,4.661340,3.951953,-4.025568,0.054473,2.535832
5.030534,-19.966012,1.574167,-2.206449,0.418694,0.447724,5.782868,-2.176342,2.767385,-2.744907,-0.167185,3.223377
7.164885,-29.463058,1.533164,-0.598106,0.341234,0.353081,7.205133,-9.806166,1.498456,-1.617546,-0.356700,3.669211
9.010012,-38.103561,1.495846,0.965730,0.220292,0.211480,8.242698,-17.911270,0.286009,-0.737508,-0.480354,3.871935
10.420353,-44.133220,1.437584,2.338680,0.101267,0.137101,8.872820,-25.774594,-0.739408,-0.165541,-0.509894,3.952555
11.341010,-46.075066,1.318479,3.398497,0.021435,0.232824,9.146119,-32.408217,-1.472164,0.086393,-0.441826,4.108825
11.803705,-43.532970,1.113651,4.094018,-0.002027,0.550906,9.154974,-36.844059,-1.863374,0.082701,-0.299263,4.461162
11.890064,-37.641093,0.836692,4.449526,0.028558,1.051104,8.982140,-38.285998,-1.918134,-0.056247,-0.110483,4.970745
11.685537,-30.670817,0.524460,4.542414,0.090713,1.602015,8.669875,-36.512772,-1.693714,-0.209559,0.092218,5.457234
11.265342,-25.303330,0.222805,4.480997,0.150716,2.044786,8.239308,-32.207021,-1.302646,-0.274062,0.260586,5.677232
10.695309,-23.989238,-0.026473,4.366730,0.179414,2.231244,7.705271,-26.681106,-0.866999,-0.169386,0.350382,5.450721
-19.122928,40.031394,2.678050,-2.006832,0.729757,1.238489,-10.000024,25.976352,0.618548,-2.943584,0.208654,1.836383
-19.190134,38.382406,2.995971,-2.526392,0.839043,0.806475,-10.177561,24.369979,0.342769,-3.361645,0.083742,1.416410
-19.210936,37.118560,3.118989,-2.919408,0.883343,0.523964,-10.388277,23.066460,0.211458,-3.644566,-0.135882,1.091004
-19.112688,35.979175,3.038805,-3.227045,0.831474,0.359649,-10.619732,21.947003,0.208379,-3.817759,-0.472183,0.856631
-18.071713,32.947903,2.356724,-3.736834,0.471569,0.207268,-11.007252,19.530145,0.179329,-4.003197,-1.226732,0.553200
-16.928384,30.657400,1.836570,-3.981952,0.232977,0.130924,-11.032913,17.777301,-0.049444,-4.103236,-1.407703,0.412985
-15.374084,27.874525,1.283581,-4.208717,0.023841,0.040572,-10.811187,15.505619,-0.468954,-4.209311,-1.340355,0.285357
-13.498248,24.834149,0.769214,-4.387704,-0.118451,-0.029378,-10.226312,12.714467,-1.106417,-4.265597,-1.030957,0.214943
-11.392363,21.824833,0.348568,-4.506681,-0.179530,-0.037182,-9.174515,9.470258,-1.925092,-4.214314,-0.539131,0.194641
-9.157976,19.162660,0.053859,-4.595044,-0.164801,0.041515,-7.653660,5.991726,-2.754982,-4.047238,0.059830,0.137569
-6.929433,17.075865,-0.112933,-4.716170,-0.095609,0.177865,-5.818047,2.538005,-3.377441,-3.831400,0.672125,-0.092148
-4.877583,15.565171,-0.176350,-4.951060,0.003894,0.261389,-3.936844,-0.776105,-3.632900,-3.706017,1.191780,-0.634850
-3.184838,14.398519,-0.173082,-5.384228,0.117583,0.164256,-2.309630,-3.988697,-3.464338,-3.855435,1.541137,-1.564167
-1.988235,13.258343,-0.140893,-6.067663,0.222300,-0.214636,-1.188713,-7.213542,-2.958587,-4.428175,1.697325,-2.800112
-1.317822,11.873197,-0.113876,-6.989248,0.283910,-0.936570,-0.690604,-10.536379,-2.293970,-5.471215,1.692577,-4.118987
-1.115823,10.263766,-0.106460,-8.061139,0.281553,-1.948429,-0.764026,-13.738357,-1.609901,-6.896844,1.589212,-5.257806
-1.292551,8.859253,-0.105795,-9.143999,0.224571,-3.037084,-1.237941,-16.166540,-0.980314,-8.500017,1.430202,-5.990175
-1.737240,8.318307,-0.083837,-10.090918,0.142278,-3.935673,-1.879928,-16.978678,-0.468650,-10.013718,1.230019,-6.190594
-2.306913,9.319529,-0.014844,-10.795184,0.072849,-4.404384,-2.447079,-15.366075,-0.078142,-11.206103,1.016229,-5.921103
-2.862727,12.486714,0.117598,-11.208617,0.045318,-4.304518,-2.769160,-10.651121,0.276199,-11.948766,0.839516,-5.435161
-3.303057,18.078937,0.311606,-11.336439,0.060388,-3.682204,-2.792636,-2.686357,0.682910,-12.231554,0.732303,-5.015147
-3.571032,25.731501,0.544943,-11.213343,0.096453,-2.753716,-2.545625,7.832326,1.181932,-12.140831,0.692120,-4.800661
-3.663246,34.514245,0.786729,-10.905655,0.125179,-1.787401,-2.106367,19.505200,1.766752,-11.845655,0.688103,-4.718679
-3.622916,43.204584,1.013764,-10.514597,0.105307,-1.063359,-1.587820,30.624282,2.357696,-11.531978,0.669888,-4.551606
-3.505851,50.643525,1.217524,-10.173534,-0.005362,-0.811312,-1.102327,39.696099,2.836562,-11.359105,0.592550,-4.095513
-3.367436,56.216702,1.408776,-10.005343,-0.212561,-1.071871,-0.739498,46.045263,3.125849,-11.433492,0.448148,-3.309572
-3.260579,60.028783,1.610855,-10.073794,-0.477619,-1.671331,-0.560780,49.969529,3.201246,-11.781250,0.257794,-2.306098
-3.203938,62.613518,1.838927,-10.327024,-0.743426,-2.353411,-0.560538,52.335105,3.081616,-12.293212,0.068403,-1.272595
-3.158633,64.586764,2.082225,-10.588693,-0.957279,-2.869466,-0.648194,54.118367,2.866182,-12.739517,-0.044542,-0.400176
-3.062762,66.448257,2.310050,-10.602534,-1.086502,-3.063783,-0.701580,56.111865,2.723503,-12.828644,-0.009463,0.163541
-2.859382,68.328601,2.483180,-10.096162,-1.119000,-2.904263,-0.611768,58.573435,2.814702,-12.279357,0.195546,0.378929
-2.494389,69.881362,2.564679,-8.833698,-1.039035,-2.396530,-0.289356,61.069743,3.235921,-10.887204,0.544427,0.320424
-1.953324,70.437182,2.536273,-6.736768,-0.826728,-1.568253,0.273784,62.663412,3.987555,-8.643097,0.963013,0.139355
-1.307274,69.258954,2.408981,-3.968507,-0.489726,-0.540714,0.942674,62.293055,4.949202,-5.765642,1.327663,-0.027086
-0.697242,65.884367,2.220002,-0.913925,-0.071455,0.521907,1.484626,59.294499,5.901965,-2.661141,1.506251,-0.126235
-0.286881,60.407559,2.019481,1.931639,0.371937,1.522496,1.666413,53.784923,6.589234,0.179129,1.426040,-0.198091
-0.196538,53.497646,1.850858,4.123786,0.779093,2.428901,1.349083,46.615771,6.804867,2.327671,1.106698,-0.279819
-0.427389,46.151121,1.721075,5.450188,1.091015,3.230632,0.579018,39.026023,6.468423,3.591735,0.662043,-0.336199
-0.860122,39.374651,1.591781,5.972209,1.264908,3.900885,-0.413051,32.257434,5.633899,4.042132,0.254533,-0.269087
-1.348072,33.873236,1.409469,5.916328,1.282196,4.353201,-1.336438,27.169941,4.449085,3.922844,0.014168,0.017022
-1.776881,29.905160,1.150295,5.554726,1.160268,4.499267,-1.958227,24.044401,3.125063,3.530535,-0.000981,0.575520
-2.059289,27.283096,0.853574,5.139306,0.969551,4.365772,-2.152475,22.606980,1.880919,3.132574,0.217135,1.370606
-2.140507,25.547699,0.624711,4.820839,0.805411,4.041391,-1.936378,22.198688,0.907868,2.869296,0.632244,2.267339
-2.009461,24.161847,0.575950,4.624788,0.733384,3.567608,-1.470114,22.014072,0.355777,2.732822,1.153013,3.065979
-1.692746,22.664328,0.782306,4.488997,0.759174,2.956702,-0.979112,21.403365,0.299673,2.613389,1.654854,3.567782
-1.263668,20.666696,1.264866,4.306593,0.836498,2.250451,-0.669223,19.956237,0.700081,2.384951,2.024555,3.634064
-0.811597,17.938389,1.977409,4.006001,0.896096,1.524817,-0.651599,17.493915,1.458483,1.988236,2.208750,3.255812
-0.389427,14.475142,2.798518,3.633079,0.892831,0.881482,-0.892377,14.092990,2.443087,1.491730,2.230169,2.557112
-0.025856,10.462213,3.564002,3.317252,0.830270,0.397438,-1.254881,10.087098,3.452115,1.071630,2.141829,1.724999
0.225307,6.121372,4.106179,3.165373,0.746092,0.070567,-1.605723,5.876277,4.246533,0.946951,1.963581,0.934371
0.299516,1.732153,4.306707,3.214016,0.690041,-0.138440,-1.872194,1.779229,4.665683,1.287522,1.691500,0.322035
0.164307,-2.392088,4.158639,3.436495,0.715109,-0.237108,-2.047528,-2.041210,4.644921,2.150060,1.346542,-0.048463
-0.153545,-5.964151,3.780438,3.764273,0.858451,-0.227941,-2.181278,-5.526015,4.243326,3.435525,0.999161,-0.197976
-0.558668,-8.735782,3.322133,4.121978,1.123711,-0.154307,-2.343832,-8.607647,3.659174,4.893314,0.747198,-0.198629
-0.910925,-10.522752,2.918742,4.452114,1.477373,-0.080141,-2.573201,-11.221221,3.119427,6.182318,0.668413,-0.133444
-1.087409,-11.557071,2.693778,4.687701,1.854165,-0.047844,-2.850819,-13.472956,2.754032,6.983589,0.780394,-0.076840
-0.999585,-12.748884,2.730699,4.749749,2.173845,-0.056395,-3.089596,-15.593032,2.620750,7.072897,1.055961,-0.066640
-0.578577,-15.457000,3.059538,4.585682,2.378187,-0.074399,-3.138002,-17.880466,2.692858,6.363719,1.433243,-0.097795
0.217276,-20.703969,3.663464,4.202784,2.453498,-0.075057,-2.837226,-20.721078,2.806412,4.953197,1.803643,-0.145227
1.388735,-28.528590,4.443216,3.664486,2.414794,-0.054010,-2.085665,-24.471617,2.734463,3.125123,2.020852,-0.178021
2.892074,-37.891588,5.218965,3.068863,2.271884,-0.018134,-0.867495,-29.269997,2.338368,1.236330,1.963633,-0.150078
4.625175,-47.181642,5.805888,2.512996,2.023499,0.016580,0.732090,-34.975254,1.592334,-0.398828,1.603405,-0.013426
6.430596,-54.978627,6.071659,2.062580,1.673301,0.026902,2.529455,-41.083127,0.588613,-1.599056,1.047814,0.244355
8.123890,-60.466291,5.919062,1.731614,1.246183,0.005277,4.287667,-46.713401,-0.476111,-2.369278,0.499092,0.584804
9.524310,-63.331830,5.299556,1.484250,0.787713,-0.023012,5.772670,-50.964462,-1.413053,-2.864019,0.140565,0.938519
10.476549,-63.790482,4.268987,1.238485,0.350632,-0.003822,6.793198,-53.268114,-2.116570,-3.272563,0.051097,1.231988
10.881798,-62.803493,2.970946,0.887678,-0.025782,0.139537,7.235598,-53.319257,-2.520624,-3.762363,0.208579,1.408728
10.728452,-61.744153,1.600312,0.366498,-0.316467,0.466876,7.091702,-51.192636,-2.609051,-4.422967,0.503826,1.453567
10.082429,-61.268695,0.372331,-0.281609,-0.499885,0.971600,6.439470,-47.594449,-2.460456,-5.187808,0.769935,1.387423
9.054516,-60.459900,-0.530649,-0.907537,-0.559098,1.577310,5.405531,-43.425052,-2.195348,-5.832251,0.844839,1.250007
7.784141,-57.452399,-1.016962,-1.327407,-0.506157,2.152697,4.148193,-39.186921,-1.887480,-6.095144,0.634436,1.100838
6.433156,-50.905097,-1.098052,-1.404270,-0.385125,2.525334,2.846510,-35.017619,-1.565526,-5.789020,0.158599,1.009407
5.166516,-41.160403,-0.873021,-1.106441,-0.251910,2.548748,1.671477,-30.906833,-1.242439,-4.889375,-0.426750,1.005291
4.129958,-30.285130,-0.503457,-0.516843,-0.150154,2.197875,0.757246,-26.781865,-0.916561,-3.562375,-0.900210,1.069538
3.438401,-21.046962,-0.189218,0.215919,-0.096592,1.596942,0.180359,-22.766446,-0.601892,-2.088404,-1.096922,1.179880
3.149627,-15.503481,-0.081203,0.940171,-0.073648,0.970332,-0.054212,-19.211905,-0.342919,-0.744352,-0.970359,1.343708
3.228108,-14.473317,-0.227754,1.525489,-0.046859,0.571589,-0.016340,-16.238399,-0.156857,0.247773,-0.577365,1.581762
3.552627,-17.722821,-0.588282,1.885792,0.017610,0.597299,0.171342,-13.662185,-0.005455,0.771180,-0.048393,1.907478
3.942031,-23.917869,-1.055148,2.005708,0.148011,1.109974,0.365175,-11.532057,0.142428,0.850141,0.463169,2.288521
4.180491,-30.400008,-1.462945,1.934175,0.362734,2.031831,0.431000,-10.159786,0.268339,0.620704,0.835042,2.633037
4.092187,-34.394048,-1.673076,1.741435,0.649487,3.179094,0.282942,-9.755534,0.313913,0.250904,0.996444,2.843489
3.623029,-34.619614,-1.649347,1.485678,0.959533,4.300285,-0.088607,-10.425608,0.182241,-0.120084,0.942491,2.875445
2.847938,-31.801516,-1.458848,1.199389,1.222300,5.145991,-0.626346,-12.291354,-0.242947,-0.425292,0.746203,2.726737
1.924558,-28.021752,-1.225581,0.896510,1.370714,5.558512,-1.238356,-15.291914,-1.007537,-0.665825,0.515484,2.423321
1.038035,-25.686228,-1.096106,0.595180,1.366557,5.509090,-1.832044,-19.056605,-2.036772,-0.864235,0.329606,2.024348
0.321708,-26.028340,-1.150948,0.335015,1.215578,5.060490,-2.342503,-22.874385,-3.157398,-1.020139,0.217343,1.613412
-0.199186,-28.580780,-1.366037,0.156781,0.957825,4.311947,-2.739709,-25.712662,-4.122748,-1.106765,0.168021,1.264687
-0.573791,-31.970571,-1.666884,0.081917,0.653043,3.381246,-3.012667,-26.565698,-4.676827,-1.081664,0.150401,1.019645
-0.867339,-34.793666,-1.977630,0.116586,0.368890,2.397400,-3.152858,-25.151778,-4.692252,-0.906452,0.136813,0.868858
-1.148671,-35.642610,-2.213394,0.256238,0.165904,1.487308,-3.157016,-22.053972,-4.228671,-0.564522,0.116256,0.757143
-1.458085,-33.705285,-2.328967,0.476362,0.079285,0.752932,-3.035679,-18.241831,-3.492416,-0.076129,0.090482,0.630052
-1.772446,-29.300742,-2.345066,0.735179,0.111024,0.245216,-2.817443,-14.630967,-2.773994,0.498375,0.074095,0.475232
-2.029592,-23.538958,-2.317147,0.984724,0.231709,-0.043511,-2.546061,-11.926361,-2.340974,1.068492,0.097100,0.309529
-2.178988,-17.633153,-2.288225,1.180040,0.388572,-0.157341,-2.273244,-10.393259,-2.299321,1.536431,0.189451,0.154740
-2.201882,-12.671660,-2.268106,1.296014,0.525243,-0.147807,-2.045327,-9.784766,-2.563584,1.824072,0.361848,0.028872
-2.128648,-9.120467,-2.221023,1.346748,0.601946,-0.068861,-1.884856,-9.554136,-2.932283,1.908021,0.599886,-0.057287
-2.043201,-6.674733,-2.107515,1.373734,0.598914,0.016237,-1.780927,-9.170835,-3.190219,1.826936,0.867407,-0.101655
-2.033383,-4.750791,-1.917788,1.417476,0.513183,0.057488,-1.704028,-8.272191,-3.199463,1.651139,1.117928,-0.108407
-2.133622,-3.054318,-1.663576,1.504491,0.363563,0.053944,-1.625340,-6.804766,-2.948885,1.455111,1.311756,-0.090334
-2.324105,-1.468493,-1.359106,1.644680,0.192033,0.049920,-1.522485,-5.016920,-2.513187,1.310487,1.428750,-0.070679
-2.546779,-0.025056,-1.040214,1.827969,0.054763,0.102510,-1.381938,-3.263994,-1.998222,1.272751,1.470575,-0.072014
-2.734107,1.169202,-0.754547,2.035838,0.006960,0.247629,-1.204289,-1.765084,-1.508980,1.373126,1.457370,-0.103291
-2.851239,2.180329,-0.537798,2.258276,0.084948,0.485946,-0.999158,-0.547890,-1.111944,1.615530,1.419990,-0.157573
-2.894527,3.389261,-0.397091,2.496567,0.286724,0.786439,-0.772426,0.564753,-0.805151,1.962213,1.387410,-0.204691
-2.848957,5.233978,-0.295363,2.760454,0.577464,1.121612,-0.515769,1.907676,-0.523275,2.333018,1.376753,-0.182576
-2.686040,8.082260,-0.156304,3.064750,0.911735,1.480960,-0.208446,3.853622,-0.147468,2.639808,1.386097,-0.020908
-2.413025,12.131191,0.085465,3.409109,1.236495,1.841531,0.152355,6.650400,0.443840,2.810620,1.393852,0.316613
-2.086187,17.320978,0.469995,3.762560,1.486740,2.149365,0.521130,10.384004,1.305462,2.793859,1.368542,0.801423
-1.783879,23.286360,1.029277,4.074286,1.608647,2.360542,0.817638,14.937811,2.396009,2.576272,1.278329,1.335681
-1.580238,29.484621,1.767904,4.292521,1.582418,2.455485,0.968199,19.949284,3.591202,2.193476,1.103902,1.785499
-1.530973,35.299953,2.628491,4.373963,1.424201,2.433545,0.932374,24.851271,4.707896,1.712708,0.854572,2.050898
-1.661810,40.221942,3.511588,4.309405,1.178818,2.312891,0.719588,29.091251,5.552201,1.222616,0.563563,2.104150
-1.948917,44.024201,4.318467,4.146602,0.903404,2.132067,0.397480,32.323320,5.972999,0.816867,0.270750,1.987425
-2.263775,46.783941,4.972615,3.971293,0.645634,1.936064,0.079146,34.474999,5.909894,0.553590,0.020106,1.821374
-2.402430,48.729588,5.440152,3.861697,0.442768,1.799550,-0.123349,35.685337,5.432912,0.433576,-0.134213,1.813627
-2.210015,50.133086,5.737430,3.866881,0.331654,1.819935,-0.143373,36.206769,4.747969,0.424159,-0.143530,2.173044
-1.695183,51.160673,5.890539,4.001596,0.338691,2.062027,0.015836,36.262845,4.103688,0.491973,0.024708,2.984568
-1.023803,51.798684,5.908586,4.256901,0.461620,2.515172,0.289877,35.984970,3.652545,0.632920,0.380740,4.140024
-0.457823,51.944917,5.807097,4.606860,0.668501,3.115292,0.575800,35.424909,3.410240,0.864299,0.895019,5.364283
-0.259987,51.478277,5.602867,4.993922,0.908164,3.755298,0.753057,34.549269,3.309806,1.173222,1.490768,6.329502
-0.624650,50.204184,5.288939,5.308597,1.118198,4.309491,0.693592,33.210783,3.245869,1.484493,2.055185,6.819180
-1.620070,47.925971,4.863078,5.431529,1.236331,4.671834,0.300154,31.262860,3.101477,1.704073,2.432051,6.781604
-3.148868,44.635791,4.358371,5.296081,1.217479,4.763681,-0.451960,28.713296,2.789624,1.756348,2.470636,6.282620
-4.912696,40.521796,3.808795,4.907343,1.058210,4.524502,-1.496712,25.705558,2.263583,1.603902,2.116930,5.480470
-6.534489,35.817151,3.218836,4.319064,0.806968,3.958029,-2.713208,22.426978,1.519820,1.254587,1.450282,4.625074
-7.725747,30.718428,2.571592,3.620217,0.549994,3.148673,-3.960506,19.048672,0.612076,0.761131,0.636541,3.960915
-8.354725,25.369305,1.838312,2.914585,0.384888,2.223235,-5.090059,15.675134,-0.373128,0.213686,-0.105931,3.608189
-8.387328,19.858440,1.000908,2.309222,0.391448,1.320163,-5.940980,12.313887,-1.403459,-0.241933,-0.554824,3.508372
-7.856713,14.361642,0.104991,1.889835,0.602732,0.572831,-6.374601,8.951692,-2.459497,-0.469309,-0.543535,3.470154
-6.844757,9.191873,-0.746976,1.675696,1.000304,0.062717,-6.330004,5.544955,-3.436970,-0.446322,-0.010285,3.290847
-5.516444,4.648864,-1.432230,1.588580,1.512953,-0.200700,-5.867976,2.026287,-4.165770,-0.283910,0.971558,2.889665
-4.115258,0.854633,-1.834262,1.506874,2.020524,-0.259789,-5.129845,-1.575849,-4.508038,-0.136709,2.168718,2.311180
-2.884532,-2.225354,-1.910669,1.342549,2.395342,-0.197247,-4.253653,-5.053855,-4.395937,-0.149989,3.289679,1.646564
-1.949239,-4.772495,-1.765330,1.076443,2.560423,-0.117752,-3.317487,-8.197974,-3.896236,-0.410801,4.110119,0.988139
-1.339191,-7.100655,-1.606276,0.738078,2.501468,-0.100126,-2.369822,-10.845426,-3.181007,-0.930203,4.507017,0.432117
-1.052044,-9.611729,-1.664109,0.370883,2.248399,-0.181254,-1.476411,-12.900889,-2.421482,-1.666004,4.428730,0.053220
-1.055388,-12.554507,-2.086828,0.002554,1.862303,-0.357208,-0.728422,-14.351874,-1.728065,-2.536568,3.906397,-0.126597
-1.238816,-15.838777,-2.844515,-0.343411,1.423147,-0.566288,-0.200403,-15.240727,-1.203688,-3.383131,3.045593,-0.157526
-1.437121,-18.998002,-3.724359,-0.636200,1.010624,-0.714146,0.066568,-15.622822,-0.917959,-4.026746,2.022793,-0.134265
-1.489428,-21.423327,-4.461472,-0.851963,0.695742,-0.740882,0.059727,-15.770148,-0.874792,-4.365883,1.058127,-0.134234
-1.323428,-22.630524,-4.832186,-0.990850,0.517011,-0.645614,-0.208961,-16.155875,-1.022094,-4.394610,0.340050,-0.174685
-0.978631,-22.552414,-4.724744,-1.064194,0.455528,-0.475871,-0.673040,-17.184248,-1.294602,-4.158160,-0.064080,-0.232630
-0.549338,-21.600021,-4.219587,-1.079879,0.457245,-0.309267,-1.201391,-18.979459,-1.619281,-3.752202,-0.176377,-0.280286
-0.116827,-20.466375,-3.570390,-1.042440,0.477097,-0.211795,-1.638918,-21.390107,-1.955425,-3.303446,-0.053684,-0.303611
0.245665,-19.755311,-3.028690,-0.962623,0.487020,-0.211865,-1.887618,-23.947296,-2.270552,-2.938816,0.220803,-0.299080
0.458303,-19.846688,-2.750797,-0.876211,0.469309,-0.318878,-1.956295,-26.035554,-2.519164,-2.765779,0.530058,-0.267464
0.452818,-20.697714,-2.738396,-0.845572,0.418607,-0.510568,-1.945716,-27.134191,-2.656867,-2.835454,0.760275,-0.210931
0.216224,-21.776524,-2.818190,-0.915990,0.343917,-0.712945,-1.972043,-26.911962,-2.679188,-3.103299,0.837546,-0.142254
-0.183769,-22.362028,-2.750689,-1.077642,0.262108,-0.837179,-2.094536,-25.386974,-2.628542,-3.472278,0.764548,-0.081033
-0.636369,-22.037604,-2.415760,-1.298515,0.195159,-0.833737,-2.299683,-23.146806,-2.592261,-3.860306,0.606925,-0.044043
-1.048713,-20.818883,-1.845367,-1.557036,0.161979,-0.697589,-2.526813,-21.137647,-2.650797,-4.209095,0.438938,-0.043877
-1.362926,-19.133181,-1.194048,-1.833766,0.171396,-0.459519,-2.691272,-20.124293,-2.818553,-4.472916,0.297370,-0.073938
-1.533859,-17.666033,-0.707911,-2.092952,0.228053,-0.164593,-2.710703,-20.326658,-3.022029,-4.630674,0.193083,-0.102324
-1.528738,-17.056429,-0.635583,-2.293177,0.342588,0.150710,-2.542730,-21.344619,-3.134314,-4.690615,0.124194,-0.112719
-1.304910,-17.562083,-1.065735,-2.380593,0.519702,0.455674,-2.188027,-22.406606,-3.046326,-4.673512,0.082760,-0.109687
-0.796807,-19.106390,-1.897923,-2.316773,0.746332,0.719493,-1.667027,-22.825240,-2.727864,-4.603101,0.058180,-0.065408
0.055286,-21.345801,-2.884559,-2.114475,0.993548,0.944097,-0.999359,-22.313254,-2.238260,-4.487120,0.044791,0.084525
1.275226,-23.719190,-3.695815,-1.824503,1.219481,1.151918,-0.188515,-20.959152,-1.691493,-4.322884,0.043677,0.369661
2.852012,-25.685222,-4.039309,-1.503358,1.366507,1.344898,0.785330,-19.165004,-1.219100,-4.143806,0.061042,0.734512
4.656691,-26.974626,-3.794199,-1.266587,1.381056,1.486680,1.900750,-17.444262,-0.903346,-4.045961,0.090854,1.031109
6.406086,-27.508796,-3.024940,-1.273657,1.237415,1.489450,3.037522,-16.168245,-0.751305,-4.137972,0.116249,1.056900
7.759262,-27.304141,-1.928463,-1.640271,0.945376,1.216169,4.000353,-15.447100,-0.714278,-4.498492,0.121941,0.670694
8.442637,-26.450185,-0.768654,-2.389037,0.541380,0.531222,4.591004,-15.211775,-0.734781,-5.168877,0.094151,-0.133234
8.296431,-25.068806,0.196895,-3.476452,0.078584,-0.652446,4.655361,-15.285797,-0.777876,-6.151532,0.016848,-1.274227
7.343099,-23.253265,0.813237,-4.789116,-0.390384,-2.334020,4.151036,-15.514158,-0.861593,-7.395389,-0.106264,-2.586294
5.786338,-21.119256,1.060757,-6.186628,-0.820808,-4.361899,3.181896,-15.805301,-1.020838,-8.800677,-0.245946,-3.766500
3.915063,-18.791870,1.028111,-7.547400,-1.172302,-6.431586,1.961116,-16.004312,-1.262969,-10.209336,-0.360350,-4.470591
2.014934,-16.319467,0.866143,-8.762449,-1.411552,-8.194211,0.730932,-15.748556,-1.539070,-11.425712,-0.402876,-4.488212
0.341704,-13.699415,0.720978,-9.713295,-1.528588,-9.357069,-0.296894,-14.588219,-1.750071,-12.289778,-0.339525,-3.830008
-0.967632,-10.943313,0.671459,-10.336481,-1.532891,-9.724833,-1.013425,-12.112072,-1.745081,-12.730970,-0.179075,-2.729801
-1.922434,-8.053138,0.728050,-10.631418,-1.444747,-9.279121,-1.442265,-8.023049,-1.379775,-12.747265,0.042262,-1.550190
-2.597742,-5.051475,0.866660,-10.623402,-1.290107,-8.192055,-1.690020,-2.365531,-0.585101,-12.394702,0.289897,-0.587665
-3.060320,-2.075475,1.052495,-10.349338,-1.095461,-6.731137,-1.857553,4.238275,0.586961,-11.780591,0.527375,0.016531
-3.360406,0.602145,1.250935,-9.872653,-0.881145,-5.168358,-1.991667,10.718237,1.970008,-11.026997,0.712841,0.226619
-3.496985,2.661991,1.434567,-9.263578,-0.662821,-3.731864,-2.059206,15.952039,3.335947,-10.229660,0.820099,0.119594
-3.411955,3.888312,1.581947,-8.588993,-0.448536,-2.530195,-1.947398,19.094378,4.481469,-9.436798,0.837330,-0.080529
-3.018256,4.107963,1.677318,-7.878826,-0.236443,-1.558322,-1.509263,19.811341,5.262242,-8.617883,0.765384,-0.113661
-2.226033,3.049311,1.720010,-7.103210,-0.023061,-0.788638,-0.642455,18.345397,5.601275,-7.686844,0.630457,0.185745
-0.966468,0.339085,1.716923,-6.187745,0.177232,-0.216408,0.659206,15.152099,5.474033,-6.588241,0.464794,0.832333
0.752546,-4.364890,1.678766,-5.068755,0.334257,0.176759,2.297416,10.519809,4.899273,-5.342863,0.272922,1.686541
2.816915,-11.244056,1.624708,-3.727747,0.419206,0.399694,4.082319,4.661340,3.951953,-4.025568,0.054473,2.535832
5.030534,-19.966012,1.574167,-2.206449,0.418694,0.447724,5.782868,-2.176342,2.767385,-2.744907,-0.167185,3.223377
7.164885,-29.463058,1.533164,-0.598106,0.341234,0.353081,7.205133,-9.806166,1.498456,-1.617546,-0.356700,3.669211
9.010012,-38.103561,1.495846,0.965730,0.220292,0.211480,8.242698,-17.911270,0.286009,-0.737508,-0.480354,3.871935
10.420353,-44.133220,1.437584,2.338680,0.101267,0.137101,8.872820,-25.774594,-0.739408,-0.165541,-0.509894,3.952555
11.341010,-46.075066,1.318479,3.398497,0.021435,0.232824,9.146119,-32.408217,-1.472164,0.086393,-0.441826,4.108825
11.803705,-43.532970,1.113651,4.094018,-0.002027,0.550906,9.154974,-36.844059,-1.863374,0.082701,-0.299263,4.461162
11.890064,-37.641093,0.836692,4.449526,0.028558,1.051104,8.982140,-38.285998,-1.918134,-0.056247,-0.110483,4.970745
11.685537,-30.670817,0.524460,4.542414,0.090713,1.602015,8.669875,-36.512772,-1.693714,-0.209559,0.092218,5.457234
11.265342,-25.303330,0.222805,4.480997,0.150716,2.044786,8.239308,-32.207021,-1.302646,-0.274062,0.260586,5.677232
10.044666,-27.824276,-0.203527,4.257865,0.162640,2.071354,7.096316,-21.269238,-0.475365,0.137204,0.349440,4.757603
9.408081,-36.098606,-0.311667,4.175330,0.104726,1.590367,6.471701,-16.986104,-0.186670,0.620583,0.283954,3.731645
-18.776440,34.676042,2.774233,-3.488808,0.686048,0.269907,-10.842046,20.847321,0.240265,-3.919594,-0.873364,0.690014
-18.071713,32.947903,2.356724,-3.736834,0.471569,0.207268,-11.007252,19.530145,0.179329,-4.003197,-1.226732,0.553200
-16.928384,30.657400,1.836570,-3.981952,0.232977,0.130924,-11.032913,17.777301,-0.049444,-4.103236,-1.407703,0.412985
-15.374084,27.874525,1.283581,-4.208717,0.023841,0.040572,-10.811187,15.505619,-0.468954,-4.209311,-1.340355,0.285357
-13.498248,24.834149,0.769214,-4.387704,-0.118451,-0.029378,-10.226312,12.714467,-1.106417,-4.265597,-1.030957,0.214943
-11.392363,21.824833,0.348568,-4.506681,-0.179530,-0.037182,-9.174515,9.470258,-1.925092,-4.214314,-0.539131,0.194641
-9.157976,19.162660,0.053859,-4.595044,-0.164801,0.041515,-7.653660,5.991726,-2.754982,-4.047238,0.059830,0.137569
-6.929433,17.075865,-0.112933,-4.716170,-0.095609,0.177865,-5.818047,2.538005,-3.377441,-3.831400,0.672125,-0.092148
-4.877583,15.565171,-0.176350,-4.951060,0.003894,0.261389,-3.936844,-0.776105,-3.632900,-3.706017,1.191780,-0.634850
-3.184838,14.398519,-0.173082,-5.384228,0.117583,0.164256,-2.309630,-3.988697,-3.464338,-3.855435,1.541137,-1.564167
-1.988235,13.258343,-0.140893,-6.067663,0.222300,-0.214636,-1.188713,-7.213542,-2.958587,-4.428175,1.697325,-2.800112
-1.317822,11.873197,-0.113876,-6.989248,0.283910,-0.936570,-0.690604,-10.536379,-2.293970,-5.471215,1.692577,-4.118987
-1.115823,10.263766,-0.106460,-8.061139,0.281553,-1.948429,-0.764026,-13.738357,-1.609901,-6.896844,1.589212,-5.257806
-1.292551,8.859253,-0.105795,-9.143999,0.224571,-3.037084,-1.237941,-16.166540,-0.980314,-8.500017,1.430202,-5.990175
-1.737240,8.318307,-0.083837,-10.090918,0.142278,-3.935673,-1.879928,-16.978678,-0.468650,-10.013718,1.230019,-6.190594
-2.306913,9.319529,-0.014844,-10.795184,0.072849,-4.404384,-2.447079,-15.366075,-0.078142,-11.206103,1.016229,-5.921103
-2.862727,12.486714,0.117598,-11.208617,0.045318,-4.304518,-2.769160,-10.651121,0.276199,-11.948766,0.839516,-5.435161
-3.303057,18.078937,0.311606,-11.336439,0.060388,-3.682204,-2.792636,-2.686357,0.682910,-12.231554,0.732303,-5.015147
-3.571032,25.731501,0.544943,-11.213343,0.096453,-2.753716,-2.545625,7.832326,1.181932,-12.140831,0.692120,-4.800661
-3.663246,34.514245,0.786729,-10.905655,0.125179,-1.787401,-2.106367,19.505200,1.766752,-11.845655,0.688103,-4.718679
-3.622916,43.204584,1.013764,-10.514597,0.105307,-1.063359,-1.587820,30.624282,2.357696,-11.531978,0.669888,-4.551606
-3.505851,50.643525,1.217524,-10.173534,-0.005362,-0.811312,-1.102327,39.696099,2.836562,-11.359105,0.592550,-4.095513
-3.367436,56.216702,1.408776,-10.005343,-0.212561,-1.071871,-0.739498,46.045263,3.125849,-11.433492,0.448148,-3.309572
-3.260579,60.028783,1.610855,-10.073794,-0.477619,-1.671331,-0.560780,49.969529,3.201246,-11.781250,0.257794,-2.306098
-3.203938,62.613518,1.838927,-10.327024,-0.743426,-2.353411,-0.560538,52.335105,3.081616,-12.293212,0.068403,-1.272595
-3.158633,64.586764,2.082225,-10.588693,-0.957279,-2.869466,-0.648194,54.118367,2.866182,-12.739517,-0.044542,-0.400176
-3.062762,66.448257,2.310050,-10.602534,-1.086502,-3.063783,-0.701580,56.111865,2.723503,-12.828644,-0.009463,0.163541
-2.859382,68.328601,2.483180,-10.096162,-1.119000,-2.904263,-0.611768,58.573435,2.814702,-12.279357,0.195546,0.378929
-2.494389,69.881362,2.564679,-8.833698,-1.039035,-2.396530,-0.289356,61.069743,3.235921,-10.887204,0.544427,0.320424
-1.953324,70.437182,2.536273,-6.736768,-0.826728,-1.568253,0.273784,62.663412,3.987555,-8.643097,0.963013,0.139355
-1.307274,69.258954,2.408981,-3.968507,-0.489726,-0.540714,0.942674,62.293055,4.949202,-5.765642,1.327663,-0.027086
-0.697242,65.884367,2.220002,-0.913925,-0.071455,0.521907,1.484626,59.294499,5.901965,-2.661141,1.506251,-0.126235
-0.286881,60.407559,2.019481,1.931639,0.371937,1.522496,1.666413,53.784923,6.589234,0.179129,1.426040,-0.198091
-0.196538,53.497646,1.850858,4.123786,0.779093,2.428901,1.349083,46.615771,6.804867,2.327671,1.106698,-0.279819
-0.427389,46.151121,1.721075,5.450188,1.091015,3.230632,0.579018,39.026023,6.468423,3.591735,0.662043,-0.336199
-0.860122,39.374651,1.591781,5.972209,1.264908,3.900885,-0.413051,32.257434,5.633899,4.042132,0.254533,-0.269087
-1.348072,33.873236,1.409469,5.916328,1.282196,4.353201,-1.336438,27.169941,4.449085,3.922844,0.014168,0.017022
-1.776881,29.905160,1.150295,5.554726,1.160268,4.499267,-1.958227,24.044401,3.125063,3.530535,-0.000981,0.575520
-2.059289,27.283096,0.853574,5.139306,0.969551,4.365772,-2.152475,22.606980,1.880919,3.132574,0.217135,1.370606
-2.140507,25.547699,0.624711,4.820839,0.805411,4.041391,-1.936378,22.198688,0.907868,2.869296,0.632244,2.267339
-2.009461,24.161847,0.575950,4.624788,0.733384,3.567608,-1.470114,22.014072,0.355777,2.732822,1.153013,3.065979
-1.692746,22.664328,0.782306,4.488997,0.759174,2.956702,-0.979112,21.403365,0.299673,2.613389,1.654854,3.567782
-1.263668,20.666696,1.264866,4.306593,0.836498,2.250451,-0.669223,19.956237,0.700081,2.384951,2.024555,3.634064
-0.811597,17.938389,1.977409,4.006001,0.896096,1.524817,-0.651599,17.493915,1.458483,1.988236,2.208750,3.255812
-0.389427,14.475142,2.798518,3.633079,0.892831,0.881482,-0.892377,14.092990,2.443087,1.491730,2.230169,2.557112
-0.025856,10.462213,3.564002,3.317252,0.830270,0.397438,-1.254881,10.087098,3.452115,1.071630,2.141829,1.724999
0.225307,6.121372,4.106179,3.165373,0.746092,0.070567,-1.605723,5.876277,4.246533,0.946951,1.963581,0.934371
0.299516,1.732153,4.306707,3.214016,0.690041,-0.138440,-1.872194,1.779229,4.665683,1.287522,1.691500,0.322035
0.164307,-2.392088,4.158639,3.436495,0.715109,-0.237108,-2.047528,-2.041210,4.644921,2.150060,1.346542,-0.048463
-0.153545,-5.964151,3.780438,3.764273,0.858451,-0.227941,-2.181278,-5.526015,4.243326,3.435525,0.999161,-0.197976
-0.558668,-8.735782,3.322133,4.121978,1.123711,-0.154307,-2.343832,-8.607647,3.659174,4.893314,0.747198,-0.198629
-0.910925,-10.522752,2.918742,4.452114,1.477373,-0.080141,-2.573201,-11.221221,3.119427,6.182318,0.668413,-0.133444
-1.087409,-11.557071,2.693778,4.687701,1.854165,-0.047844,-2.850819,-13.472956,2.754032,6.983589,0.780394,-0.076840
-0.999585,-12.748884,2.730699,4.749749,2.173845,-0.056395,-3.089596,-15.593032,2.620750,7.072897,1.055961,-0.066640
-0.578577,-15.457000,3.059538,4.585682,2.378187,-0.074399,-3.138002,-17.880466,2.692858,6.363719,1.433243,-0.097795
0.217276,-20.703969,3.663464,4.202784,2.453498,-0.075057,-2.837226,-20.721078,2.806412,4.953197,1.803643,-0.145227
1.388735,-28.528590,4.443216,3.664486,2.414794,-0.054010,-2.085665,-24.471617,2.734463,3.125123,2.020852,-0.178021
2.892074,-37.891588,5.218965,3.068863,2.271884,-0.018134,-0.867495,-29.269997,2.338368,1.236330,1.963633,-0.150078
4.625175,-47.181642,5.805888,2.512996,2.023499,0.016580,0.732090,-34.975254,1.592334,-0.398828,1.603405,-0.013426
6.430596,-54.978627,6.071659,2.062580,1.673301,0.026902,2.529455,-41.083127,0.588613,-1.599056,1.047814,0.244355
8.123890,-60.466291,5.919062,1.731614,1.246183,0.005277,4.287667,-46.713401,-0.476111,-2.369278,0.499092,0.584804
9.524310,-63.331830,5.299556,1.484250,0.787713,-0.023012,5.772670,-50.964462,-1.413053,-2.864019,0.140565,0.938519
10.476549,-63.790482,4.268987,1.238485,0.350632,-0.003822,6.793198,-53.268114,-2.116570,-3.272563,0.051097,1.231988
10.881798,-62.803493,2.970946,0.887678,-0.025782,0.139537,7.235598,-53.319257,-2.520624,-3.762363,0.208579,1.408728
10.728452,-61.744153,1.600312,0.366498,-0.316467,0.466876,7.091702,-51.192636,-2.609051,-4.422967,0.503826,1.453567
10.082429,-61.268695,0.372331,-0.281609,-0.499885,0.971600,6.439470,-47.594449,-2.460456,-5.187808,0.769935,1.387423
9.054516,-60.459900,-0.530649,-0.907537,-0.559098,1.577310,5.405531,-43.425052,-2.195348,-5.832251,0.844839,1.250007
7.784141,-57.452399,-1.016962,-1.327407,-0.506157,2.152697,4.148193,-39.186921,-1.887480,-6.095144,0.634436,1.100838
6.433156,-50.905097,-1.098052,-1.404270,-0.385125,2.525334,2.846510,-35.017619,-1.565526,-5.789020,0.158599,1.009407
5.166516,-41.160403,-0.873021,-1.106441,-0.251910,2.548748,1.671477,-30.906833,-1.242439,-4.889375,-0.426750,1.005291
4.129958,-30.285130,-0.503457,-0.516843,-0.150154,2.197875,0.757246,-26.781865,-0.916561,-3.562375,-0.900210,1.069538
3.438401,-21.046962,-0.189218,0.215919,-0.096592,1.596942,0.180359,-22.766446,-0.601892,-2.088404,-1.096922,1.179880
3.149627,-15.503481,-0.081203,0.940171,-0.073648,0.970332,-0.054212,-19.211905,-0.342919,-0.744352,-0.970359,1.343708
3.228108,-14.473317,-0.227754,1.525489,-0.046859,0.571589,-0.016340,-16.238399,-0.156857,0.247773,-0.577365,1.581762
3.552627,-17.722821,-0.588282,1.885792,0.017610,0.597299,0.171342,-13.662185,-0.005455,0.771180,-0.048393,1.907478
3.942031,-23.917869,-1.055148,2.005708,0.148011,1.109974,0.365175,-11.532057,0.142428,0.850141,0.463169,2.288521
4.180491,-30.400008,-1.462945,1.934175,0.362734,2.031831,0.431000,-10.159786,0.268339,0.620704,0.835042,2.633037
4.092187,-34.394048,-1.673076,1.741435,0.649487,3.179094,0.282942,-9.755534,0.313913,0.250904,0.996444,2.843489
3.623029,-34.619614,-1.649347,1.485678,0.959533,4.300285,-0.088607,-10.425608,0.182241,-0.120084,0.942491,2.875445
2.847938,-31.801516,-1.458848,1.199389,1.222300,5.145991,-0.626346,-12.291354,-0.242947,-0.425292,0.746203,2.726737
1.924558,-28.021752,-1.225581,0.896510,1.370714,5.558512,-1.238356,-15.291914,-1.007537,-0.665825,0.515484,2.423321
1.038035,-25.686228,-1.096106,0.595180,1.366557,5.509090,-1.832044,-19.056605,-2.036772,-0.864235,0.329606,2.024348
0.321708,-26.028340,-1.150948,0.335015,1.215578,5.060490,-2.342503,-22.874385,-3.157398,-1.020139,0.217343,1.613412
-0.199186,-28.580780,-1.366037,0.156781,0.957825,4.311947,-2.739709,-25.712662,-4.122748,-1.106765,0.168021,1.264687
-0.573791,-31.970571,-1.666884,0.081917,0.653043,3.381246,-3.012667,-26.565698,-4.676827,-1.081664,0.150401,1.019645
-0.867339,-34.793666,-1.977630,0.116586,0.368890,2.397400,-3.152858,-25.151778,-4.692252,-0.906452,0.136813,0.868858
-1.148671,-35.642610,-2.213394,0.256238,0.165904,1.487308,-3.157016,-22.053972,-4.228671,-0.564522,0.116256,0.757143
-1.458085,-33.705285,-2.328967,0.476362,0.079285,0.752932,-3.035679,-18.241831,-3.492416,-0.076129,0.090482,0.630052
-1.772446,-29.300742,-2.345066,0.735179,0.111024,0.245216,-2.817443,-14.630967,-2.773994,0.498375,0.074095,0.475232
-2.029592,-23.538958,-2.317147,0.984724,0.231709,-0.043511,-2.546061,-11.926361,-2.340974,1.068492,0.097100,0.309529
10.695309,-23.989238,-0.026473,4.366730,0.179414,2.231244,7.705271,-26.681106,-0.866999,-0.169386,0.350382,5.450721
10.044666,-27.824276,-0.203527,4.257865,0.162640,2.071354,7.096316,-21.269238,-0.475365,0.137204,0.349440,4.757603
9.408081,-36.098606,-0.311667,4.175330,0.104726,1.590367,6.471701,-16.986104,-0.186670,0.620583,0.283954,3.731645
8.905103,-46.948375,-0.359334,4.125165,0.029528,0.949436,5.914620,-14.275253,-0.025980,1.205698,0.208778,2.642288
8.633281,-58.230826,-0.356422,4.113887,-0.034943,0.361351,5.491027,-13.041986,0.028782,1.780674,0.186559,1.859923
8.624178,-67.989565,-0.313679,4.165707,-0.073167,-0.004242,5.224568,-12.914248,0.022342,2.242277,0.258272,1.701055
8.816792,-75.120162,-0.237549,4.327702,-0.081853,-0.056591,5.081138,-13.489271,-0.006232,2.550218,0.426807,2.255267
9.067910,-79.365953,-0.133452,4.656117,-0.061676,0.217899,4.979102,-14.293765,-0.034363,2.736935,0.660513,3.342965
9.211922,-80.799333,-0.014719,5.194344,-0.020276,0.726815,4.823793,-14.920857,-0.061510,2.877130,0.904464,4.603563
9.123141,-79.615390,0.105305,5.943211,0.028095,1.296370,4.547839,-15.262540,-0.098972,3.061054,1.089239,5.644051
8.731779,-76.114770,0.212566,6.829396,0.067307,1.725996,4.115026,-15.571892,-0.126860,3.363899,1.151276,6.174356
8.042708,-70.186895,0.284180,7.725687,0.085661,1.870218,3.525219,-16.127235,-0.092034,3.818451,1.062394,6.057899
7.147869,-61.516383,0.299285,8.515708,0.079417,1.694764,2.827126,-17.095675,0.049791,4.415770,0.845102,5.312947
6.190114,-50.348985,0.255147,9.144184,0.054641,1.299985,2.102879,-18.601712,0.304909,5.117910,0.557010,4.104572
5.322960,-37.859654,0.162765,9.621456,0.021409,0.848316,1.424830,-20.862094,0.646122,5.861927,0.272158,2.714875
4.647724,-25.971130,0.051436,10.009449,-0.009987,0.478593,0.828598,-24.051301,1.002653,6.582336,0.051844,1.439142
4.107629,-16.987775,-0.032482,10.368515,-0.031908,0.265070,0.290768,-28.141452,1.262734,7.226495,-0.084711,0.480003
3.502868,-12.624494,-0.051450,10.702859,-0.040945,0.234741,-0.251529,-32.714302,1.292282,7.746291,-0.149054,-0.101443
2.643100,-13.416731,-0.000794,10.951351,-0.040071,0.351960,-0.845366,-37.004237,0.983481,8.092276,-0.147627,-0.358247
1.392055,-18.874348,0.102821,11.012836,-0.034204,0.543042,-1.539310,-40.167889,0.317575,8.227528,-0.100919,-0.390880
-0.331612,-27.608690,0.217270,10.752696,-0.028969,0.716598,-2.461682,-41.637351,-0.582821,8.125537,-0.056733,-0.295378
-2.449667,-37.312458,0.274743,10.054211,-0.027327,0.793814,-3.797461,-41.130876,-1.499131,7.770177,-0.058093,-0.162854
-4.679186,-45.393329,0.216583,8.880578,-0.028047,0.723528,-5.663294,-38.645939,-2.218732,7.166766,-0.111088,-0.063497
-6.620823,-49.772627,0.026145,7.293818,-0.027863,0.504802,-8.019560,-34.497231,-2.609759,6.344840,-0.186683,-0.025713
-7.814937,-49.523952,-0.275500,5.431751,-0.026346,0.167702,-10.646556,-29.286222,-2.626487,5.347425,-0.214167,-0.033879
-7.903333,-45.126009,-0.611783,3.490721,-0.025025,-0.250832,-13.157259,-23.697028,-2.303170,4.240551,-0.115212,-0.054265
-6.887118,-38.081411,-0.866260,1.666380,-0.028076,-0.723986,-15.088572,-18.331751,-1.732704,3.106684,0.140553,-0.062073
-5.126057,-30.043016,-0.946817,0.103812,-0.038103,-1.200429,-16.019598,-13.594076,-1.050356,2.025068,0.532723,-0.061324
-3.088777,-22.371419,-0.834850,-1.094222,-0.050514,-1.597113,-15.670422,-9.693293,-0.420676,1.072812,1.012158,-0.070662
-1.227317,-16.051694,-0.567024,-1.852016,-0.053921,-1.822440,-14.017892,-6.698486,0.005782,0.325110,1.480136,-0.096399
0.098927,-11.485960,-0.221909,-2.159232,-0.037730,-1.817735,-11.370892,-4.569021,0.155479,-0.175408,1.804465,-0.123012
0.756027,-8.427096,0.097325,-2.062359,0.005562,-1.571198,-8.292436,-3.113083,0.021833,-0.427782,1.871805,-0.128950
0.828772,-6.325737,0.311178,-1.641136,0.076590,-1.130153,-5.381504,-2.060083,-0.367759,-0.463572,1.631598,-0.094524
0.544008,-4.597381,0.401659,-1.035584,0.161558,-0.606749,-3.051464,-1.242462,-0.938098,-0.351611,1.152640,-0.008509
0.216032,-2.925318,0.390704,-0.420553,0.235685,-0.131394,-1.423821,-0.647692,-1.567773,-0.180668,0.613017,0.128724
0.104393,-1.387126,0.319556,0.082622,0.277654,0.212428,-0.414241,-0.302262,-2.142332,-0.014390,0.181989,0.310948
0.318602,-0.162320,0.227949,0.421918,0.275773,0.386855,0.077793,-0.201390,-2.592074,0.120135,-0.055746,0.534540
0.883289,0.728326,0.125740,0.578077,0.225914,0.374826,0.054676,-0.329222,-2.894379,0.212908,-0.079868,0.799152
1.756190,1.331915,0.005929,0.564084,0.130255,0.183319,-0.509808,-0.676575,-3.063068,0.269790,0.084986,1.105450
2.820256,1.541843,-0.134440,0.440904,-0.003124,-0.141582,-1.553677,-1.251785,-3.137082,0.319474,0.379787,1.452471
3.853286,1.316668,-0.315238,0.308872,-0.159525,-0.530910,-3.058051,-2.055616,-3.196129,0.411073,0.682861,1.840979
8.905103,-46.948375,-0.359334,4.125165,0.029528,0.949436,5.914620,-14.275253,-0.025980,1.205698,0.208778,2.642288
8.633281,-58.230826,-0.356422,4.113887,-0.034943,0.361351,5.491027,-13.041986,0.028782,1.780674,0.186559,1.859923
8.624178,-67.989565,-0.313679,4.165707,-0.073167,-0.004242,5.224568,-12.914248,0.022342,2.242277,0.258272,1.701055
8.816792,-75.120162,-0.237549,4.327702,-0.081853,-0.056591,5.081138,-13.489271,-0.006232,2.550218,0.426807,2.255267
9.067910,-79.365953,-0.133452,4.656117,-0.061676,0.217899,4.979102,-14.293765,-0.034363,2.736935,0.660513,3.342965
9.211922,-80.799333,-0.014719,5.194344,-0.020276,0.726815,4.823793,-14.920857,-0.061510,2.877130,0.904464,4.603563
9.123141,-79.615390,0.105305,5.943211,0.028095,1.296370,4.547839,-15.262540,-0.098972,3.061054,1.089239,5.644051
8.731779,-76.114770,0.212566,6.829396,0.067307,1.725996,4.115026,-15.571892,-0.126860,3.363899,1.151276,6.174356
8.042708,-70.186895,0.284180,7.725687,0.085661,1.870218,3.525219,-16.127235,-0.092034,3.818451,1.062394,6.057899
7.147869,-61.516383,0.299285,8.515708,0.079417,1.694764,2.827126,-17.095675,0.049791,4.415770,0.845102,5.312947
6.190114,-50.348985,0.255147,9.144184,0.054641,1.299985,2.102879,-18.601712,0.304909,5.117910,0.557010,4.104572
5.322960,-37.859654,0.162765,9.621456,0.021409,0.848316,1.424830,-20.862094,0.646122,5.861927,0.272158,2.714875
4.647724,-25.971130,0.051436,10.009449,-0.009987,0.478593,0.828598,-24.051301,1.002653,6.582336,0.051844,1.439142
4.107629,-16.987775,-0.032482,10.368515,-0.031908,0.265070,0.290768,-28.141452,1.262734,7.226495,-0.084711,0.480003
3.502868,-12.624494,-0.051450,10.702859,-0.040945,0.234741,-0.251529,-32.714302,1.292282,7.746291,-0.149054,-0.101443
2.643100,-13.416731,-0.000794,10.951351,-0.040071,0.351960,-0.845366,-37.004237,0.983481,8.092276,-0.147627,-0.358247
1.392055,-18.874348,0.102821,11.012836,-0.034204,0.543042,-1.539310,-40.167889,0.317575,8.227528,-0.100919,-0.390880
-0.331612,-27.608690,0.217270,10.752696,-0.028969,0.716598,-2.461682,-41.637351,-0.582821,8.125537,-0.056733,-0.295378
-2.449667,-37.312458,0.274743,10.054211,-0.027327,0.793814,-3.797461,-41.130876,-1.499131,7.770177,-0.058093,-0.162854
-4.679186,-45.393329,0.216583,8.880578,-0.028047,0.723528,-5.663294,-38.645939,-2.218732,7.166766,-0.111088,-0.063497
-6.620823,-49.772627,0.026145,7.293818,-0.027863,0.504802,-8.019560,-34.497231,-2.609759,6.344840,-0.186683,-0.025713
-7.814937,-49.523952,-0.275500,5.431751,-0.026346,0.167702,-10.646556,-29.286222,-2.626487,5.347425,-0.214167,-0.033879
-7.903333,-45.126009,-0.611783,3.490721,-0.025025,-0.250832,-13.157259,-23.697028,-2.303170,4.240551,-0.115212,-0.054265
-6.887118,-38.081411,-0.866260,1.666380,-0.028076,-0.723986,-15.088572,-18.331751,-1.732704,3.106684,0.140553,-0.062073
-5.126057,-30.043016,-0.946817,0.103812,-0.038103,-1.200429,-16.019598,-13.594076,-1.050356,2.025068,0.532723,-0.061324
-3.088777,-22.371419,-0.834850,-1.094222,-0.050514,-1.597113,-15.670422,-9.693293,-0.420676,1.072812,1.012158,-0.070662
-1.227317,-16.051694,-0.567024,-1.852016,-0.053921,-1.822440,-14.017892,-6.698486,0.005782,0.325110,1.480136,-0.096399
0.098927,-11.485960,-0.221909,-2.159232,-0.037730,-1.817735,-11.370892,-4.569021,0.155479,-0.175408,1.804465,-0.123012
0.756027,-8.427096,0.097325,-2.062359,0.005562,-1.571198,-8.292436,-3.113083,0.021833,-0.427782,1.871805,-0.128950
0.828772,-6.325737,0.311178,-1.641136,0.076590,-1.130153,-5.381504,-2.060083,-0.367759,-0.463572,1.631598,-0.094524
0.544008,-4.597381,0.401659,-1.035584,0.161558,-0.606749,-3.051464,-1.242462,-0.938098,-0.351611,1.152640,-0.008509
0.216032,-2.925318,0.390704,-0.420553,0.235685,-0.131394,-1.423821,-0.647692,-1.567773,-0.180668,0.613017,0.128724
0.104393,-1.387126,0.319556,0.082622,0.277654,0.212428,-0.414241,-0.302262,-2.142332,-0.014390,0.181989,0.310948
0.318602,-0.162320,0.227949,0.421918,0.275773,0.386855,0.077793,-0.201390,-2.592074,0.120135,-0.055746,0.534540
0.883289,0.728326,0.125740,0.578077,0.225914,0.374826,0.054676,-0.329222,-2.894379,0.212908,-0.079868,0.799152
1.756190,1.331915,0.005929,0.564084,0.130255,0.183319,-0.509808,-0.676575,-3.063068,0.269790,0.084986,1.105450
2.820256,1.541843,-0.134440,0.440904,-0.003124,-0.141582,-1.553677,-1.251785,-3.137082,0.319474,0.379787,1.452471
3.853286,1.316668,-0.315238,0.308872,-0.159525,-0.530910,-3.058051,-2.055616,-3.196129,0.411073,0.682861,1.840979
