-1.224681,2.284014,0.139681,-0.029649,0.307206,0.272776,-1.222422,-1.061838,-0.058906,-0.159447,-0.282897,-0.262754
-1.334570,2.711178,0.041461,0.031177,0.297149,0.229556,-1.187580,-0.927684,-0.036957,-0.180295,-0.294463,-0.178305
-1.411929,2.946194,-0.019482,0.064341,0.281846,0.168644,-1.091614,-0.751033,0.016708,-0.215964,-0.319545,-0.131738
-1.442721,3.024610,-0.025952,0.059979,0.257083,0.139790,-0.943630,-0.565735,0.101528,-0.256768,-0.355127,-0.131128
-1.447967,3.022672,0.025989,0.021633,0.221746,0.149815,-0.771420,-0.407667,0.209589,-0.289074,-0.390614,-0.171326
-1.472906,3.028403,0.122850,-0.035391,0.178355,0.181020,-0.617156,-0.305002,0.325819,-0.301793,-0.413583,-0.234314
-1.564108,3.107537,0.236226,-0.091610,0.132687,0.195666,-0.522316,-0.272943,0.430216,-0.289129,-0.414105,-0.295505
-1.751657,3.287560,0.331197,-0.127713,0.094381,0.169041,-0.514178,-0.307986,0.503054,-0.249782,-0.386120,-0.331986
-2.033981,3.554282,0.377646,-0.131572,0.072149,0.112357,-0.594893,-0.394246,0.532284,-0.189274,-0.331421,-0.330239
-2.366712,3.864059,0.363167,-0.103009,0.070464,0.052383,-0.743684,-0.504955,0.516842,-0.122038,-0.260026,-0.291502
-2.674104,4.159658,0.299070,-0.049842,0.090133,0.001060,-0.926417,-0.605778,0.466167,-0.064519,-0.186375,-0.228721
-2.879713,4.388392,0.214220,0.016879,0.128816,-0.033509,-1.101373,-0.672489,0.396686,-0.027304,-0.125272,-0.158645
-2.929010,4.512291,0.143580,0.082687,0.178326,-0.044110,-1.219308,-0.712920,0.326944,-0.013972,-0.090629,-0.097910
-2.811774,4.508653,0.120043,0.134677,0.225576,-0.033044,-1.244998,-0.746720,0.270407,-0.022672,-0.089644,-0.057757
-2.576580,4.363356,0.166177,0.167578,0.257963,-0.007367,-1.180931,-0.773163,0.235099,-0.047197,-0.119003,-0.039558
-2.312906,4.082511,0.284838,0.181035,0.270149,0.025784,-1.063933,-0.748686,0.228869,-0.080407,-0.167790,-0.038694
-2.107093,3.684797,0.455418,0.176061,0.266150,0.055881,-0.938489,-0.630710,0.254838,-0.114203,-0.221179,-0.048795
-2.007271,3.176189,0.639791,0.156511,0.256932,0.076620,-0.841895,-0.437103,0.299839,-0.139473,-0.260717,-0.062995
-1.988818,2.546302,0.794596,0.124400,0.250292,0.088482,-0.775159,-0.279924,0.337736,-0.152384,-0.274381,-0.077751
-1.959068,1.832667,0.885698,0.074897,0.242686,0.096071,-0.688317,-0.296953,0.347714,-0.158193,-0.265755,-0.089914
-1.815110,1.163402,0.897403,0.004996,0.224166,0.113100,-0.519995,-0.569587,0.322035,-0.165795,-0.249560,-0.093349
-1.484894,0.745155,0.831716,-0.079240,0.191247,0.159569,-0.237462,-1.058100,0.265786,-0.183123,-0.239788,-0.088638
-0.922430,0.802309,0.702137,-0.167193,0.147965,0.249160,0.167769,-1.591732,0.197351,-0.218241,-0.245360,-0.092494
-0.121655,1.489618,0.531263,-0.248899,0.098211,0.385110,0.669292,-1.865190,0.144220,-0.280462,-0.268610,-0.128577
0.865027,2.837349,0.348433,-0.316577,0.046656,0.564440,1.205288,-1.506363,0.140460,-0.376379,-0.306687,-0.220720
1.932389,4.806035,0.182037,-0.370197,0.001952,0.768700,1.724178,-0.159471,0.236202,-0.504204,-0.357402,-0.389187
2.932261,7.295052,0.051461,-0.418394,-0.032028,0.960311,2.214447,2.333204,0.482279,-0.649852,-0.423669,-0.636292
3.697503,10.097050,-0.035639,-0.471138,-0.061869,1.096060,2.686417,5.790296,0.895548,-0.788379,-0.507698,-0.938110
4.107713,12.923818,-0.082518,-0.537494,-0.104654,1.140589,3.183675,9.699220,1.450170,-0.893493,-0.610901,-1.251108
4.114529,15.536914,-0.098917,-0.628370,-0.186397,1.073235,3.781614,13.428651,2.097418,-0.947097,-0.738139,-1.512308
3.706158,17.821863,-0.095646,-0.745917,-0.322623,0.902309,4.491194,16.440288,2.768491,-0.942934,-0.887369,-1.656803
2.922418,19.797870,-0.082570,-0.874015,-0.492164,0.665227,5.200733,18.461836,3.378654,-0.887126,-1.033050,-1.651761
1.899768,21.560576,-0.068931,-0.987546,-0.644259,0.411391,5.734356,19.518644,3.846333,-0.797794,-1.131480,-1.508647
0.854294,23.178477,-0.060757,-1.068265,-0.729533,0.188732,5.915822,19.874287,4.107276,-0.701344,-1.142517,-1.267626
0.024461,24.660058,-0.058775,-1.109468,-0.718527,0.040860,5.626285,19.897215,4.126204,-0.625302,-1.048791,-0.986333
-0.413045,26.066033,-0.060315,-1.115732,-0.608522,-0.005142,4.868013,19.974494,3.926551,-0.591148,-0.865893,-0.724299
-0.427354,27.501173,-0.062366,-1.100063,-0.427924,0.046696,3.748719,20.368966,3.584370,-0.609309,-0.638091,-0.521455
-0.128617,29.002689,-0.063111,-1.074665,-0.221680,0.165841,2.414538,21.122097,3.184998,-0.674069,-0.414463,-0.389977
0.311963,30.508849,-0.062742,-1.045941,-0.031408,0.311706,1.027541,22.077149,2.795976,-0.765006,-0.228449,-0.321424
0.732239,31.913373,-0.062384,-1.020518,0.110611,0.441772,-0.231153,23.023595,2.464091,-0.853178,-0.097174,-0.286853
1.020750,33.112834,-0.062461,-0.999427,0.189804,0.521082,-1.210802,23.805927,2.202600,-0.907256,-0.021055,-0.250713
1.131403,34.075270,-0.062501,-0.969644,0.219595,0.536821,-1.846975,24.381182,1.996723,-0.902758,0.019713,-0.190032
1.046742,34.835553,-0.062530,-0.915574,0.228742,0.497690,-2.175370,24.781475,1.829958,-0.831268,0.053483,-0.096843
0.737401,35.417769,-0.062484,-0.837014,0.242096,0.423049,-2.318989,25.056320,1.696441,-0.701879,0.097456,0.027001
0.191875,35.819923,-0.062459,-0.749147,0.271509,0.340454,-2.421971,25.234102,1.593294,-0.539860,0.148012,0.165640
-0.551849,36.093205,-0.062264,-0.666893,0.316600,0.284288,-2.565200,25.341546,1.526789,-0.378112,0.186626,0.295143
-1.385809,36.326883,-0.062580,-0.583967,0.368277,0.275160,-2.756850,25.424728,1.513605,-0.240835,0.193101,0.393344
-2.122837,36.580419,-0.063689,-0.471169,0.417970,0.308159,-2.969303,25.553142,1.561628,-0.134618,0.157541,0.443870
-2.515700,36.858582,-0.065215,-0.298606,0.458788,0.362856,-3.121208,25.801572,1.647651,-0.053595,0.084720,0.435431
-2.303094,37.112702,-0.061741,-0.059604,0.483888,0.416878,-3.025137,26.247869,1.711055,0.013421,-0.004578,0.372653
-1.249420,37.276297,-0.047069,0.225024,0.486634,0.443884,-2.407232,26.980564,1.675944,0.067235,-0.082463,0.270336
0.732291,37.342319,-0.028928,0.512231,0.458252,0.423819,-1.058470,28.060568,1.501229,0.087935,-0.132727,0.143448
3.474880,37.368969,-0.044460,0.748538,0.377827,0.353005,1.009226,29.465248,1.225071,0.051063,-0.167451,0.007749
6.496382,37.445316,-0.132574,0.891180,0.225267,0.237458,3.447243,31.086261,0.964699,-0.040597,-0.215896,-0.124838
9.034460,37.687657,-0.283631,0.933344,0.002829,0.084362,5.569358,32.770393,0.857394,-0.139951,-0.296803,-0.260876
10.207418,38.238643,-0.409947,0.932145,-0.245055,-0.076271,6.549556,34.380973,0.984321,-0.141339,-0.385068,-0.397223
9.355964,39.218612,-0.378141,1.029016,-0.433220,-0.188740,5.745104,35.864780,1.351107,0.109578,-0.410986,-0.491099
6.279811,40.659974,-0.063796,1.413941,-0.461112,-0.200168,2.898841,37.226257,1.897368,0.767446,-0.295754,-0.473129
1.314489,42.442928,0.589240,2.251005,-0.263043,-0.076265,-1.746125,38.438502,2.497804,1.934930,0.005233,-0.283074
-4.741082,44.288195,1.543484,3.622350,0.166397,0.209639,-7.429569,39.417262,2.982549,3.633937,0.493063,0.120152
-10.777560,45.851482,2.661906,5.478464,0.770585,0.645698,-13.037371,40.076367,3.211715,5.749141,1.114795,0.720969
-15.674613,46.859135,3.724678,7.609310,1.436661,1.159862,-17.443620,40.358692,3.133217,8.006594,1.756247,1.432258
-18.530709,47.196397,4.460424,9.690524,2.007262,1.666581,-19.802851,40.266250,2.800957,10.040480,2.259421,2.144989
-18.941650,46.954815,4.651926,11.377333,2.344813,2.110817,-19.829576,39.898710,2.353732,11.505435,2.486611,2.775028
-17.199988,46.410241,4.247653,12.386547,2.391479,2.468641,-17.928238,39.445508,1.944631,12.165642,2.380493,3.269514
-14.188808,45.913938,3.394148,12.567307,2.197185,2.782201,-14.958373,39.136879,1.637843,11.965713,1.999722,3.654280
-10.900131,45.751821,2.346417,11.946556,1.894947,3.162421,-11.761654,39.179440,1.410967,11.028047,1.487585,4.030751
-8.079554,46.029274,1.358257,10.704657,1.631280,3.689509,-8.933932,39.639398,1.212428,9.593505,0.995589,4.479100
-6.038848,46.611128,0.592895,9.109051,1.473583,4.329263,-6.761407,40.369344,0.996247,7.959549,0.614063,4.977692
-4.676905,47.179054,0.107197,7.455396,1.387288,4.946274,-5.230745,41.071354,0.735487,6.436322,0.369797,5.423861
-3.659363,47.382614,-0.120987,5.968705,1.275369,5.333396,-4.168884,41.435182,0.451395,5.232789,0.242658,5.653827
-2.679926,46.981276,-0.156091,4.709637,1.035332,5.279885,-3.433269,41.254417,0.198048,4.363510,0.183920,5.495837
-1.513709,45.933025,-0.101523,3.601376,0.603658,4.717243,-2.898293,40.505841,0.045866,3.680200,0.133009,4.895124
-0.086934,44.411543,-0.054311,2.535993,0.012195,3.777874,-2.420748,39.353955,0.050857,2.999309,0.057584,3.959414
1.442304,42.733457,-0.052649,1.448255,-0.614030,2.708933,-1.927752,38.080385,0.221014,2.200980,-0.030167,2.871178
2.735149,41.246697,-0.066946,0.341967,-1.104802,1.792444,-1.478409,37.001694,0.482543,1.265830,-0.083713,1.851326
3.485855,40.218305,-0.066806,-0.718120,-1.315660,1.273954,-1.156245,36.367151,0.721030,0.232594,-0.064647,1.129273
3.524298,39.736974,-0.065536,-1.643615,-1.185360,1.231569,-0.997175,36.257767,0.830876,-0.840655,0.033935,0.829830
2.894276,39.704475,-0.105228,-2.362522,-0.756112,1.526918,-0.994641,36.590445,0.771363,-1.877809,0.183203,0.899501
1.800242,39.931153,-0.190460,-2.831361,-0.151816,1.892251,-1.155519,37.196748,0.599314,-2.758253,0.340277,1.159472
0.407376,40.228616,-0.264549,-3.065415,0.442798,2.051415,-1.622698,37.868843,0.469390,-3.361068,0.461434,1.369876
-1.247007,40.437466,-0.240279,-3.175162,0.852602,1.837516,-2.618579,38.402319,0.566865,-3.644333,0.528065,1.295971
-3.065874,40.441132,-0.064248,-3.308750,0.999775,1.288578,-4.096776,38.632513,1.042977,-3.646758,0.554929,0.831046
-4.796204,40.176430,0.268214,-3.542820,0.940652,0.605468,-5.496614,38.453606,1.921053,-3.414679,0.606920,0.025589
-6.076792,39.610111,0.727785,-3.853169,0.813247,0.007650,-5.989921,37.835439,3.066856,-2.981208,0.781917,-1.006140
-6.489885,38.703510,1.276583,-4.152545,0.769576,-0.368048,-4.925987,36.811739,4.235219,-2.395801,1.170495,-2.097539
-5.720324,37.375949,1.851841,-4.335094,0.905285,-0.476187,-2.117536,35.377221,5.158637,-1.763824,1.797751,-2.997807
-3.780965,35.489564,2.360074,-4.332452,1.226541,-0.366654,2.124355,33.461983,5.615103,-1.240548,2.629723,-3.474343
-0.950566,32.880676,2.724633,-4.151114,1.675820,-0.176520,7.107377,30.978354,5.515713,-0.953899,3.573572,-3.426931
2.358571,29.407470,2.943269,-3.826211,2.143291,-0.070613,11.974031,27.801026,4.930502,-0.894999,4.465916,-2.921193
5.587571,24.972691,3.052493,-3.375383,2.439337,-0.142174,15.824965,23.739895,4.051452,-0.922303,5.087745,-2.156484
8.194909,19.553987,3.080608,-2.827510,2.379018,-0.365356,18.013164,18.661278,3.099643,-0.883146,5.264778,-1.362333
9.950309,13.285955,3.019156,-2.233581,1.900653,-0.634228,18.516061,12.601512,2.242333,-0.695743,4.917978,-0.635932
10.940108,6.588729,2.819822,-1.649038,1.089970,-0.850278,17.962943,5.908231,1.537136,-0.367897,4.093038,0.054998
11.469916,0.151357,2.428513,-1.189298,0.127930,-0.997031,17.190435,-0.671978,0.979762,-0.026671,2.949270,0.725685
12.011299,-5.265861,1.861212,-1.082438,-0.775180,-1.170766,16.780264,-6.152840,0.583649,0.086785,1.700665,1.277177
12.922674,-9.022944,1.206622,-1.615272,-1.467314,-1.489911,16.756020,-9.635550,0.414928,-0.327352,0.519838,1.536540
14.144943,-10.714955,0.573201,-3.017574,-1.889163,-1.994996,16.629186,-10.485600,0.561929,-1.525439,-0.461758,1.307656
15.332716,-10.317814,0.073211,-5.318612,-2.036395,-2.671472,15.780556,-8.520024,1.075885,-3.534455,-1.160699,0.457756
16.052547,-8.258041,-0.183178,-8.202063,-1.938640,-3.448958,13.832679,-4.204842,1.898316,-6.013427,-1.577144,-1.034439
15.809470,-5.286470,-0.150591,-11.029764,-1.677659,-4.109207,10.673997,1.409429,2.865510,-8.355820,-1.782135,-3.009064
14.220243,-2.252524,0.138270,-13.074929,-1.343290,-4.348117,6.504338,7.014331,3.748725,-9.945584,-1.824106,-5.077756
11.232153,0.166229,0.593357,-13.781552,-0.983180,-3.970277,1.895975,11.388556,4.291413,-10.355437,-1.721252,-6.661976
7.088940,1.743682,1.064414,-12.943091,-0.611584,-2.989794,-2.430477,13.812941,4.295254,-9.476283,-1.480056,-7.239917
2.326712,2.690182,1.389451,-10.816891,-0.243714,-1.640172,-5.908325,14.281683,3.732513,-7.579187,-1.114172,-6.600156
-2.245740,3.368359,1.487051,-8.079809,0.082807,-0.325813,-8.205238,13.294246,2.763638,-5.237635,-0.675348,-4.983408
-5.814854,4.155466,1.371062,-5.583371,0.318761,0.586315,-9.235435,11.583956,1.665543,-3.148001,-0.260478,-2.954295
-7.879918,5.400675,1.109270,-4.042277,0.434223,0.937921,-9.134711,9.979754,0.730567,-1.912831,0.057847,-1.103172
-8.314434,7.288785,0.804352,-3.793825,0.424651,0.697982,-8.142716,9.168932,0.155599,-1.808255,0.251094,0.230912
-7.362676,9.778071,0.552866,-4.690869,0.297960,-0.112030,-6.555662,9.481808,-0.016621,-2.685378,0.300614,0.975457
-5.553605,12.693384,0.390186,-6.224310,0.078101,-1.323582,-4.744652,10.907875,0.146614,-4.111565,0.211944,1.232791
-3.476166,15.815107,0.305335,-7.818258,-0.190653,-2.651559,-3.054388,13.211821,0.528094,-5.610498,0.045603,1.140021
-1.596724,19.014315,0.282817,-9.079410,-0.453310,-3.846734,-1.691631,16.093944,0.981184,-6.832154,-0.119739,0.788634
-0.235296,22.344903,0.286174,-9.862310,-0.654268,-4.732110,-0.795440,19.373481,1.375670,-7.623680,-0.210990,0.199875
0.503867,25.922238,0.266704,-10.220855,-0.745418,-5.209781,-0.444070,23.000055,1.644780,-8.010520,-0.166898,-0.632854
0.735931,29.754596,0.202040,-10.328300,-0.706200,-5.311435,-0.566946,26.897944,1.780717,-8.120609,0.010395,-1.736485
0.678967,33.794157,0.103864,-10.384808,-0.533472,-5.121612,-0.955871,30.940336,1.811195,-8.117933,0.256980,-3.074937
0.512364,37.962685,0.001195,-10.517080,-0.239174,-4.699366,-1.395579,34.984694,1.780848,-8.133330,0.499589,-4.434513
0.325641,42.095904,-0.070262,-10.735801,0.122815,-4.174528,-1.744342,38.857775,1.726116,-8.200143,0.676105,-5.467025
0.119220,45.963613,-0.095338,-10.959461,0.453818,-3.806413,-1.950753,42.371156,1.670055,-8.260548,0.735898,-5.899902
-0.107842,49.357201,-0.089633,-11.092388,0.662725,-3.809664,-2.009327,45.408750,1.636868,-8.250452,0.689682,-5.669655
-0.312981,52.203958,-0.075989,-11.107938,0.701474,-4.219501,-1.935950,48.005898,1.655342,-8.168091,0.607647,-4.978609
-0.451968,54.692591,-0.061331,-11.071694,0.575877,-4.923329,-1.765091,50.395121,1.746200,-8.080506,0.570640,-4.206542
-0.549340,57.195715,-0.048139,-11.052515,0.343608,-5.679429,-1.586839,52.931876,1.904351,-8.059374,0.646145,-3.664848
-0.691269,60.113017,-0.040294,-11.036504,0.082427,-6.190070,-1.539188,55.996392,2.089227,-8.110968,0.878402,-3.444502
-1.003040,63.780564,-0.038010,-10.956019,-0.161541,-6.300471,-1.758853,59.850868,2.243702,-8.169891,1.206855,-3.442340
-1.585991,68.390157,-0.038984,-10.759619,-0.363312,-6.000130,-2.326425,64.496250,2.328110,-8.160489,1.494976,-3.452972
-2.485070,73.898785,-0.042700,-10.412741,-0.487382,-5.285868,-3.268740,69.663361,2.326875,-8.028731,1.620561,-3.304194
-3.700738,79.980919,-0.048292,-9.916825,-0.498377,-4.223936,-4.559649,74.903089,2.239311,-7.756127,1.519668,-3.005824
-5.203446,86.059373,-0.054441,-9.352644,-0.388536,-3.046153,-6.116919,79.679689,2.076144,-7.378909,1.187928,-2.719113
-6.864300,91.601195,-0.059542,-8.853023,-0.167198,-2.015725,-7.795910,83.690702,1.859409,-6.986550,0.730477,-2.572840
-8.431877,96.539002,-0.063068,-8.518502,0.162582,-1.270648,-9.416876,87.216767,1.623657,-6.675880,0.321546,-2.592048
-9.566243,101.298899,-0.065025,-8.365661,0.593748,-0.820362,-10.735172,91.016629,1.429801,-6.503732,0.112527,-2.694650
-9.917529,106.321697,-0.064936,-8.282573,1.074514,-0.532018,-11.456538,95.785726,1.347155,-6.437215,0.156568,-2.664710
-9.242382,111.636930,-0.063116,-8.029109,1.495319,-0.194511,-11.357407,101.713729,1.413977,-6.341559,0.417641,-2.274951
-7.538679,116.588337,-0.061365,-7.354391,1.734034,0.289932,-10.385752,108.104168,1.625371,-6.041867,0.756668,-1.417035
-5.026376,119.754348,-0.061650,-6.125560,1.734822,0.907871,-8.622685,113.245528,1.945483,-5.419555,1.010217,-0.122484
-2.090765,119.343174,-0.064351,-4.360617,1.553155,1.676832,-6.288730,114.913937,2.296151,-4.467859,1.074865,1.382699
0.748234,113.765613,-0.068240,-2.263212,1.329798,2.541165,-3.741614,111.115131,2.559686,-3.313817,0.930729,2.689072
2.948440,102.072260,-0.069994,-0.241687,1.208363,3.296330,-1.421597,100.638085,2.611572,-2.201181,0.608415,3.396659
4.171299,84.632744,-0.067404,1.223167,1.265418,3.729899,0.257028,83.804490,2.369673,-1.398342,0.220397,3.356732
4.383177,63.518689,-0.060429,1.785756,1.513977,3.761739,1.019199,62.816339,1.829394,-1.093135,-0.078704,2.737219
3.819742,41.905423,-0.048545,1.361085,1.894880,3.444929,0.895873,41.057602,1.092373,-1.321565,-0.172467,1.911969
2.866606,22.945160,-0.031606,0.158418,2.244193,2.937852,0.203015,21.897752,0.339714,-1.935947,-0.059298,1.238202
1.871756,8.901179,-0.013474,-1.385752,2.356709,2.366382,-0.662492,7.791841,-0.245113,-2.643357,0.177142,0.855894
1.016454,0.570622,0.002526,-2.804969,2.120499,1.665182,-1.381183,-0.363725,-0.542299,-3.129960,0.406627,0.679235
0.388268,-2.721031,0.014311,-3.776251,1.578702,0.640786,-1.700883,-3.279076,-0.510876,-3.174042,0.548310,0.541498
0.028975,-2.448994,0.018137,-4.162222,0.892224,-0.779587,-1.548375,-2.584541,-0.194992,-2.722849,0.615627,0.254609
-0.147117,-0.247296,0.002241,-4.010874,0.229805,-2.492602,-1.124689,-0.126381,0.298000,-1.911539,0.640593,-0.339486
-0.341256,2.333387,-0.039826,-3.534182,-0.322661,-4.289828,-0.831226,2.369082,0.834619,-1.004779,0.593652,-1.305634
-0.723785,4.220936,-0.086576,-2.985504,-0.734293,-5.903181,-1.011885,3.757274,1.296216,-0.260767,0.478362,-2.530552
-1.334506,5.059839,-0.098136,-2.530260,-0.932485,-7.054016,-1.717226,3.728448,1.592905,0.158418,0.365504,-3.692417
-2.085024,4.931092,-0.050231,-2.212322,-0.844540,-7.545866,-2.591278,2.519737,1.679598,0.230268,0.295610,-4.399729
-2.806221,4.013278,0.062682,-1.983400,-0.499104,-7.341965,-3.071032,0.534845,1.564061,0.067296,0.225356,-4.427360
-3.321834,2.510836,0.228129,-1.765300,0.004230,-6.593787,-2.668245,-1.861893,1.298128,-0.149528,0.086276,-3.813400
-3.448267,0.609787,0.416394,-1.545920,0.582642,-5.619593,-1.147556,-4.454965,0.943646,-0.279840,-0.175331,-2.807982
-2.990258,-1.558430,0.612017,-1.394752,1.175746,-4.813755,1.427005,-7.108838,0.564078,-0.261643,-0.521389,-1.736594
-1.865624,-3.782399,0.825596,-1.379400,1.711326,-4.464653,4.597556,-9.618445,0.219659,-0.121339,-0.805665,-0.857228
-0.290258,-5.721314,1.045448,-1.503185,2.041798,-4.623512,7.541185,-11.695406,-0.044285,0.048007,-0.945019,-0.290269
1.274197,-7.112992,1.240779,-1.701051,1.998621,-5.172195,9.357190,-13.050020,-0.223601,0.155692,-0.981498,-0.058212
2.356783,-7.996332,1.445092,-1.842029,1.577943,-5.918444,9.534811,-13.491684,-0.333376,0.203542,-0.908080,-0.106354
2.704924,-8.677698,1.740979,-1.780805,1.000170,-6.645348,8.194796,-13.121128,-0.373514,0.272278,-0.647776,-0.285551
2.342106,-9.547442,2.154881,-1.445104,0.516665,-7.165072,5.966150,-12.461894,-0.312278,0.455135,-0.213869,-0.426596
1.489999,-10.824330,2.636421,-0.860611,0.243897,-7.372254,3.589632,-12.174140,-0.101711,0.801857,0.290194,-0.439054
0.417253,-12.429927,3.093940,-0.121185,0.160359,-7.200943,1.613803,-12.709722,0.298320,1.295059,0.746003,-0.330914
-0.618725,-14.046851,3.419410,0.624995,0.188113,-6.654850,0.323627,-14.244456,0.871024,1.841546,1.044131,-0.178795
-1.381539,-15.546843,3.592352,1.219243,0.286936,-5.919889,-0.189336,-16.783847,1.548329,2.327244,1.186915,-0.067396
-1.718672,-17.037442,3.689624,1.567344,0.502334,-5.350871,-0.035718,-20.192065,2.248928,2.658383,1.341234,-0.020342
-1.682613,-18.339762,3.732325,1.669449,0.869445,-5.252063,0.436234,-24.126899,2.887816,2.778920,1.641000,-0.013280
-1.488845,-19.117927,3.685874,1.605177,1.365144,-5.750270,0.769444,-27.852371,3.355104,2.691900,2.083692,-0.025577
-1.340498,-19.818417,3.671963,1.497844,1.981111,-6.761490,0.690765,-30.506406,3.573243,2.482451,2.643803,-0.050159
-1.303972,-21.543155,3.937865,1.434771,2.724071,-7.999298,0.229953,-32.032200,3.573957,2.245728,3.293936,-0.069000
-1.328424,-25.170830,4.627533,1.411433,3.513204,-9.076986,-0.407247,-33.708140,3.486129,2.013354,3.931155,-0.068272
-1.346337,-30.895290,5.703264,1.369843,4.177790,-9.675654,-1.047860,-37.040876,3.441048,1.757922,4.427097,-0.054311
-1.368966,-38.049607,6.988101,1.243708,4.543512,-9.579524,-1.633259,-42.493696,3.506205,1.431156,4.683326,-0.046448
-1.466915,-45.304326,8.201287,0.945578,4.523631,-8.694935,-2.149061,-49.498753,3.652765,0.963901,4.642960,-0.060371
-1.667315,-51.741198,9.144088,0.404450,4.173740,-7.139564,-2.546803,-57.097271,3.782296,0.316273,4.342996,-0.105083
-1.946871,-57.036038,9.767047,-0.359259,3.666281,-5.248934,-2.806177,-64.113504,3.800791,-0.483283,3.919688,-0.171675
-2.306796,-60.375159,9.986632,-1.237163,3.177436,-3.401958,-2.980776,-69.200441,3.668957,-1.358894,3.491603,-0.226383
-2.780342,-60.886149,9.707836,-2.084863,2.815037,-1.871297,-3.140783,-70.665743,3.374439,-2.224924,3.096598,-0.212786
-3.347823,-59.234199,9.075203,-2.761595,2.619143,-0.769227,-3.292732,-66.970573,2.919868,-2.987300,2.734359,-0.070943
-3.933128,-57.131686,8.378279,-3.185634,2.574809,-0.038681,-3.392734,-58.184751,2.367933,-3.578434,2.398754,0.244874
-4.400236,-55.926338,7.783077,-3.336432,2.617854,0.461677,-3.343637,-46.938761,1.831792,-3.956565,2.084006,0.733399
-4.563636,-56.102175,7.295480,-3.176422,2.667808,0.830316,-3.014266,-36.921122,1.362202,-4.056800,1.800466,1.329523
-4.234459,-56.760066,6.802782,-2.636561,2.663529,1.111913,-2.263059,-30.985689,0.892213,-3.789808,1.568982,1.921606
-3.326206,-56.242894,6.131131,-1.706081,2.573780,1.341128,-0.994195,-30.699718,0.285325,-3.122201,1.385114,2.377471
-1.893649,-54.036479,5.243040,-0.447223,2.379574,1.506116,0.767124,-36.713175,-0.594705,-2.085815,1.211031,2.567312
-0.210102,-50.769189,4.253638,1.036118,2.068780,1.542318,2.771860,-48.453117,-1.807497,-0.762175,1.007060,2.423038
1.238102,-46.625454,3.200196,2.556370,1.645908,1.402315,4.625614,-63.834158,-3.267048,0.691933,0.763969,1.984044
1.872806,-41.621066,2.052858,3.835260,1.138929,1.110423,5.919809,-79.173179,-4.772349,2.038070,0.494725,1.376813
1.281911,-36.696843,0.900848,4.594540,0.584923,0.753220,6.321896,-90.150146,-6.093712,3.021121,0.219458,0.755288
-0.651310,-33.121277,-0.125416,4.624223,0.031840,0.456338,5.615998,-93.545662,-7.001030,3.432022,-0.031593,0.243443
-3.663028,-31.503160,-0.989591,3.866260,-0.462399,0.316761,3.845940,-88.769651,-7.299392,3.191736,-0.215956,-0.116127
-7.141479,-31.588380,-1.683776,2.510543,-0.845366,0.355195,1.362637,-77.511177,-6.949984,2.411057,-0.305060,-0.369208
-10.279411,-31.898728,-2.209199,0.929545,-1.078572,0.527643,-1.232353,-62.401930,-6.091708,1.339673,-0.296228,-0.603504
-12.372020,-30.635807,-2.580762,-0.523408,-1.130663,0.767304,-3.297773,-46.058020,-4.935213,0.233557,-0.220458,-0.902464
-13.010636,-27.349850,-2.762975,-1.615498,-1.000154,0.993987,-4.396895,-30.993274,-3.699422,-0.705076,-0.132016,-1.313765
-12.242305,-22.716454,-2.716731,-2.241861,-0.728038,1.151541,-4.494414,-19.127830,-2.587594,-1.338996,-0.077299,-1.809564
-10.539277,-17.349420,-2.505175,-2.441147,-0.387400,1.240882,-3.876090,-11.168787,-1.720033,-1.619870,-0.065193,-2.274599
-8.566178,-11.762154,-2.213852,-2.346712,-0.052626,1.311850,-2.950825,-6.523438,-1.118325,-1.595832,-0.074546,-2.555368
-6.833285,-6.585733,-1.854412,-2.089700,0.221563,1.413533,-2.065800,-3.997694,-0.755193,-1.374029,-0.070887,-2.534707
-5.591379,-2.408606,-1.421928,-1.773201,0.414925,1.564227,-1.456701,-2.415423,-0.571165,-1.083728,-0.030166,-2.191906
-4.852108,0.416426,-0.950077,-1.459630,0.532068,1.737093,-1.201159,-1.093176,-0.470403,-0.826866,0.045576,-1.615892
-4.469759,1.899742,-0.472655,-1.144625,0.590806,1.888557,-1.234591,0.073340,-0.385412,-0.647638,0.123221,-0.960627
-4.234034,2.573824,-0.021818,-0.803505,0.613087,1.988011,-1.380554,0.991839,-0.306072,-0.549230,0.165287,-0.371518
-3.980632,3.082437,0.365718,-0.458161,0.630500,2.028492,-1.445159,1.740029,-0.234604,-0.526205,0.152546,0.063629
-3.581867,3.588139,0.671564,-0.171221,0.669858,2.011084,-1.297629,2.382725,-0.165997,-0.562184,0.092466,0.322687
-2.982054,3.902002,0.888675,-0.010087,0.747962,1.950220,-0.928436,2.919511,-0.103188,-0.624253,0.013922,0.433855
-2.228756,3.917097,1.014003,-0.025185,0.855701,1.878777,-0.406065,3.430357,-0.043997,-0.675231,-0.045410,0.454643
-1.424973,3.712484,1.085797,-0.218678,0.955624,1.833412,0.174283,3.973401,0.020027,-0.692715,-0.062099,0.441415
-0.642629,3.510804,1.176269,-0.533367,1.007766,1.820940,0.726505,4.442466,0.093689,-0.674374,-0.034544,0.419984
0.041450,3.518080,1.338725,-0.885367,1.002777,1.817697,1.151925,4.766675,0.184380,-0.634731,0.018085,0.380262
0.523534,3.863672,1.577722,-1.200871,0.933890,1.785747,1.356651,5.056505,0.315652,-0.592146,0.063644,0.298775
0.705393,4.658927,1.862562,-1.433654,0.784738,1.695791,1.289191,5.473896,0.503645,-0.559625,0.068547,0.164968
0.548576,5.969111,2.151413,-1.571550,0.547461,1.536672,0.989663,6.141064,0.738400,-0.536721,0.021046,-0.008165
0.141678,7.763393,2.410038,-1.625465,0.250405,1.315079,0.603975,7.172221,1.002071,-0.507880,-0.058238,-0.183788
-0.240976,9.897054,2.615063,-1.619733,-0.048134,1.040108,0.357857,8.637546,1.292033,-0.449416,-0.130145,-0.316647
-0.245747,12.133998,2.752830,-1.587339,-0.253534,0.732727,0.462670,10.477941,1.610751,-0.346111,-0.159868,-0.374829
0.377058,14.233401,2.823951,-1.552266,-0.277012,0.440448,1.022933,12.497464,1.952842,-0.198996,-0.132427,-0.350581
1.678519,16.027702,2.849835,-1.515330,-0.090437,0.225457,1.982819,14.428161,2.298593,-0.030016,-0.063756,-0.260213
3.514078,17.452128,2.859125,-1.463740,0.275494,0.126325,3.145868,16.027707,2.616601,0.123056,0.010847,-0.141807
5.572156,18.526238,2.875260,-1.378255,0.774047,0.148117,4.238656,17.126113,2.869345,0.226562,0.059846,-0.041420
7.457933,19.324377,2.913379,-1.237285,1.301229,0.264041,5.014153,17.664584,3.034122,0.273174,0.065380,0.005110
8.820675,19.927457,2.978506,-1.042805,1.705249,0.426635,5.350985,17.724413,3.110752,0.264190,0.021388,-0.018175
9.471248,20.368882,3.064543,-0.839197,1.862819,0.585104,5.301468,17.470429,3.105960,0.186669,-0.058620,-0.112715
9.458770,20.639456,3.160217,-0.697646,1.739236,0.702853,5.063142,17.080147,3.026892,0.015881,-0.142555,-0.266784
9.045390,20.774653,3.242044,-0.676933,1.382024,0.753905,4.877710,16.753706,2.902533,-0.252562,-0.196768,-0.445882
8.567985,20.905997,3.273423,-0.787631,0.920870,0.731125,4.916921,16.704292,2.771033,-0.582323,-0.201328,-0.594861
8.246792,21.258213,3.223348,-0.953252,0.500375,0.653144,5.202917,17.118702,2.654029,-0.876557,-0.154082,-0.667500
8.123511,22.119055,3.073991,-1.016049,0.199390,0.553100,5.623030,18.184944,2.555746,-0.990652,-0.075382,-0.656300
8.128848,23.781334,2.816344,-0.797436,0.025303,0.452212,5.981759,20.104395,2.478400,-0.778902,0.001177,-0.590756
8.089651,26.418751,2.465377,-0.145745,-0.026907,0.358404,6.018040,22.975867,2.444361,-0.131017,0.051017,-0.510555
7.742827,30.004010,2.062191,1.051495,0.003983,0.270294,5.497338,26.733565,2.518810,1.025290,0.067934,-0.429751
6.997761,34.261986,1.641302,2.794471,0.048968,0.181929,4.458253,31.190157,2.763566,2.660381,0.057253,-0.325658
6.065132,38.692488,1.225536,4.914304,0.058592,0.091100,3.223417,36.013519,3.160469,4.599007,0.038425,-0.153546
5.254910,42.692195,0.856484,7.109297,0.028076,0.012067,2.117135,40.707371,3.607519,6.567829,0.039504,0.127204
4.760856,45.805385,0.599811,9.048031,-0.027287,-0.038769,1.226514,44.769588,3.989358,8.293132,0.071061,0.529450
4.640499,47.894534,0.501463,10.453471,-0.076583,-0.063038,0.413181,47.871084,4.202596,9.568597,0.118901,1.013491
4.741722,49.166351,0.554726,11.198421,-0.098453,-0.078116,-0.582769,49.923622,4.167448,10.325338,0.168033,1.490395
4.821958,50.036166,0.663375,11.322295,-0.093089,-0.096859,-1.890097,51.092935,3.863038,10.618636,0.211089,1.836371
4.813144,50.918828,0.654234,10.952645,-0.071633,-0.121936,-3.359637,51.702307,3.342878,10.539600,0.239582,1.935370
4.750660,52.011283,0.363182,10.231795,-0.040537,-0.142199,-4.770291,51.982088,2.730173,10.163230,0.246707,1.743972
4.551649,53.241250,-0.294731,9.309730,-0.022592,-0.134838,-5.974444,51.954635,2.207267,9.555254,0.220373,1.333557
4.273528,54.300069,-1.336229,8.267052,-0.042310,-0.082704,-6.663918,51.511717,1.909318,8.719759,0.140871,0.847609
4.125963,54.725389,-2.656903,7.087420,-0.088833,0.019335,-6.491230,50.429029,1.822274,7.615151,0.018353,0.454850
4.073490,54.033702,-3.980191,5.723733,-0.123696,0.178996,-5.488213,48.379214,1.814767,6.238499,-0.105183,0.306442
3.773421,51.947041,-4.924616,4.178493,-0.121976,0.395499,-4.091286,45.144021,1.757805,4.663401,-0.213689,0.465735
2.892470,48.557636,-5.190542,2.526381,-0.077199,0.630908,-2.881303,40.813239,1.580446,3.034665,-0.311726,0.869157
1.227417,44.330282,-4.690622,0.942062,0.002573,0.824069,-2.354704,35.799232,1.279975,1.583056,-0.364744,1.389753
-1.091382,39.912354,-3.618422,-0.354801,0.106119,0.927893,-2.624755,30.723084,0.904041,0.542410,-0.316999,1.868234
-3.453419,35.866607,-2.360011,-1.206743,0.219632,0.923708,-3.384067,26.175926,0.515379,0.028346,-0.146224,2.138541
-5.136627,32.461941,-1.291041,-1.587450,0.307141,0.820501,-4.312453,22.434044,0.177395,-0.002652,0.120911,2.104399
-5.764389,29.651689,-0.628808,-1.589123,0.312654,0.651304,-5.188548,19.438259,-0.039636,0.266666,0.407405,1.777702
-5.174677,27.207451,-0.454429,-1.419131,0.213651,0.443734,-5.647441,17.002382,-0.116174,0.546200,0.623350,1.224089
-3.385078,24.872172,-0.692994,-1.321695,0.057203,0.218450,-5.312997,14.922985,-0.102428,0.586010,0.765853,0.562954
-0.810169,22.441134,-1.125442,-1.467382,-0.076053,0.015515,-4.134976,12.995868,-0.057944,0.297365,0.910638,-0.037354
1.869989,19.793797,-1.478673,-1.904263,-0.135348,-0.121324,-2.301981,11.097999,-0.004639,-0.273002,1.104237,-0.447241
4.058869,16.954902,-1.560629,-2.580601,-0.122459,-0.192093,-0.198398,9.229583,0.049915,-1.005761,1.343690,-0.636495
5.376303,14.089920,-1.316686,-3.377110,-0.071953,-0.217969,1.661702,7.456963,0.087506,-1.744000,1.631138,-0.626627
5.743871,11.406900,-0.856594,-4.165145,-0.013194,-0.205981,2.836766,5.830457,0.067508,-2.370813,1.947870,-0.479505
5.372882,9.018617,-0.363962,-4.843887,0.042306,-0.152363,3.054990,4.290998,-0.047616,-2.849049,2.230641,-0.288101
4.570273,6.859278,0.031952,-5.364921,0.073087,-0.064110,2.196316,2.638620,-0.249302,-3.212860,2.385338,-0.122151
3.587369,4.692303,0.303603,-5.746830,0.046604,0.040677,0.562632,0.669189,-0.485881,-3.556539,2.312584,-0.011061
2.642891,2.301490,0.445135,-6.065590,-0.041722,0.105791,-1.192547,-1.644243,-0.707853,-3.998834,1.962606,0.023470
1.887531,-0.341770,0.463323,-6.397939,-0.147665,0.065978,-2.485605,-4.142324,-0.856573,-4.582215,1.417640,-0.004930
1.293340,-3.074745,0.384341,-6.777003,-0.202993,-0.092330,-3.083194,-6.574277,-0.851929,-5.235104,0.839286,-0.043785
0.699091,-5.670366,0.255756,-7.184362,-0.164479,-0.343982,-2.985309,-8.681291,-0.650118,-5.831945,0.349336,-0.063153
-0.009877,-7.912195,0.134012,-7.565272,-0.038674,-0.682008,-2.386525,-10.271528,-0.302926,-6.266581,-0.003991,-0.077619
-0.799163,-9.668747,0.075929,-7.859260,0.148590,-1.054807,-1.510903,-11.288632,0.057165,-6.489504,-0.202602,-0.090711
-1.529601,-10.914294,0.094076,-8.021830,0.376765,-1.342414,-0.529476,-11.817380,0.281399,-6.514105,-0.258139,-0.085469
-2.068210,-11.698395,0.160085,-8.012252,0.610123,-1.429776,0.353716,-12.037627,0.293178,-6.374311,-0.208745,-0.049545
-2.326597,-12.111100,0.223643,-7.803758,0.785383,-1.280551,0.935252,-12.139235,0.134572,-6.106494,-0.112788,0.017676
-2.276920,-12.294217,0.233587,-7.418350,0.842751,-0.937260,1.271296,-12.238801,-0.094023,-5.756177,-0.034573,0.093517
-1.977155,-12.360735,0.147593,-6.924900,0.758040,-0.537827,1.505469,-12.340637,-0.323268,-5.376975,-0.016863,0.109339
-1.545397,-12.331902,-0.037660,-6.407150,0.556762,-0.245030,1.620006,-12.378729,-0.518575,-5.018839,-0.049412,-0.002545
-1.128437,-12.171589,-0.288635,-5.942890,0.307157,-0.141948,1.491768,-12.275439,-0.660832,-4.722299,-0.099695,-0.255312
-0.877204,-11.877638,-0.541950,-5.580219,0.077372,-0.234280,1.077203,-11.980232,-0.764992,-4.505392,-0.152149,-0.615511
-0.804474,-11.526508,-0.717816,-5.325114,-0.100811,-0.517931,0.486636,-11.501147,-0.892485,-4.374522,-0.205383,-1.018519
-0.723912,-11.265426,-0.758647,-5.167479,-0.212856,-0.908601,0.007987,-10.928299,-1.121565,-4.339925,-0.247715,-1.352212
-0.402317,-11.221143,-0.678955,-5.107753,-0.247938,-1.243497,-0.102120,-10.410423,-1.491341,-4.407592,-0.261658,-1.512255
0.257825,-11.411691,-0.559579,-5.142761,-0.221100,-1.391384,0.116148,-10.089690,-1.950603,-4.551874,-0.235803,-1.478871
1.185211,-11.742556,-0.517943,-5.257471,-0.170281,-1.314967,0.388569,-10.031941,-2.363761,-4.718125,-0.176132,-1.323529
2.152091,-12.075859,-0.663735,-5.429523,-0.124873,-1.042093,0.491123,-10.195747,-2.590809,-4.833344,-0.108308,-1.175158
2.879388,-12.286340,-1.039807,-5.624263,-0.095966,-0.672482,0.343877,-10.451581,-2.571706,-4.831633,-0.069555,-1.198808
3.207260,-12.298866,-1.591883,-5.798598,-0.078996,-0.320832,-0.015414,-10.638953,-2.328953,-4.699598,-0.092357,-1.505313
3.162485,-12.103651,-2.201731,-5.931439,-0.059566,-0.042057,-0.433149,-10.622134,-1.924167,-4.491415,-0.199201,-2.073171
2.850992,-11.734974,-2.726697,-6.010874,-0.032829,0.142333,-0.753562,-10.312979,-1.433670,-4.269182,-0.397442,-2.779613
2.401298,-11.243408,-3.040091,-5.999250,-0.017646,0.178818,-0.934401,-9.691283,-0.943744,-4.055183,-0.668921,-3.479225
1.909035,-10.663925,-3.084907,-5.833425,-0.033142,0.051795,-1.054989,-8.816755,-0.535600,-3.819771,-0.966163,-4.017122
1.371760,-9.987373,-2.891864,-5.463773,-0.077027,-0.190168,-1.297048,-7.806832,-0.259890,-3.494800,-1.226334,-4.269250
0.688805,-9.168770,-2.539383,-4.873193,-0.137347,-0.482994,-1.928459,-6.789256,-0.121893,-3.005803,-1.390651,-4.183831
-0.252757,-8.162778,-2.121840,-4.097038,-0.205447,-0.746832,-3.139342,-5.855531,-0.081938,-2.325740,-1.422765,-3.764960
-1.526383,-6.949660,-1.730198,-3.224056,-0.264454,-0.879717,-4.858855,-5.027318,-0.068990,-1.499607,-1.316070,-3.041181
-3.072277,-5.579050,-1.417278,-2.391900,-0.295818,-0.843193,-6.723361,-4.277928,-0.019126,-0.658482,-1.093880,-2.117054
-4.619205,-4.185615,-1.181140,-1.787685,-0.297102,-0.699777,-8.217410,-3.579239,0.095104,-0.024421,-0.802241,-1.189574
-5.754158,-2.935574,-0.992085,-1.641439,-0.284488,-0.573883,-8.865981,-2.917467,0.270854,0.130479,-0.502605,-0.503143
-6.156790,-1.937357,-0.816467,-2.122631,-0.284352,-0.627944,-8.461436,-2.273159,0.485200,-0.389540,-0.256577,-0.296112
-5.733310,-1.191668,-0.632928,-3.235179,-0.333550,-1.018102,-7.144991,-1.618169,0.701696,-1.599053,-0.107480,-0.753813
-4.628018,-0.579604,-0.448289,-4.794376,-0.454679,-1.770596,-5.290204,-0.907212,0.891886,-3.297771,-0.066849,-1.888707
-3.169053,0.089702,-0.289730,-6.493151,-0.626765,-2.748460,-3.341637,-0.069281,1.054342,-5.129591,-0.117439,-3.485811
-1.766882,0.994908,-0.171653,-7.994556,-0.796353,-3.730864,-1.733221,0.975998,1.210281,-6.712026,-0.220951,-5.178089
-0.776422,2.240160,-0.087898,-9.037867,-0.919613,-4.449085,-0.753893,2.293152,1.396560,-7.771690,-0.333465,-6.548792
-0.430236,3.846684,-0.016926,-9.480431,-0.972358,-4.645966,-0.436736,3.927510,1.660812,-8.190080,-0.417595,-7.198019
-0.793220,5.734698,0.083115,-9.318227,-0.943293,-4.212779,-0.592131,5.870526,2.031564,-8.009404,-0.454333,-6.886252
-1.717573,7.718983,0.267471,-8.702085,-0.833242,-3.245711,-0.922296,8.019513,2.482836,-7.416825,-0.440985,-5.662015
-2.873502,9.567556,0.561449,-7.918212,-0.655276,-1.967228,-1.128786,10.192504,2.939163,-6.693154,-0.386611,-3.846880
-3.907399,11.118476,0.942790,-7.273885,-0.426826,-0.671407,-1.050350,12.203446,3.312502,-6.115173,-0.301631,-1.927642
-4.556687,12.347053,1.377840,-6.991964,-0.171952,0.317356,-0.712188,13.914428,3.543068,-5.876285,-0.188811,-0.426815
-4.689536,13.342573,1.852771,-7.153442,0.094679,0.733693,-0.259046,15.258274,3.628739,-6.030709,-0.041749,0.284705
-4.343710,14.214374,2.363114,-7.697031,0.388544,0.428630,0.113115,16.235322,3.627615,-6.498981,0.138535,0.108098
-3.717582,15.018850,2.898968,-8.464890,0.731984,-0.642240,0.193732,16.889198,3.625318,-7.143849,0.339429,-0.832897
-3.069061,15.720098,3.417762,-9.270547,1.096842,-2.350329,-0.143120,17.269224,3.688834,-7.838019,0.534656,-2.263040
-2.610066,16.186455,3.840692,-9.914896,1.405753,-4.365630,-0.840500,17.401568,3.845712,-8.450404,0.687182,-3.772050
-2.406948,16.222582,4.105406,-10.221861,1.592589,-6.263724,-1.651725,17.234417,4.086222,-8.840490,0.758717,-4.903681
-2.295462,15.631676,4.194687,-10.103173,1.636908,-7.657905,-2.191335,16.646403,4.358039,-8.892904,0.732897,-5.329819
-1.949232,14.268369,4.095891,-9.578066,1.552911,-8.240037,-2.057625,15.462351,4.558892,-8.545775,0.621112,-4.957352
-1.097319,12.105350,3.806238,-8.727869,1.380585,-7.868456,-1.036506,13.519461,4.569060,-7.801950,0.459290,-3.943944
0.361709,9.272173,3.401190,-7.663785,1.164900,-6.662972,0.811022,10.770011,4.308020,-6.738592,0.297423,-2.620977
2.375812,5.939122,3.035559,-6.495365,0.941856,-4.981237,3.213104,7.382160,3.777410,-5.481625,0.180243,-1.336132
4.730044,2.257039,2.863005,-5.304488,0.756565,-3.256683,5.764793,3.597216,3.059035,-4.161214,0.120647,-0.314533
7.082272,-1.544870,2.956923,-4.149091,0.653337,-1.861561,8.018466,-0.422642,2.273290,-2.898715,0.105910,0.343753
9.077865,-5.189379,3.248522,-3.074645,0.620980,-0.973768,9.612341,-4.533157,1.529576,-1.794161,0.111029,0.628754
10.418345,-8.577268,3.544668,-2.077987,0.593001,-0.528933,10.361187,-8.471695,0.916505,-0.863921,0.108420,0.614190
10.929630,-11.599654,3.664488,-1.098971,0.517536,-0.311653,10.291589,-12.076463,0.487752,-0.007405,0.078737,0.445495
10.655846,-13.902119,3.520557,-0.054569,0.395648,-0.117088,9.637336,-15.369053,0.234697,0.937133,0.024901,0.263458
9.814545,-15.139200,3.092194,1.144631,0.264561,0.201081,8.740273,-18.553053,0.065759,2.120632,-0.034970,0.142646
8.633409,-15.371182,2.413990,2.582687,0.178028,0.715808,7.869410,-21.920057,-0.156009,3.630322,-0.079057,0.080520
7.325474,-14.876723,1.602858,4.271534,0.174998,1.378175,7.156609,-25.676174,-0.548346,5.424953,-0.091100,0.037672
6.122222,-14.114622,0.826057,6.126843,0.254519,1.998596,6.660772,-29.662571,-1.138404,7.318974,-0.065856,-0.015251
5.215568,-13.691767,0.236924,7.995947,0.398241,2.364781,6.415656,-33.657384,-1.866899,9.058327,-0.013828,-0.067816
4.715552,-14.167111,-0.089668,9.672543,0.582472,2.346733,6.449270,-37.655743,-2.645404,10.390240,0.047720,-0.095576
4.642313,-15.851259,-0.191506,10.911634,0.754363,1.947292,6.779198,-41.637345,-3.386080,11.094376,0.100334,-0.093434
4.856864,-18.967396,-0.186862,11.512354,0.843770,1.303277,7.354916,-45.177184,-3.971231,11.056458,0.128198,-0.078646
5.118048,-23.145432,-0.170209,11.373083,0.813480,0.629122,8.048416,-47.930208,-4.318630,10.327850,0.124997,-0.065340
5.224469,-27.180070,-0.176445,10.506547,0.677828,0.098398,8.696962,-49.915798,-4.448501,9.081972,0.096871,-0.058362
5.042354,-29.683266,-0.208883,9.050683,0.485500,-0.191495,9.116001,-51.418471,-4.467362,7.546301,0.053705,-0.058012
4.461506,-30.122268,-0.268588,7.251447,0.298620,-0.191092,9.074258,-52.735184,-4.505534,5.963366,0.004949,-0.061573
3.462201,-28.820702,-0.352946,5.372392,0.166623,0.091457,8.361627,-53.951441,-4.674977,4.518600,-0.041428,-0.063575
2.155205,-26.860978,-0.461588,3.650135,0.102582,0.547872,6.919171,-54.578393,-4.986324,3.297625,-0.078652,-0.062828
0.748221,-25.646074,-0.591368,2.285926,0.092119,1.015658,4.896663,-53.985270,-5.354902,2.336294,-0.100033,-0.061926
-0.498395,-26.325924,-0.742917,1.407290,0.112559,1.346258,2.600417,-51.951198,-5.686712,1.655768,-0.099772,-0.062786
-1.343937,-29.247895,-0.917788,1.023945,0.138327,1.450174,0.388484,-48.556334,-5.890799,1.236590,-0.079405,-0.064323
-1.695777,-34.071346,-1.116121,1.048052,0.147360,1.318168,-1.464982,-43.680358,-5.813330,1.030409,-0.043997,-0.064045
-1.614319,-39.682304,-1.329915,1.305453,0.130413,1.015466,-2.810732,-37.452916,-5.349246,0.985070,0.005403,-0.061016
-1.252703,-44.491514,-1.550299,1.576320,0.084692,0.627466,-3.575909,-30.624454,-4.552851,1.035083,0.067172,-0.056503
-0.818757,-47.023310,-1.765620,1.685334,0.007160,0.232674,-3.724024,-24.291505,-3.574114,1.111532,0.130233,-0.051697
-0.537186,-46.764221,-1.961953,1.554106,-0.100383,-0.095276,-3.293008,-19.397461,-2.578649,1.168355,0.177019,-0.049189
-0.568616,-44.228110,-2.123461,1.170575,-0.224025,-0.290011,-2.403483,-16.444792,-1.743631,1.163221,0.186411,-0.057003
-0.954246,-40.525006,-2.236121,0.587320,-0.338678,-0.319604,-1.208217,-15.249972,-1.187521,1.051451,0.143838,-0.081028
-1.592120,-36.601074,-2.285388,-0.070188,-0.407572,-0.191003,0.160385,-15.339573,-0.946369,0.828051,0.056898,-0.115786
-2.278238,-33.002329,-2.254439,-0.641033,-0.387496,0.053225,1.591641,-16.429679,-1.020204,0.539131,-0.045166,-0.145248
-2.788275,-29.860584,-2.130501,-0.989458,-0.245519,0.352074,2.990979,-18.316004,-1.338982,0.242026,-0.132458,-0.152077
-2.962256,-27.063543,-1.915930,-1.042455,0.020553,0.639348,4.242050,-20.456525,-1.697559,-0.019069,-0.181130,-0.128679
-2.743143,-24.557714,-1.639960,-0.837459,0.372082,0.855999,5.223298,-22.263203,-1.885226,-0.226829,-0.179351,-0.089851
-2.174214,-22.697116,-1.357716,-0.515912,0.725052,0.955741,5.880641,-23.487144,-1.814411,-0.391897,-0.141599,-0.068085
-1.363268,-21.806525,-1.117187,-0.235664,0.971207,0.915273,6.256637,-24.128515,-1.477743,-0.523467,-0.109573,-0.095524
-0.468138,-21.773890,-0.911287,-0.112077,1.025165,0.730914,6.399883,-24.208118,-0.921425,-0.617884,-0.130937,-0.197185
0.324227,-22.193500,-0.691060,-0.227077,0.862359,0.424278,6.306151,-23.706306,-0.277445,-0.683090,-0.247236,-0.389741
0.862996,-22.569464,-0.428871,-0.596857,0.522018,0.043185,5.946181,-22.538356,0.298736,-0.735039,-0.476497,-0.656860
1.091464,-22.359682,-0.159470,-1.137425,0.090608,-0.344286,5.328998,-20.769148,0.688716,-0.774765,-0.797546,-0.938262
1.046727,-21.303020,0.052552,-1.697217,-0.328797,-0.665795,4.526313,-18.757495,0.819431,-0.792219,-1.157133,-1.150493
0.842799,-19.564169,0.159862,-2.115218,-0.646362,-0.849088,3.670129,-16.959588,0.704143,-0.778966,-1.495124,-1.217605
0.618771,-17.478009,0.175167,-2.267503,-0.804571,-0.842555,2.871298,-15.617436,0.459891,-0.728735,-1.753657,-1.104084
0.452921,-15.498496,0.173614,-2.127865,-0.785567,-0.640936,2.155641,-14.745944,0.206702,-0.648885,-1.890894,-0.842216
0.329655,-14.278899,0.249698,-1.774074,-0.617509,-0.290843,1.488594,-14.260976,-0.005345,-0.559863,-1.894374,-0.507944
0.177776,-14.178402,0.468429,-1.311564,-0.361387,0.127709,0.841504,-14.032070,-0.159957,-0.467235,-1.773913,-0.172076
-0.090993,-14.870336,0.861507,-0.820438,-0.078592,0.513418,0.193671,-13.885563,-0.254798,-0.359108,-1.543631,0.115860
-0.533836,-15.727238,1.403040,-0.371524,0.187549,0.772969,-0.468050,-13.621120,-0.316691,-0.234191,-1.229011,0.320816
-1.121483,-16.234463,1.977458,-0.014437,0.402874,0.854339,-1.137519,-13.057317,-0.372386,-0.104671,-0.871238,0.432909
-1.734827,-16.045245,2.396873,0.239816,0.537021,0.760198,-1.775942,-12.116594,-0.424309,0.014926,-0.520302,0.465490
-2.203560,-15.069317,2.495775,0.397060,0.569015,0.535655,-2.316842,-10.838632,-0.456462,0.105124,-0.225678,0.440097
-2.362306,-13.486081,2.214656,0.462381,0.498720,0.254845,-2.668164,-9.322757,-0.438504,0.146341,-0.025874,0.379097
-2.130501,-11.506902,1.634382,0.444710,0.354124,-0.007348,-2.759364,-7.665718,-0.341158,0.133520,0.067201,0.291000
-1.561048,-9.253759,0.934201,0.347868,0.183560,-0.205628,-2.587107,-5.922710,-0.165761,0.075348,0.065582,0.156039
-0.815024,-6.897517,0.298722,0.179853,0.033406,-0.328852,-2.205701,-4.139983,0.055368,-0.011102,-0.004488,-0.038392
-0.103557,-4.645188,-0.163277,-0.023409,-0.067316,-0.382835,-1.676801,-2.400210,0.284677,-0.096750,-0.105942,-0.259607
0.386825,-2.618143,-0.418314,-0.201933,-0.107488,-0.385330,-1.061126,-0.823824,0.486890,-0.148614,-0.194977,-0.447488
0.567842,-0.884199,-0.483768,-0.308465,-0.090305,-0.356290,-0.419399,0.467923,0.626709,-0.148828,-0.239084,-0.553056
0.469691,0.499043,-0.414097,-0.321828,-0.034803,-0.306020,0.187901,1.379774,0.680819,-0.099137,-0.229951,-0.554518
0.205569,1.551465,-0.287137,-0.242428,0.027511,-0.237456,0.698911,1.881426,0.647742,-0.013895,-0.182845,-0.466672
-0.080832,2.348755,-0.167589,-0.090036,0.067815,-0.156705,1.057943,2.024328,0.545125,0.083793,-0.125297,-0.333635
-0.273386,2.940041,-0.086875,0.099029,0.077385,-0.073697,1.253048,1.930217,0.405615,0.168904,-0.080174,-0.198862
-0.323318,3.323110,-0.043944,0.289195,0.070302,0.001854,1.325281,1.730314,0.263526,0.227257,-0.052560,-0.084549
