-1.270798,3.120235,0.446564,-0.155596,0.301662,0.447742,-0.915015,0.479362,0.300488,0.051438,-0.062496,-0.062498
-1.244593,3.086308,0.456177,-0.189453,0.233665,0.437242,-0.887407,0.533770,0.263143,0.053437,-0.062501,-0.062501
-1.157888,3.026962,0.439332,-0.231287,0.184994,0.402486,-0.878034,0.596749,0.227027,0.063154,-0.062500,-0.062500
-1.024909,2.969767,0.391911,-0.267599,0.162562,0.354230,-0.887410,0.644573,0.199113,0.085425,-0.062500,-0.062500
-0.875935,2.925538,0.317484,-0.281773,0.164794,0.303783,-0.908945,0.657539,0.187905,0.124133,-0.062500,-0.062500
-0.746490,2.890033,0.228729,-0.261879,0.184060,0.259155,-0.935012,0.629213,0.198309,0.179406,-0.062500,-0.062500
-0.665274,2.851861,0.145274,-0.206297,0.208229,0.227680,-0.958758,0.567871,0.227182,0.245694,-0.062500,-0.062500
-0.641964,2.805636,0.087312,-0.124716,0.225971,0.214600,-0.973659,0.492937,0.265266,0.311932,-0.062500,-0.062500
-0.665706,2.756147,0.067948,-0.035048,0.232029,0.218207,-0.976895,0.429519,0.301215,0.363885,-0.062500,-0.062500
-0.713520,2.714557,0.086561,0.041296,0.228178,0.231504,-0.972996,0.402302,0.322222,0.390192,-0.062500,-0.062500
-0.760316,2.692386,0.128028,0.088008,0.221797,0.246001,-0.973703,0.425478,0.319087,0.387760,-0.062500,-0.062500
-0.790044,2.694665,0.170122,0.099925,0.223286,0.252757,-0.995486,0.495554,0.290152,0.362166,-0.062500,-0.062500
-0.804735,2.713649,0.193535,0.082632,0.239938,0.246662,-1.053230,0.592918,0.239905,0.324202,-0.062500,-0.062500
-0.820506,2.731886,0.187305,0.047839,0.272660,0.229131,-1.152232,0.691007,0.177113,0.286214,-0.062500,-0.062500
-0.854388,2.730579,0.152185,0.009041,0.317832,0.203592,-1.286039,0.765789,0.115098,0.258326,-0.062500,-0.062500
-0.915775,2.696365,0.100416,-0.024385,0.367493,0.174719,-1.439911,0.804399,0.066203,0.245474,-0.062500,-0.062500
-1.002315,2.628124,0.050014,-0.049906,0.408627,0.152798,-1.592720,0.808645,0.037378,0.246174,-0.062500,-0.062500
-1.099421,2.540256,0.017455,-0.070085,0.428384,0.149317,-1.718482,0.791022,0.030432,0.253578,-0.062500,-0.062500
-1.185757,2.456596,0.013069,-0.090174,0.419871,0.168959,-1.793742,0.767942,0.041842,0.258474,-0.062500,-0.062500
-1.242377,2.401397,0.036745,-0.116598,0.383781,0.208548,-1.805349,0.757031,0.062130,0.253446,-0.062500,-0.062500
-1.256571,2.390175,0.077234,-0.152116,0.328995,0.258228,-1.752346,0.772285,0.081172,0.237059,-0.062500,-0.062500
-1.223664,2.423386,0.118058,-0.193049,0.270858,0.301946,-1.643650,0.818404,0.092343,0.215213,-0.062500,-0.062500
-1.148366,2.487910,0.145116,-0.231643,0.224817,0.324360,-1.493545,0.890027,0.093481,0.197495,-0.062500,-0.062499
-1.041919,2.564988,0.149467,-0.259855,0.201560,0.317300,-1.316567,0.975163,0.087958,0.191607,-0.062502,-0.062503
-0.915438,2.638165,0.129495,-0.271668,0.206678,0.281483,-1.126884,1.057461,0.083691,0.199671,-0.062493,-0.062492
-0.779774,2.700250,0.091610,-0.265740,0.238949,0.228837,-0.939874,1.123539,0.087307,0.217000,-0.062511,-0.062512
-0.646782,2.756321,0.046976,-0.245039,0.289515,0.181824,-0.770569,1.171030,0.100706,0.234201,-0.062497,-0.062503
-0.527989,2.819790,0.006893,-0.213965,0.345888,0.161552,-0.629713,1.208928,0.121121,0.242657,-0.062465,-0.062452
-0.433341,2.903214,-0.019435,-0.177385,0.396546,0.176378,-0.523434,1.251200,0.141474,0.238480,-0.062577,-0.062586
-0.372359,3.011251,-0.027767,-0.141950,0.432198,0.219864,-0.455610,1.313398,0.153237,0.222630,-0.062619,-0.062702
-0.349751,3.136921,-0.020796,-0.114424,0.448155,0.275143,-0.429349,1.406203,0.151035,0.201216,-0.062146,-0.062117
-0.360767,3.267341,-0.006599,-0.100297,0.444616,0.321776,-0.446793,1.528583,0.133867,0.185488,-0.061819,-0.061351
-0.393798,3.394535,0.006238,-0.104546,0.422886,0.343929,-0.508244,1.665064,0.105511,0.186224,-0.062993,-0.062565
-0.436386,3.521927,0.011200,-0.131093,0.382583,0.334680,-0.611202,1.791531,0.074253,0.207407,-0.065261,-0.066548
-0.477546,3.666430,0.005771,-0.180044,0.324918,0.298891,-0.748498,1.881989,0.049233,0.243960,-0.066156,-0.069880
-0.511929,3.855802,-0.007830,-0.247678,0.255424,0.254240,-0.905712,1.920229,0.035669,0.283308,-0.062705,-0.065513
-0.539969,4.114440,-0.024633,-0.326195,0.185190,0.222548,-1.058201,1.906797,0.032595,0.310799,-0.052989,-0.049483
-0.559840,4.454099,-0.040182,-0.403621,0.129930,0.217357,-1.174083,1.860837,0.034465,0.316741,-0.039603,-0.026078
-0.563318,4.873017,-0.049839,-0.466997,0.106113,0.238766,-1.226155,1.813832,0.036246,0.298655,-0.030701,-0.005067
-0.545078,5.346424,-0.049710,-0.509839,0.125198,0.273743,-1.212779,1.799100,0.035313,0.259378,-0.035197,0.002055
-0.506606,5.819378,-0.040952,-0.536153,0.190621,0.302480,-1.170446,1.839357,0.029027,0.202452,-0.061618,-0.023064
-0.449319,6.225906,-0.031890,-0.560557,0.295287,0.311940,-1.163524,1.948893,0.012322,0.129660,-0.118264,-0.104860
-0.374393,6.523155,-0.031560,-0.604479,0.420338,0.298987,-1.248424,2.139745,-0.018870,0.042093,-0.207099,-0.264308
-0.295675,6.705602,-0.043490,-0.688617,0.541278,0.262255,-1.440631,2.420502,-0.063831,-0.056439,-0.317801,-0.506419
-0.243612,6.795005,-0.062510,-0.822391,0.640504,0.198896,-1.698563,2.780737,-0.112697,-0.158679,-0.432150,-0.813375
-0.252026,6.842210,-0.076037,-1.000971,0.710657,0.113772,-1.938804,3.197557,-0.145997,-0.254030,-0.530334,-1.142743
-0.334838,6.941973,-0.070120,-1.204843,0.747197,0.022395,-2.066245,3.658665,-0.139350,-0.329449,-0.598300,-1.445725
-0.469131,7.217059,-0.037265,-1.399629,0.743905,-0.049809,-2.010375,4.154407,-0.070858,-0.374735,-0.635607,-1.682675
-0.587517,7.774602,0.023864,-1.543123,0.693661,-0.073195,-1.753555,4.665359,0.074082,-0.387908,-0.652795,-1.820884
-0.607277,8.666222,0.110120,-1.608644,0.588955,-0.025255,-1.377240,5.174234,0.290219,-0.379093,-0.659176,-1.838368
-0.457349,9.859033,0.212796,-1.592443,0.429727,0.100581,-1.019881,5.669831,0.550889,-0.367702,-0.660678,-1.742234
-0.078225,11.240475,0.316859,-1.513259,0.229528,0.293808,-0.803470,6.155237,0.821326,-0.376130,-0.660322,-1.564340
0.522507,12.717343,0.411017,-1.411568,0.008000,0.521776,-0.798751,6.688906,1.078972,-0.420411,-0.655812,-1.354601
1.223182,14.316356,0.492647,-1.323858,-0.208628,0.729564,-0.980146,7.381287,1.317241,-0.495179,-0.640569,-1.161406
1.890194,16.131848,0.562143,-1.252798,-0.378431,0.854270,-1.159148,8.333192,1.543418,-0.569563,-0.610615,-1.013232
2.432568,18.241893,0.618326,-1.211561,-0.469377,0.866092,-1.118958,9.603171,1.774337,-0.635528,-0.573876,-0.933737
2.694504,20.731892,0.657362,-1.268275,-0.486655,0.792302,-0.773129,11.235359,2.028853,-0.745426,-0.556768,-0.954466
2.468157,23.699547,0.669755,-1.502120,-0.451414,0.691719,-0.172822,13.254094,2.304597,-0.974885,-0.590461,-1.082879
1.686601,27.187937,0.635816,-1.922944,-0.382651,0.610904,0.555360,15.680505,2.565169,-1.342996,-0.682516,-1.293374
0.482228,31.182817,0.541633,-2.433589,-0.314536,0.571161,1.157365,18.582339,2.743260,-1.767837,-0.808121,-1.540724
-0.857542,35.641848,0.398980,-2.802911,-0.269519,0.578324,1.375909,22.083259,2.774982,-2.047007,-0.923411,-1.747486
-1.901238,40.497707,0.231794,-2.731309,-0.229578,0.631418,1.072204,26.297145,2.635213,-1.920455,-0.982185,-1.809083
-2.271561,45.735402,0.068546,-2.000649,-0.164816,0.729637,0.181093,31.268302,2.351373,-1.199419,-0.948756,-1.656485
-1.891552,51.523965,-0.036996,-0.527689,-0.059792,0.865765,-1.275826,36.932208,1.976138,0.163557,-0.806463,-1.269483
-0.943119,58.068938,-0.037422,1.658391,0.112331,1.001776,-3.117602,43.124491,1.560356,2.089229,-0.561854,-0.666850
0.127918,65.332933,0.081455,4.333416,0.367654,1.098476,-5.272686,49.595094,1.162262,4.326598,-0.248582,0.048785
0.521053,73.006172,0.321873,7.055872,0.690536,1.163406,-7.827978,56.036232,0.857179,6.470964,0.088123,0.738081
-0.531900,80.623593,0.669305,9.338124,1.074347,1.223533,-10.713640,62.096495,0.684414,8.130352,0.412031,1.346763
-3.166440,87.541994,1.024685,10.837475,1.524315,1.286038,-13.555557,67.372828,0.610941,9.091960,0.699623,1.898650
-6.793695,93.040300,1.231374,11.451769,1.966772,1.358189,-15.876508,71.443344,0.566636,9.355996,0.937593,2.437405
-10.374605,96.537519,1.150718,11.348711,2.310410,1.470563,-17.190374,73.962417,0.506030,9.117610,1.140807,3.017974
-12.747631,97.644272,0.673396,10.812923,2.556888,1.658432,-17.152756,74.652405,0.432384,8.619105,1.354363,3.640057
-13.134077,96.121449,-0.254880,10.002413,2.760798,1.938574,-15.795517,73.224271,0.396422,7.958329,1.627164,4.201328
-11.514715,92.072897,-1.520492,8.939889,2.926801,2.281522,-13.492243,69.473639,0.466775,7.095629,1.966253,4.578449
-8.478757,85.892660,-2.883780,7.647011,3.020892,2.561984,-10.791415,63.453862,0.689745,6.014221,2.277754,4.697305
-4.960110,77.927412,-4.056116,6.142548,2.931537,2.611990,-8.428604,55.488874,1.095835,4.727783,2.352678,4.509760
-2.034988,68.461007,-4.706933,4.443384,2.468560,2.359785,-7.021427,46.126575,1.712365,3.270814,1.961805,4.041504
-0.450782,57.958288,-4.559855,2.660226,1.498667,1.868324,-6.631888,36.086459,2.476888,1.769052,0.966137,3.440428
-0.209910,46.952326,-3.596863,1.007072,0.061890,1.275597,-6.830988,26.053488,3.171706,0.441823,-0.621413,2.896508
-0.736749,35.972401,-2.040933,-0.253894,-1.716357,0.723903,-7.051660,16.570711,3.506712,-0.497830,-2.590571,2.525804
-1.354487,25.648648,-0.228374,-0.875356,-3.574743,0.295636,-6.887743,8.134789,3.261376,-0.900883,-4.532589,2.316063
-1.638096,16.539846,1.449046,-0.782691,-5.047651,-0.004123,-6.285210,1.143772,2.361247,-0.796052,-5.949661,2.120434
-1.534551,8.834895,2.619581,-0.229818,-5.660049,-0.206165,-5.469183,-4.309782,0.909844,-0.478268,-6.424128,1.785828
-1.244719,2.505887,3.105789,0.300621,-5.202299,-0.346241,-4.640696,-8.405572,-0.835422,-0.385631,-5.781788,1.296555
-0.960937,-2.563766,2.913134,0.330854,-3.770933,-0.501634,-3.887718,-11.456156,-2.552436,-0.866178,-4.209949,0.778302
-0.756594,-6.662710,2.166833,-0.460954,-1.775293,-0.767882,-3.246318,-13.797517,-3.930808,-2.100585,-2.210176,0.384546
-0.633643,-10.029061,1.124134,-2.150923,0.182704,-1.157380,-2.632927,-15.597580,-4.703611,-4.076600,-0.352583,0.187117
-0.520899,-12.558304,0.092843,-4.532482,1.595912,-1.582490,-1.814015,-16.756399,-4.754657,-6.576680,0.954561,0.108930
-0.253218,-14.005610,-0.750595,-7.214859,2.255634,-1.932511,-0.631997,-17.087336,-4.204763,-9.245748,1.549460,-0.033530
0.301635,-14.181344,-1.343961,-9.732986,2.169193,-2.152318,0.857656,-16.430745,-3.329647,-11.685215,1.512524,-0.452256
1.097237,-12.938256,-1.654562,-11.633541,1.527919,-2.278374,2.352226,-14.640565,-2.392676,-13.499944,1.096788,-1.323922
1.920565,-10.352896,-1.683399,-12.589964,0.689787,-2.361879,3.427741,-11.711076,-1.573502,-14.400451,0.592297,-2.696178
2.551444,-6.875961,-1.479254,-12.501877,-0.000316,-2.372511,3.823380,-7.907836,-0.948670,-14.290507,0.218714,-4.362755
2.879710,-3.109677,-1.089169,-11.470608,-0.374670,-2.200317,3.597409,-3.693745,-0.502345,-13.239023,0.078021,-5.879957
2.910251,0.398366,-0.580267,-9.702509,-0.405038,-1.749125,2.957195,0.372701,-0.181340,-11.381628,0.128390,-6.735881
2.706201,3.194127,-0.051549,-7.425265,-0.183215,-0.999597,2.123327,3.760775,0.047718,-8.886025,0.223310,-6.562876
2.335509,5.071631,0.423533,-4.857147,0.129052,-0.002311,1.302544,6.178884,0.218917,-5.957678,0.254062,-5.286625
1.846603,6.132814,0.805957,-2.206845,0.414171,1.159156,0.652884,7.629849,0.359272,-2.847099,0.228241,-3.149196
1.287224,6.582786,1.040289,0.299367,0.644146,2.386550,0.232910,8.257617,0.454370,0.152841,0.215443,-0.594563
0.718762,6.594487,1.088895,2.432180,0.812395,3.553150,0.040356,8.242731,0.465661,2.743377,0.267025,1.889978
0.212936,6.339627,0.977342,4.029341,0.915225,4.511827,0.032406,7.783114,0.390604,4.715103,0.384892,3.899307
-0.164858,5.935094,0.769925,5.061402,0.966243,5.186731,0.156382,7.041007,0.259027,6.012943,0.496446,5.182317
-0.376396,5.418177,0.528868,5.628632,0.977262,5.599189,0.392629,6.142828,0.114959,6.733817,0.497834,5.677197
-0.425456,4.806007,0.304003,5.898908,0.948744,5.818309,0.737767,5.195707,0.002163,7.054113,0.333332,5.531546
-0.354907,4.120403,0.123328,6.021367,0.898318,5.941801,1.146068,4.249159,-0.056649,7.150194,0.009615,5.010165
-0.233544,3.372053,-0.000468,6.090093,0.848569,6.059933,1.549229,3.306518,-0.079437,7.158636,-0.444299,4.369646
-0.137442,2.602778,-0.050185,6.137804,0.804510,6.182426,1.896524,2.405545,-0.088450,7.130916,-0.940039,3.797756
-0.133569,1.887382,-0.008372,6.098033,0.756907,6.231334,2.158683,1.623440,-0.085460,6.959027,-1.335636,3.358645
-0.256459,1.303222,0.129447,5.770094,0.697461,6.059934,2.314533,1.040099,-0.067991,6.403479,-1.517184,2.924135
-0.477991,0.901056,0.363087,4.913054,0.620488,5.464028,2.348548,0.706072,-0.058579,5.241077,-1.458824,2.328725
-0.709493,0.707776,0.682074,3.401804,0.519149,4.295834,2.259523,0.593037,-0.090444,3.403863,-1.197520,1.538737
-0.861095,0.707337,1.048648,1.280891,0.389758,2.593127,2.072659,0.569619,-0.173249,0.981465,-0.832381,0.611695
-0.904431,0.906676,1.404949,-1.283136,0.237177,0.540964,1.815595,0.524427,-0.252323,-1.847085,-0.484629,-0.395831
-0.852677,1.462939,1.696344,-4.040395,0.071521,-1.583493,1.496078,0.534896,-0.230047,-4.898734,-0.232594,-1.355361
-0.711053,2.791248,1.895617,-6.723056,-0.078973,-3.390405,1.112566,0.971493,-0.027857,-8.017293,-0.099229,-2.160391
-0.465783,5.481183,2.015023,-9.061002,-0.168076,-4.500141,0.654688,2.515707,0.367230,-10.991319,-0.109438,-2.802619
-0.112826,10.077855,2.084661,-10.758763,-0.165910,-4.731941,0.086293,5.994365,0.920919,-13.522828,-0.264583,-3.295220
0.296722,16.842092,2.122171,-11.591337,-0.088963,-4.151357,-0.665317,12.069447,1.572120,-15.370933,-0.528651,-3.671448
0.654362,25.598894,2.136178,-11.543368,0.023109,-3.030530,-1.722243,20.935295,2.239764,-16.371394,-0.856299,-4.077370
0.868929,35.615660,2.135523,-10.728400,0.131143,-1.765655,-3.222160,32.096402,2.803985,-16.327852,-1.209847,-4.531823
0.866426,45.683011,2.119856,-9.277255,0.208199,-0.686337,-5.223111,44.309225,3.136260,-15.072397,-1.512301,-4.798392
0.532560,54.337417,2.090924,-7.364842,0.256568,0.069253,-7.601758,55.730273,3.172657,-12.654924,-1.665145,-4.593114
-0.253813,60.099568,2.085487,-5.242029,0.321116,0.502197,-10.027882,64.366640,2.985620,-9.396205,-1.592008,-3.799426
-1.486857,62.043357,2.157693,-3.146254,0.480183,0.679401,-12.056706,68.739491,2.729492,-5.813840,-1.252946,-2.439965
-2.972305,60.439827,2.337385,-1.262095,0.844137,0.709245,-13.306148,68.379416,2.531229,-2.465702,-0.643293,-0.731916
-4.361344,56.437574,2.611540,0.325580,1.499202,0.670791,-13.563843,63.933341,2.432135,0.284763,0.155428,0.994631
-5.240245,51.070663,2.920777,1.676678,2.428651,0.584305,-12.721569,56.903863,2.423160,2.371169,0.995506,2.495091
-5.254909,44.940266,3.165334,2.902450,3.487743,0.455834,-10.697218,49.010446,2.475691,3.876554,1.734117,3.617709
-4.229310,38.307952,3.255837,4.014254,4.458779,0.312207,-7.519176,41.249533,2.548343,4.936247,2.263177,4.187777
-2.173242,30.948271,3.161541,4.988293,5.112810,0.218902,-3.420567,33.358638,2.549717,5.752074,2.504263,4.173753
0.698993,22.196025,2.925842,5.831865,5.280540,0.275551,1.176318,24.267744,2.354257,6.495691,2.447555,3.737535
3.980466,11.501436,2.650488,6.542620,4.905102,0.557890,5.772438,12.824616,1.875881,7.183108,2.149604,3.073767
7.189107,-1.273682,2.466005,7.064624,4.062174,1.078247,9.922313,-1.465057,1.164606,7.678881,1.673941,2.315518
9.892167,-15.290778,2.436623,7.353839,2.941206,1.773097,13.223906,-17.617000,0.403313,7.810218,1.084906,1.574232
11.725188,-28.235631,2.501665,7.433219,1.812263,2.472628,15.207917,-33.347644,-0.208206,7.506343,0.477670,0.910287
12.396917,-37.296698,2.539022,7.419527,0.923948,2.924309,15.441329,-46.350175,-0.591216,6.868521,-0.067517,0.358976
11.732396,-41.244834,2.473994,7.458077,0.415060,2.919635,13.853224,-54.991564,-0.791288,6.112097,-0.516829,-0.021886
9.744429,-40.912783,2.298618,7.637680,0.305381,2.418620,10.903848,-58.606660,-0.916180,5.463890,-0.826250,-0.196578
6.597608,-38.561438,2.069852,7.942073,0.514896,1.575760,7.354242,-58.237664,-1.107791,5.076428,-0.950012,-0.225847
2.534319,-37.150269,1.889026,8.294467,0.878813,0.683719,3.918055,-56.493038,-1.523435,4.988983,-0.893545,-0.191480
-2.139503,-39.364210,1.863547,8.568962,1.220422,0.034986,1.067562,-55.795488,-2.246568,5.112092,-0.704034,-0.136656
-7.025891,-46.176838,2.047385,8.621050,1.417684,-0.211143,-0.998358,-57.298086,-3.229291,5.259189,-0.443772,-0.086891
-11.652224,-56.677157,2.416587,8.323826,1.420948,-0.018508,-2.266875,-60.738524,-4.283639,5.223367,-0.207643,-0.060973
-15.535013,-68.535010,2.824644,7.649061,1.260129,0.589311,-2.825144,-64.261551,-5.111926,4.922002,-0.066155,-0.044465
-18.298568,-78.486046,3.019521,6.716745,1.034041,1.480458,-2.889564,-65.575856,-5.451908,4.449660,-0.005945,-0.006567
-19.793663,-83.455951,2.780158,5.752552,0.836978,2.384074,-2.755387,-64.037688,-5.266425,3.961135,0.025632,0.066843
-20.064195,-82.607400,2.067858,4.926144,0.711097,3.009596,-2.573345,-60.461333,-4.721259,3.548674,0.050065,0.158901
-19.158155,-77.516703,1.002727,4.298084,0.680047,3.192859,-2.208228,-55.817989,-4.047884,3.269854,0.095970,0.239138
-17.149698,-70.668882,-0.220225,3.841775,0.750941,2.935015,-1.455394,-51.222242,-3.472417,3.136382,0.193661,0.259556
-14.311087,-64.058894,-1.395339,3.469845,0.884467,2.379832,-0.313287,-47.754026,-3.144678,3.075714,0.337303,0.182364
-11.062365,-58.611087,-2.327300,3.046297,1.026519,1.744105,1.025750,-45.441220,-3.060212,2.957537,0.496794,0.020408
-7.817489,-53.762882,-2.859434,2.475857,1.151705,1.202559,2.292174,-43.590137,-3.125504,2.672913,0.647422,-0.179645
-4.952478,-48.209845,-2.900749,1.742475,1.247169,0.853583,3.203949,-41.544573,-3.226028,2.174203,0.750631,-0.383194
-2.744451,-41.116807,-2.483397,0.935898,1.311485,0.779685,3.589295,-38.404014,-3.209813,1.540153,0.793657,-0.535585
-1.310826,-32.572011,-1.761910,0.230679,1.352758,1.019366,3.430922,-33.421857,-2.939179,0.938890,0.812064,-0.558117
-0.652135,-23.253663,-0.922366,-0.207143,1.356423,1.484381,2.826362,-27.120985,-2.405022,0.491995,0.836735,-0.410971
-0.633587,-14.434865,-0.081178,-0.350676,1.280055,1.995656,2.010303,-20.645713,-1.687349,0.193415,0.837196,-0.133528
-0.907671,-7.491574,0.690159,-0.282190,1.108703,2.386446,1.344769,-14.609522,-0.875997,-0.008917,0.765380,0.195847
-1.077993,-3.083518,1.320849,-0.116324,0.862142,2.554788,1.103326,-9.338943,-0.070689,-0.166692,0.588255,0.484657
-0.936685,-0.971174,1.744490,0.045924,0.570143,2.492020,1.332128,-5.117497,0.631500,-0.319197,0.298214,0.668769
-0.450246,-0.414262,1.935784,0.130135,0.280520,2.281842,1.954392,-1.872299,1.175274,-0.477104,-0.065311,0.748397
0.327894,-0.379530,1.921803,0.119049,0.069476,2.030598,2.852439,0.492304,1.512568,-0.609042,-0.415370,0.760842
1.255839,-0.035201,1.770048,0.025344,-0.004794,1.812220,3.833283,1.879597,1.611212,-0.690067,-0.675435,0.721105
2.177866,0.761960,1.546077,-0.111972,0.070407,1.681766,4.711294,2.479545,1.504867,-0.699410,-0.796830,0.646477
3.005345,1.634042,1.294841,-0.234967,0.261179,1.665389,5.393138,2.774041,1.284736,-0.620028,-0.754845,0.569237
3.684769,2.275651,1.057846,-0.297772,0.497715,1.721872,5.854272,3.014989,1.047063,-0.463577,-0.564940,0.504333
4.180991,2.645209,0.896392,-0.297732,0.698496,1.760238,6.119273,3.261137,0.888617,-0.285618,-0.295548,0.435050
4.516917,2.864466,0.858445,-0.243172,0.810101,1.700006,6.264454,3.598248,0.885919,-0.128896,-0.032397,0.346586
4.738030,3.090037,0.945883,-0.140598,0.815903,1.509987,6.356409,4.004366,1.055368,-0.003693,0.157510,0.233145
4.860572,3.412456,1.116478,-0.000846,0.733014,1.224336,6.419713,4.357771,1.348024,0.097019,0.242915,0.108124
4.902219,3.822224,1.307408,0.149514,0.607063,0.934953,6.474179,4.639256,1.682699,0.177956,0.232938,0.005745
4.911100,4.265497,1.459829,0.271046,0.497925,0.749060,6.552560,4.872381,1.961987,0.236229,0.164612,-0.044844
4.943604,4.654228,1.538594,0.316193,0.445770,0.728261,6.665696,5.039528,2.101086,0.240541,0.069128,-0.048959
5.051739,4.907763,1.526161,0.259498,0.453517,0.863282,6.800728,5.153894,2.061766,0.151768,-0.038260,-0.025681
5.263673,5.005865,1.421987,0.119199,0.490535,1.088276,6.934875,5.263652,1.866905,-0.041287,-0.145864,0.008373
5.527188,4.985964,1.255411,-0.047245,0.515012,1.307231,7.006682,5.395633,1.587368,-0.308093,-0.247145,0.029026
5.696669,4.955995,1.087033,-0.173881,0.493772,1.423884,6.897457,5.571586,1.315855,-0.592237,-0.345358,0.005237
5.605400,5.082740,0.980143,-0.215687,0.416520,1.384177,6.489371,5.838381,1.130204,-0.817137,-0.437827,-0.069987
5.134261,5.507421,0.975248,-0.157167,0.296480,1.191643,5.740647,6.263674,1.064976,-0.904992,-0.506714,-0.177408
4.230936,6.305084,1.081944,-0.007082,0.165734,0.893593,4.710307,6.918598,1.102982,-0.813103,-0.531297,-0.289814
2.942778,7.497314,1.278250,0.193121,0.061189,0.566962,3.547587,7.868370,1.193571,-0.569200,-0.500151,-0.378236
1.433716,9.036800,1.518920,0.376937,0.012802,0.296920,2.461226,9.154238,1.278858,-0.260952,-0.416776,-0.418746
-0.056980,10.829132,1.748448,0.491372,0.030849,0.126705,1.656947,10.795704,1.315693,0.012170,-0.302573,-0.412875
-1.282959,12.788848,1.906788,0.525176,0.100893,0.040309,1.275025,12.785149,1.291121,0.189310,-0.188679,-0.381863
-2.039051,14.865101,1.943802,0.512753,0.191075,-0.000380,1.369736,15.059039,1.226711,0.275369,-0.098869,-0.345686
-2.235623,17.054489,1.837730,0.513486,0.268964,-0.024485,1.859561,17.516191,1.158718,0.328130,-0.050450,-0.326450
-1.938054,19.450037,1.599177,0.556987,0.308995,-0.044948,2.482402,20.082772,1.114736,0.396043,-0.058149,-0.353535
-1.311875,22.197236,1.266069,0.615736,0.301606,-0.038722,2.880385,22.730313,1.107423,0.479743,-0.117005,-0.419133
-0.523625,25.390275,0.889449,0.652108,0.257671,0.038095,2.781636,25.446956,1.138007,0.566564,-0.197675,-0.475510
0.273720,29.044559,0.521322,0.659456,0.199235,0.197788,2.074725,28.228544,1.195734,0.658279,-0.274056,-0.493116
0.965888,33.130932,0.215880,0.657419,0.154055,0.414787,0.804535,31.076367,1.265772,0.751628,-0.325808,-0.471596
1.499655,37.541800,0.016484,0.677637,0.144856,0.647199,-0.866682,33.968260,1.337852,0.830426,-0.347707,-0.415307
1.876266,42.110465,-0.078175,0.756652,0.163329,0.831951,-2.715835,36.839668,1.416924,0.903182,-0.359536,-0.351814
2.082405,46.677286,-0.117319,0.937700,0.175985,0.903944,-4.555995,39.604753,1.517660,1.029732,-0.374305,-0.315881
2.056505,51.101466,-0.156553,1.301598,0.166995,0.854738,-6.286736,42.195713,1.635883,1.329993,-0.369509,-0.300904
1.652878,55.225012,-0.220581,1.954070,0.141321,0.735238,-7.928528,44.608133,1.721320,1.939352,-0.338787,-0.273002
0.734975,58.938240,-0.282293,2.943134,0.098522,0.613976,-9.536806,46.940147,1.713131,2.912948,-0.297478,-0.216010
-0.664823,62.226041,-0.267152,4.216701,0.055227,0.562088,-11.072343,49.361189,1.596749,4.173600,-0.216309,-0.095051
-2.225331,65.062938,-0.110201,5.660816,0.052948,0.636949,-12.319159,51.919786,1.407869,5.567950,-0.026528,0.149381
-3.473343,67.269803,0.197414,7.118306,0.099672,0.817068,-12.980023,54.385859,1.204110,6.913995,0.279460,0.527684
-3.940543,68.541340,0.635954,8.404846,0.190789,0.999429,-12.738921,56.299907,1.057999,8.025223,0.674259,0.986931
-3.305122,68.526421,1.159805,9.323429,0.363412,1.071572,-11.381836,57.122799,1.034567,8.717261,1.119550,1.460207
-1.494030,66.952067,1.667164,9.672048,0.634854,0.984171,-8.942709,56.382728,1.191063,8.832869,1.522736,1.870275
1.163634,63.769270,2.031450,9.311173,0.952900,0.769928,-5.838897,53.859862,1.584342,8.299260,1.765889,2.156534
3.950194,59.143144,2.166192,8.271820,1.248479,0.527027,-2.827457,49.634544,2.204067,7.197856,1.777906,2.303456
5.919679,53.266952,2.038273,6.749467,1.438213,0.343534,-0.817903,44.009307,2.916633,5.736238,1.484844,2.302459
6.313026,46.353065,1.685015,5.005462,1.410046,0.228771,-0.411258,37.454539,3.548975,4.156945,0.866615,2.117329
4.908473,38.751920,1.207888,3.290295,1.123005,0.111107,-1.615069,30.541541,3.983261,2.662326,0.072961,1.727318
2.132312,30.881196,0.696933,1.800114,0.637447,-0.087263,-3.926132,23.672642,4.139743,1.387945,-0.648271,1.157652
-1.212362,23.041676,0.184654,0.636990,0.012140,-0.423363,-6.627316,16.941422,3.954843,0.386029,-1.144244,0.453745
-4.264933,15.462965,-0.289547,-0.167705,-0.659492,-0.935090,-8.942667,10.307302,3.397986,-0.336360,-1.324589,-0.337119
-6.373065,8.366898,-0.666177,-0.628324,-1.165050,-1.600153,-10.232487,3.788111,2.453587,-0.797703,-1.123981,-1.140337
-7.188422,1.974172,-0.915074,-0.819152,-1.325301,-2.270471,-10.154308,-2.491795,1.144766,-1.060232,-0.595341,-1.836205
-6.741728,-3.453243,-1.051296,-0.846621,-1.114182,-2.727673,-8.747612,-8.242655,-0.385244,-1.209506,0.093695,-2.287072
-5.408349,-7.731766,-1.125617,-0.797592,-0.598260,-2.802965,-6.414765,-13.161084,-1.936995,-1.308898,0.760118,-2.411325
-3.781296,-11.040915,-1.236897,-0.747273,0.096651,-2.462883,-3.801162,-17.144371,-3.373824,-1.409900,1.201631,-2.233981
-2.337308,-13.823674,-1.478731,-0.765931,0.801036,-1.823790,-1.393936,-20.267796,-4.613330,-1.554652,1.284506,-1.870385
-1.212558,-16.414966,-1.885199,-0.894875,1.426452,-1.100453,0.681930,-22.645117,-5.603238,-1.752134,1.058339,-1.480133
-0.242336,-18.900585,-2.440736,-1.132034,1.967882,-0.471486,2.469138,-24.458139,-6.376363,-1.980130,0.675798,-1.198914
0.789051,-21.219420,-3.102242,-1.436295,2.376498,-0.019296,3.941450,-25.904371,-7.025524,-2.211067,0.231517,-1.085071
1.964432,-23.192662,-3.774388,-1.728895,2.569287,0.219330,5.011728,-27.009650,-7.611873,-2.406682,-0.219752,-1.134209
3.178021,-24.617785,-4.346017,-1.917336,2.546016,0.237048,5.595612,-27.580982,-8.134443,-2.519956,-0.599708,-1.293540
4.233728,-25.369500,-4.750783,-1.940032,2.337439,0.106048,5.667062,-27.340103,-8.527829,-2.532898,-0.848149,-1.450070
4.914398,-25.370811,-4.981312,-1.788413,1.956127,-0.053729,5.261797,-26.001084,-8.619102,-2.461458,-0.959124,-1.490536
5.006333,-24.618848,-5.066451,-1.503197,1.429229,-0.163625,4.424649,-23.460123,-8.210542,-2.328284,-0.963295,-1.376573
4.361777,-23.335461,-5.062753,-1.167213,0.817329,-0.218495,3.204980,-19.998108,-7.244051,-2.165651,-0.911858,-1.147696
3.046911,-21.867411,-5.007590,-0.878036,0.201464,-0.269639,1.771048,-16.212116,-5.857866,-2.022957,-0.827153,-0.863910
1.378422,-20.469402,-4.885719,-0.715789,-0.299315,-0.372844,0.410035,-12.803568,-4.346386,-1.954982,-0.673675,-0.555685
-0.216009,-19.254327,-4.646426,-0.724103,-0.589441,-0.521527,-0.643419,-10.447924,-3.087971,-2.006718,-0.421762,-0.212327
-1.374492,-18.257383,-4.240346,-0.922315,-0.668533,-0.634297,-1.311123,-9.587656,-2.373436,-2.222003,-0.111304,0.133713
-1.906806,-17.449706,-3.634241,-1.314093,-0.619921,-0.632724,-1.644338,-10.213943,-2.254396,-2.645742,0.167322,0.345302
-1.833660,-16.782213,-2.856395,-1.883330,-0.517790,-0.527106,-1.753569,-11.880347,-2.558793,-3.296946,0.350881,0.261099
-1.335429,-16.217750,-2.019280,-2.603080,-0.406517,-0.445195,-1.735546,-13.938410,-3.013441,-4.134109,0.433232,-0.173510
-0.665192,-15.696998,-1.273759,-3.447514,-0.309805,-0.547802,-1.635487,-15.746489,-3.330987,-5.068035,0.432196,-0.913350
-0.075933,-15.127952,-0.745588,-4.361529,-0.240596,-0.966081,-1.458213,-16.844317,-3.301265,-6.025461,0.364174,-1.865731
0.255775,-14.451778,-0.508042,-5.279129,-0.196050,-1.773409,-1.193650,-17.065868,-2.880782,-7.030839,0.248787,-2.964552
0.295550,-13.664883,-0.555510,-6.189072,-0.170212,-2.952147,-0.838456,-16.497734,-2.193060,-8.199497,0.101328,-4.174280
0.134717,-12.799723,-0.805342,-7.146591,-0.159930,-4.351290,-0.428572,-15.372535,-1.450936,-9.634081,-0.080235,-5.414990
-0.101801,-11.911589,-1.138772,-8.229148,-0.169655,-5.728157,-0.063787,-13.997171,-0.870918,-11.282935,-0.299907,-6.534100
-0.321842,-11.026193,-1.430039,-9.530536,-0.188402,-6.774881,0.135175,-12.593223,-0.565987,-12.922949,-0.544980,-7.448840
-0.482199,-10.087605,-1.567619,-11.065325,-0.204866,-7.218755,0.094583,-11.173145,-0.494040,-14.258133,-0.798801,-8.181278
-0.617161,-8.980134,-1.511739,-12.642909,-0.223009,-6.996384,-0.216290,-9.594781,-0.520703,-15.034420,-1.044197,-8.741032
-0.824443,-7.622315,-1.317551,-13.922920,-0.256747,-6.308367,-0.793944,-7.737505,-0.529893,-15.124438,-1.248379,-9.005850
-1.169473,-5.979099,-1.072504,-14.590118,-0.302189,-5.388288,-1.547700,-5.567392,-0.461855,-14.650828,-1.374582,-8.808227
-1.601953,-3.989091,-0.839115,-14.435180,-0.337703,-4.378557,-2.275064,-3.059530,-0.297918,-14.039665,-1.397128,-8.068548
-1.977142,-1.506507,-0.642613,-13.465844,-0.327567,-3.368891,-2.743737,-0.098324,-0.034490,-13.903395,-1.312455,-6.933205
-2.124991,1.619887,-0.471203,-11.973625,-0.240633,-2.419062,-2.779023,3.476363,0.327928,-14.730351,-1.149671,-5.723706
-1.958586,5.462522,-0.298565,-10.389477,-0.073573,-1.568615,-2.367903,7.758230,0.786070,-16.573601,-0.958308,-4.715785
-1.583565,9.965905,-0.120208,-9.086833,0.146096,-0.911962,-1.738482,12.677311,1.304003,-18.920382,-0.755755,-3.948080
-1.276835,14.931670,0.058700,-8.322197,0.399720,-0.522269,-1.250863,17.979031,1.811912,-20.887590,-0.511562,-3.342775
-1.335032,19.965104,0.241215,-8.086330,0.668067,-0.390532,-1.202225,23.251414,2.246511,-21.599562,-0.195589,-2.845836
-2.013698,24.502478,0.413866,-8.002761,0.903314,-0.493712,-1.833462,27.986850,2.572572,-20.506161,0.173037,-2.447736
-3.486692,27.843216,0.533102,-7.556960,1.048631,-0.807284,-3.321990,31.498218,2.738552,-17.541824,0.542130,-2.079948
-5.702845,29.335188,0.560343,-6.421782,1.088215,-1.175099,-5.581856,32.907933,2.675998,-13.156529,0.866536,-1.642207
-8.292570,28.657278,0.481635,-4.547285,1.060801,-1.347603,-8.168690,31.501223,2.349054,-8.166225,1.138189,-1.059656
-10.688995,25.797420,0.317211,-2.173687,1.044825,-1.142380,-10.431654,27.225012,1.786892,-3.480647,1.370810,-0.358981
-12.295086,20.904520,0.115405,0.268441,1.102446,-0.520822,-11.689281,20.724505,1.078172,0.214249,1.558945,0.352849
-12.652347,14.344972,-0.072723,2.420123,1.231982,0.401989,-11.464388,13.031363,0.352634,2.687419,1.669323,0.965634
-11.600909,6.471836,-0.194777,4.140344,1.381300,1.372859,-9.706662,5.294400,-0.288068,4.157367,1.680001,1.472944
-9.285161,-2.789783,-0.158494,5.415247,1.509357,2.129936,-6.701091,-1.555408,-0.810103,5.046547,1.606382,1.876930
-5.995993,-13.729522,0.155470,6.334900,1.600798,2.510009,-2.829554,-7.201772,-1.197945,5.732759,1.484278,2.107775
-2.122841,-26.379011,0.832349,7.107078,1.649314,2.449801,1.442408,-11.993272,-1.422570,6.459471,1.334701,2.060233
1.868963,-40.392966,1.863413,7.938657,1.650021,1.996298,5.590170,-16.837271,-1.503159,7.328454,1.160247,1.724471
5.562045,-54.760326,3.117681,8.914562,1.603203,1.322682,9.233546,-22.944630,-1.522654,8.309933,0.970319,1.193281
8.672415,-67.417166,4.355076,9.996798,1.518719,0.650294,12.206884,-31.080459,-1.569216,9.282908,0.795205,0.625146
11.000081,-76.234443,5.329254,11.029786,1.417313,0.134421,14.471295,-40.870833,-1.691023,10.078934,0.663686,0.163925
12.428482,-80.111865,5.866735,11.806513,1.300341,-0.172187,16.086338,-51.053379,-1.867989,10.539206,0.567962,-0.118096
12.945046,-78.968566,5.891093,12.185708,1.142242,-0.286504,17.140967,-60.163504,-2.008513,10.583985,0.471439,-0.239009
12.606483,-73.881273,5.455811,12.100287,0.921076,-0.262506,17.632445,-66.802977,-2.018320,10.194061,0.347848,-0.235746
11.506579,-67.325064,4.756670,11.483186,0.645713,-0.180925,17.521039,-70.020044,-1.861903,9.356181,0.204345,-0.163796
9.803014,-61.864032,4.029855,10.306792,0.353113,-0.114731,16.846977,-69.916769,-1.548639,8.094075,0.069366,-0.093111
7.696809,-59.046361,3.465597,8.660210,0.096796,-0.083360,15.698639,-67.456847,-1.121462,6.531665,-0.033318,-0.070204
5.414473,-59.314687,3.146228,6.747413,-0.076366,-0.063538,14.180634,-63.797411,-0.673406,4.884172,-0.096596,-0.083643
3.205738,-61.697714,3.005720,4.837454,-0.145447,-0.034979,12.468049,-59.930429,-0.321560,3.408031,-0.118337,-0.093700
1.289711,-63.587312,2.868080,3.190659,-0.118112,0.005502,10.758158,-56.274450,-0.150295,2.317658,-0.099875,-0.061814
-0.229032,-62.605335,2.589372,1.948778,-0.019678,0.056950,9.176871,-52.531932,-0.185306,1.690450,-0.053738,0.017859
-1.341053,-58.078295,2.113226,1.108548,0.112166,0.117993,7.796400,-48.325078,-0.385275,1.450524,-0.004463,0.118957
-2.048461,-50.473377,1.465997,0.584374,0.235414,0.213242,6.677239,-43.729169,-0.656223,1.435005,0.027394,0.204953
-2.321396,-40.941829,0.765009,0.260122,0.310500,0.384148,5.850781,-38.968504,-0.900923,1.447222,0.037023,0.254953
-2.133212,-31.425094,0.184525,0.015260,0.306281,0.636386,5.333869,-34.228588,-1.060053,1.313226,0.030166,0.251198
-1.502693,-23.461487,-0.161173,-0.222514,0.212014,0.945107,5.153139,-29.947974,-1.116675,0.949398,0.010056,0.175300
-0.503142,-17.636125,-0.248117,-0.465851,0.052329,1.301850,5.313933,-26.664856,-1.090728,0.378110,-0.021861,0.028731
0.759033,-14.176257,-0.145486,-0.693572,-0.117442,1.660071,5.774412,-24.614163,-1.020383,-0.286170,-0.059720,-0.161148
2.150767,-12.988551,-0.012274,-0.855982,-0.238571,1.908456,6.451886,-23.689773,-0.929189,-0.853704,-0.094051,-0.355046
3.481556,-13.211374,-0.022043,-0.898119,-0.275851,1.945989,7.183889,-23.378454,-0.820080,-1.155168,-0.119884,-0.517875
4.483653,-14.001440,-0.264845,-0.827811,-0.221971,1.754351,7.719389,-22.921332,-0.694304,-1.152395,-0.139783,-0.635773
4.883782,-15.121233,-0.741423,-0.708564,-0.088139,1.387562,7.824180,-21.918535,-0.553547,-0.925378,-0.158326,-0.708201
4.541480,-16.372858,-1.357053,-0.595647,0.101943,0.958793,7.397572,-20.521331,-0.396311,-0.595290,-0.174466,-0.726120
3.527555,-17.370971,-1.934657,-0.514353,0.312310,0.583902,6.504369,-18.979882,-0.228201,-0.279341,-0.180984,-0.675741
2.092399,-18.018935,-2.305788,-0.470080,0.496812,0.310237,5.350485,-17.408856,-0.065137,-0.052258,-0.177180,-0.567708
0.578161,-18.281111,-2.393442,-0.444296,0.609532,0.129237,4.202483,-15.957451,0.065440,0.070532,-0.179154,-0.454851
-0.681106,-18.112808,-2.216117,-0.417667,0.623954,0.042059,3.281922,-14.816304,0.124072,0.095000,-0.211824,-0.418358
-1.450445,-17.827434,-1.893615,-0.395112,0.546435,0.030634,2.701544,-14.062716,0.075364,0.032765,-0.291550,-0.536029
-1.639775,-17.914639,-1.617645,-0.391236,0.408413,0.041416,2.458157,-13.635205,-0.093823,-0.075578,-0.417723,-0.843845
-1.329633,-18.448028,-1.540547,-0.415691,0.251134,0.032452,2.444520,-13.322638,-0.379427,-0.179533,-0.571055,-1.311763
-0.765148,-19.179321,-1.710392,-0.486641,0.115941,0.000218,2.502022,-12.865199,-0.757053,-0.259713,-0.721903,-1.856532
-0.266460,-19.862998,-2.079876,-0.613788,0.038280,-0.041018,2.479279,-12.184706,-1.163792,-0.316080,-0.839662,-2.359898
-0.085773,-20.200862,-2.515557,-0.777927,0.041357,-0.067832,2.269272,-11.380600,-1.511160,-0.345629,-0.898707,-2.693847
-0.330765,-19.859402,-2.846759,-0.940636,0.130725,-0.072109,1.827558,-10.565954,-1.723238,-0.341381,-0.883871,-2.761027
-0.957909,-18.812848,-2.958799,-1.055044,0.288375,-0.077809,1.172014,-9.820140,-1.754456,-0.293255,-0.799804,-2.530559
-1.802514,-17.306221,-2.823031,-1.077755,0.479052,-0.109445,0.353081,-9.193744,-1.608190,-0.194373,-0.668622,-2.046566
-2.632156,-15.661707,-2.493120,-1.001765,0.661919,-0.146191,-0.545524,-8.657134,-1.354031,-0.064465,-0.522091,-1.430008
-3.252065,-14.164062,-2.076322,-0.859052,0.803896,-0.144279,-1.418823,-8.115267,-1.086899,0.058191,-0.387886,-0.830110
-3.565415,-12.976978,-1.673966,-0.686966,0.888708,-0.074601,-2.180538,-7.501455,-0.874382,0.148793,-0.278927,-0.350780
-3.540241,-12.151349,-1.341975,-0.505730,0.913546,0.076160,-2.785367,-6.801417,-0.751888,0.202209,-0.196265,-0.032691
-3.157518,-11.715059,-1.098820,-0.320210,0.876849,0.312870,-3.218535,-6.011620,-0.735321,0.215551,-0.140934,0.110860
-2.425084,-11.666491,-0.936896,-0.127088,0.780736,0.633136,-3.489335,-5.134533,-0.821789,0.188793,-0.112133,0.091525
-1.416706,-11.924364,-0.829208,0.079046,0.638600,1.023141,-3.630454,-4.192031,-0.983493,0.132451,-0.100188,-0.040344
-0.234282,-12.358449,-0.715846,0.316049,0.469603,1.461711,-3.705846,-3.223402,-1.175770,0.062058,-0.091460,-0.198714
