1.361969,3.686346,-0.068562,-0.409706,0.339685,0.161293,1.877767,2.457148,0.732119,-0.072850,-0.288612,-0.294148
1.373802,3.590997,-0.043397,-0.461726,0.238822,0.111699,1.738253,2.424931,0.767646,-0.104899,-0.370322,-0.350083
1.360453,3.418415,-0.018106,-0.494947,0.160244,-0.062736,1.477521,2.382427,0.738597,-0.122112,-0.415582,-0.371796
1.311032,3.199231,0.003124,-0.498437,0.112956,-0.353118,1.133084,2.319400,0.658571,-0.114193,-0.412109,-0.351689
1.212694,2.982844,0.019945,-0.467645,0.097836,-0.742813,0.773458,2.234436,0.563025,-0.077984,-0.361445,-0.296563
1.056122,2.811491,0.032783,-0.403845,0.111835,-1.160207,0.480243,2.136782,0.476472,-0.017647,-0.275810,-0.222603
0.846510,2.700737,0.041595,-0.315303,0.148712,-1.479132,0.327084,2.044053,0.404664,0.059255,-0.174373,-0.148520
0.607609,2.630945,0.046503,-0.218629,0.199609,-1.592830,0.360141,1.976108,0.316097,0.141792,-0.079295,-0.090764
0.375081,2.548396,0.046532,-0.133862,0.256550,-1.470236,0.578987,1.944324,0.161519,0.215253,-0.004576,-0.056808
0.192070,2.391931,0.039184,-0.077773,0.313652,-1.150388,0.937128,1.945437,-0.081966,0.265902,0.048742,-0.043281
0.106369,2.133173,0.024102,-0.061477,0.365078,-0.742202,1.360693,1.964890,-0.409926,0.286271,0.083779,-0.042220
0.159036,1.799482,0.006290,-0.087125,0.403445,-0.366913,1.768010,1.981484,-0.816566,0.274806,0.101324,-0.046189
0.367106,1.458711,-0.007080,-0.145433,0.419468,-0.088761,2.084574,1.972136,-1.241371,0.236412,0.100406,-0.048901
0.711892,1.184912,-0.011273,-0.218720,0.402701,0.079989,2.260954,1.921049,-1.565097,0.181288,0.076308,-0.048633
1.131417,1.019263,-0.008737,-0.288187,0.346850,0.128717,2.275221,1.824832,-1.681321,0.119979,0.023371,-0.050273
1.530790,0.947288,-0.010780,-0.341249,0.255148,0.078264,2.123730,1.689431,-1.555195,0.060044,-0.058544,-0.061172
1.813136,0.911073,-0.033713,-0.376061,0.141123,-0.014501,1.820753,1.525897,-1.222948,0.007765,-0.165068,-0.087159
1.908077,0.846102,-0.089091,-0.397523,0.025390,-0.098428,1.402337,1.346375,-0.795804,-0.032066,-0.286572,-0.130997
1.783800,0.707670,-0.177676,-0.409924,-0.070185,-0.152653,0.913918,1.158147,-0.400968,-0.057198,-0.401719,-0.190750
1.456160,0.488974,-0.287971,-0.414691,-0.130734,-0.176661,0.405438,0.966296,-0.109193,-0.067560,-0.482994,-0.258755
0.986425,0.232224,-0.397750,-0.410954,-0.151514,-0.187855,-0.063789,0.781698,0.063563,-0.065177,-0.512293,-0.324067
0.464116,0.013261,-0.477328,-0.395135,-0.136478,-0.195265,-0.434731,0.621743,0.109361,-0.054906,-0.487184,-0.373628
-0.018140,-0.104048,-0.503812,-0.363992,-0.095785,-0.187383,-0.669593,0.503774,0.059446,-0.041585,-0.418763,-0.393183
-0.389375,-0.105788,-0.475337,-0.317989,-0.042739,-0.153302,-0.760774,0.440823,-0.018745,-0.028735,-0.328621,-0.373570
-0.623863,-0.037218,-0.416353,-0.262506,0.012221,-0.108233,-0.736592,0.435983,-0.070277,-0.020039,-0.239338,-0.316988
-0.740755,0.015767,-0.367190,-0.211463,0.063504,-0.075134,-0.656669,0.477683,-0.078668,-0.019729,-0.164933,-0.235917
-0.780746,-0.025784,-0.364904,-0.184966,0.109740,-0.065862,-0.583020,0.541131,-0.055798,-0.029136,-0.112922,-0.148947
-0.783690,-0.183342,-0.421900,-0.195740,0.152027,-0.082549,-0.551305,0.594097,-0.038266,-0.043720,-0.086034,-0.074491
-0.783035,-0.419736,-0.520180,-0.242463,0.188285,-0.123938,-0.573399,0.602252,-0.051999,-0.054278,-0.078740,-0.023515
-0.803390,-0.673504,-0.622462,-0.317543,0.206591,-0.185409,-0.649259,0.541068,-0.092627,-0.053118,-0.080635,0.002167
-0.860886,-0.879311,-0.691674,-0.411728,0.192213,-0.257957,-0.769958,0.407573,-0.142767,-0.038699,-0.084121,0.006246
-0.959881,-0.982524,-0.701307,-0.513541,0.138795,-0.327763,-0.923952,0.219573,-0.195331,-0.016519,-0.086620,-0.007669
-1.089970,-0.962197,-0.644806,-0.611839,0.051955,-0.380621,-1.104216,0.005412,-0.239659,0.004925,-0.089063,-0.038168
-1.230760,-0.837891,-0.539101,-0.696819,-0.050798,-0.403169,-1.307149,-0.204731,-0.260570,0.019112,-0.093762,-0.086177
-1.365978,-0.656012,-0.418049,-0.758808,-0.141069,-0.387722,-1.530153,-0.387023,-0.251917,0.024077,-0.101460,-0.152844
-1.488838,-0.472288,-0.315295,-0.793860,-0.191075,-0.339080,-1.769121,-0.529832,-0.221804,0.019957,-0.109773,-0.237889
-1.600537,-0.322510,-0.250336,-0.805416,-0.184444,-0.270030,-2.010554,-0.632379,-0.187813,0.008063,-0.114837,-0.335091
-1.709005,-0.194362,-0.220995,-0.796139,-0.116825,-0.194091,-2.228280,-0.699981,-0.172170,-0.007232,-0.112405,-0.429025
-1.831571,-0.043538,-0.209460,-0.766006,0.003398,-0.124647,-2.392609,-0.741773,-0.190121,-0.020021,-0.098772,-0.497942
-1.992225,0.160358,-0.195939,-0.720517,0.151163,-0.073614,-2.484732,-0.767041,-0.246488,-0.029381,-0.074154,-0.526959
-2.212383,0.416588,-0.171718,-0.671641,0.292844,-0.045845,-2.500584,-0.779511,-0.333933,-0.040336,-0.045081,-0.516767
-2.494797,0.703277,-0.138350,-0.631827,0.398597,-0.038756,-2.447697,-0.777951,-0.433201,-0.060995,-0.023066,-0.486230
-2.814488,0.991111,-0.102627,-0.609469,0.447552,-0.044906,-2.340891,-0.761341,-0.519327,-0.097790,-0.020398,-0.463350
-3.125757,1.260279,-0.072165,-0.605712,0.433487,-0.052892,-2.197909,-0.730864,-0.571366,-0.149889,-0.044202,-0.468115
-3.379464,1.506968,-0.052788,-0.612593,0.371532,-0.052689,-2.033909,-0.689770,-0.578171,-0.206926,-0.093243,-0.499216
-3.535477,1.733846,-0.045899,-0.617440,0.291447,-0.043209,-1.861030,-0.643973,-0.540113,-0.254892,-0.157496,-0.539770
-3.570383,1.949270,-0.049074,-0.607997,0.225204,-0.029177,-1.689892,-0.599146,-0.467917,-0.281151,-0.219484,-0.566609
-3.482181,2.173731,-0.056729,-0.574301,0.201652,-0.013830,-1.527244,-0.556978,-0.378327,-0.276578,-0.259304,-0.558782
-3.291545,2.426287,-0.063066,-0.512364,0.239779,0.001376,-1.370976,-0.514461,-0.287695,-0.239369,-0.263224,-0.505126
-3.035243,2.701514,-0.065012,-0.430362,0.336451,0.014352,-1.212769,-0.465382,-0.208430,-0.178060,-0.228967,-0.410491
-2.750723,2.963908,-0.063878,-0.347564,0.465324,0.022369,-1.041851,-0.401761,-0.147519,-0.106589,-0.165955,-0.292817
-2.459497,3.160366,-0.062474,-0.286249,0.587018,0.021226,-0.846732,-0.317781,-0.105192,-0.039701,-0.091897,-0.178986
-2.163777,3.242187,-0.062136,-0.264190,0.659810,0.006069,-0.620887,-0.213492,-0.076180,0.010108,-0.027054,-0.094866
-1.858181,3.190599,-0.062390,-0.289530,0.653631,-0.023855,-0.368921,-0.095453,-0.053858,0.037368,0.013848,-0.051314
-1.541585,3.024301,-0.062568,-0.355887,0.566322,-0.064702,-0.104860,0.024719,-0.033345,0.045629,0.026094,-0.038516
-1.221948,2.787764,-0.062517,-0.442724,0.424304,-0.112472,0.150139,0.132673,-0.011902,0.042478,0.014442,-0.038310
-0.918146,2.538107,-0.062490,-0.523282,0.268765,-0.161391,0.370389,0.216481,0.010689,0.035891,-0.010448,-0.036376
-0.658544,2.334052,-0.062500,-0.574240,0.143420,-0.200965,0.534122,0.270444,0.031355,0.032416,-0.036153,-0.027940
-0.472703,2.218531,-0.062504,-0.584038,0.084129,-0.220695,0.634536,0.296652,0.045083,0.034248,-0.053376,-0.017948
-0.379985,2.204332,-0.062498,-0.558618,0.104820,-0.215964,0.685196,0.304313,0.047741,0.038571,-0.058667,-0.018548
-0.377045,2.267585,-0.062501,-0.518489,0.192566,-0.189251,0.717647,0.305371,0.037907,0.040967,-0.054691,-0.045267
-0.432008,2.354261,-0.062500,-0.489434,0.315713,-0.149771,0.768965,0.308890,0.017669,0.036903,-0.048259,-0.114614
-0.494869,2.403084,-0.062500,-0.495424,0.434941,-0.109859,0.863455,0.317899,-0.007883,0.023242,-0.047792,-0.235763
-0.519405,2.376322,-0.062500,-0.551576,0.514832,-0.077882,1.002620,0.329617,-0.032681,0.000782,-0.060453,-0.403267
-0.480048,2.270971,-0.062500,-0.656106,0.538878,-0.056800,1.168232,0.335904,-0.052246,-0.026623,-0.089933,-0.601828
-0.373610,2.119160,-0.062500,-0.789303,0.512999,-0.047468,1.334330,0.335619,-0.064672,-0.054837,-0.135868,-0.812036
-0.213216,1.978042,-0.062500,-0.922533,0.455127,-0.048190,1.479906,0.340754,-0.070047,-0.080860,-0.194278,-1.008924
-0.021697,1.903727,-0.062500,-1.028223,0.387722,-0.054762,1.593612,0.359632,-0.069997,-0.104717,-0.258226,-1.170377
0.180471,1.935482,-0.062500,-1.088979,0.333144,-0.062525,1.675520,0.393138,-0.067123,-0.130880,-0.320037,-1.288553
0.389812,2.102999,-0.062500,-1.104571,0.302053,-0.066105,1.745450,0.463671,-0.063935,-0.164837,-0.373849,-1.363000
0.613128,2.408173,-0.062500,-1.089777,0.291325,-0.062693,1.836558,0.604004,-0.061951,-0.209309,-0.414677,-1.394291
0.840536,2.798338,-0.062500,-1.065017,0.297742,-0.056406,1.969095,0.810561,-0.061412,-0.263657,-0.437241,-1.389271
1.026144,3.183356,-0.062500,-1.051750,0.325537,-0.055172,2.134451,1.023415,-0.061803,-0.325612,-0.437105,-1.358573
1.103504,3.482861,-0.062500,-1.068523,0.379937,-0.064781,2.307707,1.159200,-0.062893,-0.391736,-0.412455,-1.309498
1.029007,3.658314,-0.062500,-1.124971,0.461649,-0.085912,2.469179,1.159465,-0.063836,-0.459096,-0.365553,-1.255566
0.837144,3.750118,-0.062500,-1.220228,0.559150,-0.111727,2.626835,1.063975,-0.062958,-0.523789,-0.304353,-1.210477
0.655797,3.900063,-0.062500,-1.343511,0.640487,-0.125990,2.818062,1.033791,-0.059281,-0.581977,-0.239827,-1.165432
0.664637,4.313328,-0.062502,-1.471402,0.663499,-0.108336,3.086653,1.284293,-0.054283,-0.631849,-0.182964,-1.095347
1.031272,5.209390,-0.062489,-1.569540,0.593480,-0.041648,3.461938,2.022767,-0.053553,-0.672372,-0.144608,-0.982897
1.858035,6.774897,-0.062532,-1.605664,0.410516,0.083106,3.968336,3.440933,-0.068224,-0.700293,-0.133194,-0.814334
3.120266,9.079153,-0.062449,-1.557205,0.124151,0.262140,4.614953,5.628582,-0.104152,-0.712570,-0.149576,-0.586810
4.643201,11.964621,-0.062492,-1.417940,-0.212637,0.475703,5.380838,8.470865,-0.148860,-0.715215,-0.188983,-0.329933
6.123763,15.038101,-0.062739,-1.213376,-0.521308,0.691308,6.210200,11.659966,-0.173885,-0.735912,-0.245936,-0.097700
7.237710,17.810315,-0.062022,-1.000564,-0.733230,0.863380,7.041200,14.802259,-0.143184,-0.811211,-0.314495,0.057214
7.798938,19.895029,-0.061916,-0.843861,-0.809775,0.946546,7.831218,17.531163,-0.015966,-0.955701,-0.389951,0.090191
7.844424,21.108762,-0.064813,-0.799210,-0.752568,0.911480,8.568289,19.624717,0.234158,-1.149543,-0.468798,-0.017042
7.545168,21.506139,-0.065210,-0.899728,-0.602182,0.754882,9.227242,21.041497,0.594505,-1.355624,-0.543326,-0.231282
7.099622,21.336881,-0.057380,-1.145869,-0.416551,0.505162,9.748166,21.842449,1.007228,-1.540034,-0.602847,-0.477308
6.678401,20.958886,-0.049847,-1.505547,-0.245033,0.219475,10.047847,22.136571,1.380204,-1.678605,-0.636956,-0.672870
6.393331,20.761695,-0.054957,-1.910262,-0.116310,-0.045906,10.082544,22.116583,1.610780,-1.745450,-0.628386,-0.758590
6.283902,21.149572,-0.073212,-2.248335,-0.034674,-0.247869,9.853742,22.039095,1.641631,-1.705280,-0.561642,-0.719502
6.327115,22.394749,-0.100466,-2.395078,0.003284,-0.356013,9.354190,22.168608,1.498197,-1.519702,-0.449428,-0.590431
6.312214,24.529228,-0.132407,-2.244501,-0.010888,-0.358179,8.422310,22.783238,1.264467,-1.149291,-0.338249,-0.430458
5.820557,27.480522,-0.155803,-1.713455,-0.089675,-0.276046,6.729084,24.147522,1.046398,-0.535377,-0.274810,-0.286987
4.410991,31.251124,-0.150319,-0.746974,-0.217641,-0.143783,3.919326,26.407166,0.951338,0.404741,-0.272832,-0.169030
1.684092,35.825815,-0.082223,0.671790,-0.338056,0.007129,-0.219785,29.537138,1.033931,1.751490,-0.294940,-0.062974
-2.796501,41.089330,0.106215,2.524303,-0.362609,0.150834,-5.686107,33.352855,1.258721,3.522143,-0.258765,0.039577
-9.291053,46.787661,0.448722,4.714655,-0.207312,0.283224,-12.151440,37.502682,1.519812,5.603306,-0.076924,0.144067
-17.580639,52.463009,0.902255,7.036654,0.171343,0.428813,-18.955555,41.513701,1.679083,7.751698,0.295870,0.261652
-26.861237,57.491911,1.383370,9.233508,0.756526,0.586116,-25.159802,44.919561,1.615638,9.677947,0.850268,0.384686
-35.756678,61.282278,1.820120,11.057764,1.464536,0.717159,-29.699799,47.329215,1.307021,11.103833,1.503375,0.499134
-42.534883,63.310777,2.138714,12.281443,2.138701,0.782961,-31.696513,48.455234,0.853650,11.806674,2.096372,0.592376
-45.726437,63.164882,2.266043,12.752927,2.592005,0.762284,-30.897394,48.199008,0.412647,11.697692,2.465562,0.642191
-44.574190,60.801354,2.166499,12.446906,2.685241,0.648434,-27.763456,46.654492,0.137824,10.855707,2.513816,0.648312
-39.048382,56.673787,1.858001,11.433397,2.394429,0.471102,-23.151319,43.986032,0.167285,9.472536,2.221336,0.674107
-29.914665,51.530709,1.420631,9.877564,1.821591,0.285224,-17.949939,40.426086,0.577828,7.813806,1.664027,0.768465
-18.735224,46.213007,1.001832,8.037824,1.147638,0.136653,-12.821887,36.355174,1.345363,6.144611,1.014192,0.891922
-7.332096,41.446577,0.729890,6.148422,0.545233,0.058479,-7.962687,32.233865,2.361179,4.618380,0.459931,0.964322
2.816564,37.597072,0.631971,4.328376,0.120189,0.080015,-3.162587,28.474834,3.459062,3.258407,0.143378,0.918390
10.798842,34.659898,0.675754,2.628531,-0.095970,0.185975,1.863565,25.416364,4.439383,2.036639,0.143842,0.694470
16.368050,32.420343,0.828549,1.059581,-0.128094,0.314717,7.187642,23.242266,5.144974,0.890548,0.429075,0.292395
19.867372,30.561448,1.020950,-0.396763,-0.048186,0.405559,12.454571,21.903790,5.524632,-0.239167,0.848264,-0.215679
21.778299,28.782443,1.150605,-1.726254,0.052005,0.423007,16.783833,21.221264,5.585456,-1.326793,1.242541,-0.748556
22.352906,26.983694,1.137855,-2.874080,0.102689,0.357539,19.037909,21.005985,5.308660,-2.261876,1.458693,-1.210123
21.719414,25.238531,0.960481,-3.823023,0.083754,0.236329,18.481532,21.006916,4.683135,-2.959288,1.314996,-1.479646
19.991483,23.636528,0.668186,-4.585076,0.016640,0.107226,15.265187,20.936238,3.772814,-3.395840,0.696618,-1.517788
17.303503,22.191340,0.384569,-5.169774,-0.067311,0.000054,10.484973,20.569877,2.714761,-3.624121,-0.335834,-1.434365
14.025133,20.798770,0.218900,-5.609354,-0.142322,-0.080037,5.905834,19.704443,1.706761,-3.774925,-1.588140,-1.394307
10.897294,19.222475,0.198255,-5.964168,-0.184463,-0.130222,3.375840,18.103952,0.981821,-4.004383,-2.756265,-1.511764
8.684042,17.248486,0.300125,-6.259719,-0.172049,-0.149659,3.943141,15.650220,0.711015,-4.406611,-3.519102,-1.826996
7.811403,14.805803,0.496968,-6.488986,-0.079017,-0.145652,7.386141,12.406862,0.953897,-5.001455,-3.693388,-2.267267
8.286117,12.003519,0.731292,-6.621811,0.124859,-0.109121,12.390602,8.552926,1.687686,-5.709244,-3.279901,-2.628323
9.674960,9.099905,0.928215,-6.586806,0.445401,-0.008982,17.115110,4.415138,2.756447,-6.342897,-2.379292,-2.684063
11.104794,6.424522,1.031914,-6.281713,0.852918,0.180383,19.782710,0.505679,3.801805,-6.665112,-1.234913,-2.309506
11.684107,4.222877,1.025062,-5.684995,1.292030,0.447763,19.406364,-2.672491,4.413719,-6.522393,-0.196871,-1.533866
10.933230,2.577762,0.937728,-4.895895,1.679099,0.738347,16.126232,-4.805461,4.355404,-5.913174,0.452219,-0.517774
8.850938,1.431400,0.839421,-4.081627,1.904752,0.974327,10.925968,-5.807055,3.637623,-4.979492,0.623246,0.493636
5.828967,0.663139,0.779631,-3.400128,1.884273,1.110494,5.091975,-5.834246,2.495975,-3.949159,0.400486,1.248299
2.557519,0.136269,0.767599,-2.992353,1.599301,1.143139,-0.166808,-5.239190,1.303032,-3.094896,0.037868,1.590798
-0.410782,-0.243925,0.802454,-2.949124,1.092107,1.064268,-4.241740,-4.346796,0.382134,-2.682030,-0.189857,1.464186
-3.004178,-0.505037,0.889835,-3.335853,0.469868,0.835681,-7.315754,-3.324087,-0.104053,-2.932764,-0.121783,0.852519
-5.475719,-0.599113,1.021514,-4.219618,-0.100426,0.429203,-9.990755,-2.208444,-0.133726,-3.974221,0.286806,-0.180929
-8.080372,-0.452874,1.161842,-5.617986,-0.462016,-0.159301,-12.801874,-0.920575,0.185407,-5.787432,0.988416,-1.498899
-11.002949,-0.020713,1.250573,-7.405495,-0.524496,-0.924338,-16.098146,0.756203,0.615804,-8.162625,1.782751,-3.010688
-14.232349,0.694234,1.230645,-9.401359,-0.275178,-1.860623,-19.875570,3.043153,0.905784,-10.740555,2.428364,-4.683894
-17.486330,1.646325,1.089211,-11.432212,0.202965,-2.942163,-23.731348,5.998566,0.923575,-13.104656,2.770009,-6.396393
-20.371837,2.766176,0.875653,-13.297482,0.742016,-4.069503,-27.112162,9.449656,0.702110,-14.862663,2.758783,-7.900052
-22.556064,4.004141,0.675301,-14.740933,1.161330,-5.015335,-29.583956,13.032675,0.392613,-15.718678,2.432090,-8.947905
-23.779763,5.304178,0.580946,-15.515049,1.337282,-5.526011,-30.834026,16.248485,0.171162,-15.559726,1.919412,-9.328491
-23.978927,6.578143,0.664922,-15.399689,1.230295,-5.485019,-30.773619,18.591153,0.150348,-14.468393,1.335185,-8.921434
-23.357936,7.739919,0.943119,-14.304407,0.903050,-4.938256,-29.566454,19.677702,0.363034,-12.689351,0.759358,-7.820455
-22.219842,8.723379,1.362893,-12.371711,0.496679,-4.024386,-27.450151,19.335724,0.768541,-10.571165,0.292724,-6.261449
-20.740246,9.416382,1.831652,-9.901753,0.153681,-2.940263,-24.617477,17.625502,1.272150,-8.445666,0.027241,-4.481933
-18.949640,9.681347,2.255413,-7.186700,-0.032782,-1.892523,-21.312153,14.884056,1.744189,-6.506211,-0.037416,-2.768616
-16.814253,9.422781,2.561746,-4.524575,-0.020693,-1.044493,-17.800113,11.613410,2.048869,-4.807005,0.069853,-1.425290
-14.330132,8.617899,2.708733,-2.212765,0.178491,-0.491538,-14.283329,8.253485,2.089501,-3.331535,0.332570,-0.571711
-11.604214,7.304722,2.701615,-0.463031,0.516939,-0.230910,-10.920165,5.059579,1.867273,-2.035285,0.708733,-0.081637
-8.843288,5.551479,2.592232,0.657228,0.941567,-0.127339,-7.878598,2.115168,1.468605,-0.876842,1.109189,0.256553
-6.239586,3.323237,2.463558,1.237832,1.411846,0.012028,-5.310527,-0.747820,1.013786,0.161386,1.438808,0.658822
-3.948049,0.468585,2.408818,1.513210,1.905125,0.310874,-3.339768,-3.798688,0.621292,1.105350,1.611687,1.285665
-2.129551,-3.041774,2.483339,1.743848,2.416338,0.803234,-2.016118,-7.054594,0.382629,2.008368,1.587294,2.133873
-0.907224,-6.892257,2.664592,2.107763,2.928418,1.480215,-1.244570,-10.223917,0.323163,2.915606,1.394901,3.058538
-0.276338,-10.622951,2.902017,2.709730,3.386470,2.296368,-0.837136,-12.958983,0.415199,3.866471,1.117349,3.875493
-0.124298,-13.891973,3.170090,3.605883,3.712018,3.151220,-0.635768,-14.921887,0.594600,4.905263,0.836304,4.356625
-0.298712,-16.506835,3.435376,4.768255,3.839558,3.916881,-0.527945,-16.003165,0.764602,6.037935,0.612353,4.300989
-0.621543,-18.405172,3.611660,6.090889,3.737590,4.506042,-0.382484,-16.574833,0.825828,7.203345,0.473678,3.689387
-0.886322,-19.718253,3.607465,7.430000,3.419294,4.878287,-0.042419,-17.229101,0.737491,8.299598,0.407006,2.716015
-0.875362,-20.773927,3.397545,8.634023,2.935312,5.004605,0.626390,-18.355593,0.526706,9.220459,0.345130,1.651573
-0.358231,-22.062131,3.057432,9.606360,2.355618,4.891041,1.671400,-20.073528,0.272616,9.898479,0.210214,0.722972
0.779673,-24.027760,2.744815,10.319689,1.753096,4.569856,2.999878,-22.033347,0.064363,10.332375,-0.034367,0.051843
2.381379,-26.657043,2.588404,10.770934,1.197517,4.057482,4.388572,-23.394270,-0.054914,10.564271,-0.381040,-0.352069
4.109306,-29.289534,2.571454,10.970730,0.738953,3.410977,5.613483,-23.470538,-0.104114,10.640896,-0.805543,-0.540576
5.649355,-31.046815,2.590861,10.970825,0.395937,2.769241,6.523230,-22.291021,-0.115369,10.620070,-1.231201,-0.557573
6.723330,-31.323199,2.578252,10.863889,0.166386,2.258311,6.994616,-20.481090,-0.124371,10.583870,-1.537924,-0.425073
7.123811,-29.857466,2.492164,10.775950,0.047438,1.968161,6.952092,-19.191493,-0.186974,10.620235,-1.631597,-0.149495
6.847906,-26.797703,2.279188,10.837461,0.032512,2.018967,6.462966,-19.838973,-0.366234,10.797763,-1.489402,0.276438
6.105162,-22.746610,1.908477,11.113900,0.102374,2.466185,5.721529,-23.243044,-0.697134,11.131314,-1.148797,0.872830
5.190610,-18.631877,1.409675,11.555019,0.226313,3.183735,4.963386,-29.118363,-1.175574,11.555941,-0.713959,1.607623
4.439943,-15.520428,0.866926,12.012854,0.366506,3.965205,4.410064,-36.260334,-1.737559,11.932301,-0.312122,2.317490
4.078317,-14.320237,0.397537,12.253895,0.473407,4.600083,4.169753,-42.810231,-2.277028,12.058445,-0.020528,2.753735
4.050285,-15.342033,0.078339,11.989663,0.494855,4.847119,4.153644,-46.960126,-2.713018,11.697059,0.137961,2.719005
4.157023,-18.201181,-0.118710,10.990655,0.388797,4.553357,4.215168,-47.848672,-3.002927,10.666652,0.137640,2.147305
4.301140,-22.037407,-0.270295,9.191446,0.128823,3.768515,4.307042,-45.674037,-3.092237,8.932555,-0.020584,1.118383
4.408152,-25.829293,-0.396064,6.725002,-0.267248,2.656692,4.397966,-41.275515,-2.930536,6.641352,-0.277729,-0.164806
4.338501,-28.620113,-0.476565,3.912901,-0.729295,1.425968,4.385749,-35.865934,-2.518563,4.093668,-0.559380,-1.465029
3.964074,-29.783771,-0.497299,1.190522,-1.177877,0.322633,4.150634,-30.645566,-1.914571,1.669578,-0.822798,-2.579511
3.208183,-29.123870,-0.454321,-1.043322,-1.541515,-0.481430,3.586871,-26.331586,-1.226203,-0.291876,-1.044635,-3.335140
2.032186,-26.901195,-0.349336,-2.543465,-1.737272,-0.958104,2.637238,-23.127062,-0.593807,-1.586247,-1.210869,-3.626404
0.520099,-23.723469,-0.196974,-3.249674,-1.712673,-1.135702,1.361182,-20.813658,-0.123280,-2.173296,-1.304181,-3.489230
-1.170505,-20.184714,-0.007366,-3.271636,-1.498717,-1.064191,-0.124470,-18.784840,0.152445,-2.160158,-1.293080,-3.054906
-2.966597,-16.571345,0.212896,-2.841064,-1.191939,-0.852017,-1.784063,-16.505591,0.231931,-1.760529,-1.157377,-2.461134
-4.851846,-13.046923,0.455800,-2.211265,-0.892559,-0.601199,-3.622960,-13.878452,0.129111,-1.209852,-0.933120,-1.826634
-6.713811,-9.742075,0.708596,-1.587148,-0.667435,-0.344111,-5.556017,-11.021437,-0.095357,-0.690415,-0.684479,-1.243279
-8.376135,-6.720987,0.963125,-1.099148,-0.495113,-0.086891,-7.403911,-8.104632,-0.354848,-0.299559,-0.445097,-0.759489
-9.684844,-4.054966,1.196225,-0.789894,-0.278517,0.154449,-8.962957,-5.373465,-0.576292,-0.057341,-0.220638,-0.404058
-10.520162,-1.871093,1.370295,-0.632354,0.069297,0.356222,-10.043920,-3.051818,-0.708992,0.066677,-0.015518,-0.189119
-10.796413,-0.252479,1.447521,-0.589932,0.592695,0.478594,-10.513237,-1.277972,-0.736598,0.113673,0.172596,-0.084705
-10.457723,0.782604,1.404444,-0.640560,1.317155,0.489288,-10.286273,-0.120435,-0.679509,0.113362,0.354769,-0.039273
-9.448143,1.304206,1.236693,-0.759219,2.177453,0.408804,-9.316462,0.496984,-0.565437,0.085081,0.534657,-0.026508
-7.757430,1.530798,0.966697,-0.907328,2.991966,0.298356,-7.650018,0.803167,-0.415560,0.046273,0.704490,-0.031908
-5.518227,1.739592,0.640096,-1.041016,3.548393,0.212953,-5.503435,1.005491,-0.260752,0.007767,0.841790,-0.038025
-2.986432,2.051864,0.323062,-1.114197,3.703776,0.186384,-3.210371,1.209811,-0.135674,-0.027484,0.903913,-0.038867
-0.413911,2.448806,0.075622,-1.097309,3.422550,0.233529,-1.074015,1.503350,-0.055095,-0.056906,0.854040,-0.042003
2.024582,2.891501,-0.075238,-0.997599,2.812164,0.343394,0.748566,1.930024,-0.017771,-0.078618,0.697735,-0.054227
4.211986,3.318320,-0.139577,-0.851539,2.063575,0.478274,2.236707,2.458617,-0.016383,-0.098163,0.472926,-0.079830
6.051376,3.663401,-0.144400,-0.704141,1.335257,0.584437,3.439347,3.044635,-0.034476,-0.124366,0.221548,-0.118690
7.451147,3.922754,-0.118933,-0.598361,0.721571,0.620266,4.415370,3.655756,-0.053908,-0.157310,-0.016355,-0.163677
8.355053,4.138293,-0.087317,-0.558946,0.299388,0.585742,5.222710,4.252098,-0.065230,-0.184883,-0.201562,-0.202192
8.768145,4.332547,-0.063836,-0.574766,0.085890,0.524004,5.899943,4.773589,-0.067622,-0.187682,-0.306605,-0.222063
8.754017,4.479189,-0.053070,-0.602809,0.019279,0.492589,6.448854,5.143971,-0.064973,-0.147550,-0.324690,-0.213794
8.403638,4.525889,-0.054460,-0.595716,0.011668,0.532137,6.824062,5.309207,-0.062247,-0.062098,-0.275833,-0.178818
7.812604,4.435407,-0.061045,-0.529428,-0.001617,0.648375,6.958445,5.264570,-0.061787,0.045869,-0.204391,-0.134188
7.067456,4.203315,-0.064516,-0.417021,-0.054870,0.815658,6.807006,5.058642,-0.062464,0.139243,-0.157160,-0.103763
6.239301,3.866190,-0.063910,-0.303574,-0.140147,0.990682,6.378781,4.778813,-0.062585,0.181109,-0.160046,-0.104362
5.372630,3.485044,-0.062674,-0.243165,-0.232717,1.124389,5.726952,4.522333,-0.062445,0.142250,-0.216730,-0.141566
4.479549,3.117004,-0.061234,-0.274665,-0.317553,1.169754,4.930191,4.363165,-0.062590,0.014300,-0.311612,-0.209996
3.546927,2.804570,-0.059045,-0.410105,-0.374763,1.099545,4.067166,4.326892,-0.062669,-0.178350,-0.406210,-0.293169
2.563305,2.582865,-0.059292,-0.633297,-0.354520,0.922065,3.195054,4.386356,-0.062322,-0.387719,-0.448315,-0.363753
1.535431,2.473875,-0.065532,-0.901711,-0.215549,0.676654,2.342569,4.482851,-0.061824,-0.563205,-0.397644,-0.395215
0.496827,2.479054,-0.077180,-1.159141,0.041351,0.419457,1.519500,4.557192,-0.061870,-0.667723,-0.244565,-0.375400
-0.489575,2.579665,-0.088523,-1.357351,0.378887,0.206926,0.724898,4.571794,-0.063016,-0.689880,-0.014519,-0.311432
-1.342247,2.751198,-0.091367,-1.470513,0.735319,0.076368,-0.035568,4.527151,-0.065080,-0.643684,0.236252,-0.225569
-1.988638,2.972975,-0.078717,-1.494299,1.034949,0.038742,-0.732405,4.459439,-0.067003,-0.551444,0.442279,-0.143472
-2.388887,3.227577,-0.044968,-1.436311,1.216030,0.087205,-1.320860,4.413881,-0.067006,-0.430060,0.560894,-0.080236
-2.539534,3.496839,0.016165,-1.304605,1.248457,0.196735,-1.753096,4.425930,-0.063673,-0.290056,0.583965,-0.041068
-2.466387,3.772458,0.105931,-1.105481,1.140995,0.322269,-1.976909,4.526155,-0.056682,-0.132458,0.532054,-0.029835
-2.219904,4.055413,0.213482,-0.849146,0.943200,0.415363,-1.957480,4.726409,-0.046367,0.049963,0.450645,-0.044181
-1.871898,4.341391,0.321216,-0.558720,0.736344,0.449611,-1.705253,4.993556,-0.034013,0.253761,0.393621,-0.066941
-1.506921,4.603485,0.412057,-0.275340,0.602109,0.426402,-1.267593,5.249445,-0.022623,0.447123,0.393429,-0.075321
-1.205543,4.811173,0.473702,-0.050560,0.593466,0.371022,-0.713018,5.416676,-0.015815,0.578756,0.449601,-0.053040
-1.019491,4.959427,0.509566,0.073237,0.720245,0.319518,-0.121832,5.472136,-0.015815,0.602375,0.537009,0.005390
-0.947315,5.095059,0.529490,0.072821,0.944333,0.296086,0.443361,5.479250,-0.022623,0.495602,0.609472,0.081076
-0.931236,5.316626,0.525161,-0.061038,1.192175,0.298617,0.955712,5.567182,-0.034013,0.265987,0.613264,0.124734
-0.892049,5.750269,0.479952,-0.327018,1.381178,0.312244,1.401036,5.873437,-0.046367,-0.056810,0.512861,0.071288
-0.766342,6.527940,0.401318,-0.706601,1.437653,0.320256,1.760482,6.514460,-0.056682,-0.429987,0.299285,-0.142023
-0.528932,7.787257,0.325931,-1.157496,1.314046,0.303290,2.017490,7.600948,-0.063673,-0.799038,-0.015345,-0.557410
-0.208234,9.629628,0.305551,-1.605328,1.012098,0.241819,2.151870,9.218639,-0.067006,-1.096739,-0.389319,-1.161744
0.108322,12.064849,0.382126,-1.947471,0.586504,0.128299,2.137782,11.377701,-0.067003,-1.250462,-0.756879,-1.870999
0.310347,14.988862,0.522718,-2.082176,0.122732,-0.027583,1.969790,13.986434,-0.065080,-1.200115,-1.054792,-2.551140
0.306240,18.231215,0.585856,-1.927882,-0.289880,-0.197188,1.667905,16.887996,-0.063016,-0.907543,-1.235578,-3.048469
0.054637,21.613167,0.390706,-1.424807,-0.580253,-0.332945,1.265681,19.924124,-0.061871,-0.349206,-1.267429,-3.218441
-0.407282,24.972419,-0.201193,-0.561121,-0.713486,-0.383015,0.806624,22.961625,-0.061820,0.471910,-1.149620,-2.983214
-0.938956,28.156672,-1.230419,0.593609,-0.691062,-0.315973,0.340784,25.868021,-0.062333,1.500398,-0.916229,-2.370251
-1.332245,31.011532,-2.572407,1.896866,-0.537830,-0.122875,-0.064636,28.494936,-0.062649,2.620121,-0.619737,-1.497543
-1.362463,33.390298,-3.956828,3.168942,-0.291472,0.194051,-0.306873,30.708910,-0.062610,3.687046,-0.317290,-0.529694
-0.863101,35.220124,-5.088566,4.248564,0.003548,0.605368,-0.305556,32.445284,-0.062423,4.585155,-0.059775,0.361399
0.170640,36.532800,-5.741333,5.062027,0.303432,1.028178,-0.078164,33.729008,-0.062523,5.272852,0.125285,1.033998
1.512533,37.426143,-5.815085,5.640482,0.566509,1.346339,0.259435,34.641864,-0.062578,5.788661,0.229883,1.394618
2.790620,38.021417,-5.420812,6.063000,0.752874,1.467893,0.540910,35.258452,-0.062252,6.224093,0.251030,1.414119
3.627330,38.457632,-4.862588,6.425404,0.829753,1.357279,0.577184,35.613745,-0.062340,6.684124,0.193868,1.141632
3.745672,38.861166,-4.471723,6.835219,0.786104,1.047158,0.209866,35.719310,-0.063688,7.256712,0.083848,0.705400
3.023424,39.299029,-4.474179,7.367475,0.647558,0.640499,-0.674079,35.582371,-0.063490,7.966502,-0.036305,0.269532
1.503206,39.766928,-4.913336,8.015792,0.475879,0.276481,-2.139978,35.206651,-0.059199,8.748976,-0.115450,-0.014503
-0.624837,40.182244,-5.609722,8.701547,0.349090,0.088182,-4.079042,34.624233,-0.055984,9.462913,-0.108052,-0.040015
-2.952550,40.390097,-6.330005,9.293144,0.336579,0.190607,-6.071117,33.945356,-0.062013,9.947788,0.009130,0.242176
-4.881316,40.250125,-6.990663,9.645581,0.476794,0.651511,-7.540732,33.323920,-0.076266,10.095679,0.235479,0.813589
-5.887933,39.694647,-7.617750,9.658157,0.756303,1.431094,-8.025810,32.847431,-0.086722,9.888179,0.551544,1.584918
-5.775982,38.735834,-8.233557,9.292922,1.099351,2.374592,-7.348411,32.530390,-0.078325,9.366912,0.906221,2.389291
-4.678346,37.531082,-8.855964,8.552392,1.384735,3.277642,-5.680035,32.414331,-0.047606,8.620232,1.217507,3.024472
-2.977651,36.434337,-9.473511,7.513648,1.495916,3.939571,-3.536982,32.632650,-0.025196,7.776919,1.398691,3.321884
-1.215891,35.882015,-10.003142,6.348128,1.375604,4.197213,-1.583151,33.374994,-0.057687,6.974526,1.390399,3.204924
0.044992,36.240440,-10.333817,5.267648,1.057011,3.985429,-0.425629,34.816397,-0.141728,6.306940,1.184435,2.706233
0.298249,37.695666,-10.314069,4.451278,0.651963,3.366236,-0.496338,36.967140,-0.195524,5.811389,0.836784,1.965299
-0.786212,40.138091,-9.727396,4.008875,0.305821,2.508903,-1.873911,39.564763,-0.112170,5.461584,0.449346,1.182704
-3.021870,43.117470,-8.483510,3.939063,0.150329,1.659495,-4.047140,42.140079,0.199432,5.182764,0.153042,0.567609
-5.609972,45.988044,-6.740053,4.125536,0.275141,1.082406,-6.153193,44.114459,0.781362,4.898869,0.085437,0.297229
-7.602328,48.074251,-4.730497,4.377758,0.698268,0.950061,-7.472512,44.810872,1.602164,4.557361,0.343139,0.476247
-8.368492,48.839234,-2.644527,4.483582,1.340230,1.268207,-7.715551,43.697987,2.557936,4.087965,0.924023,1.071204
-7.727127,48.073120,-0.653059,4.255420,2.039151,1.903827,-6.947563,40.730241,3.482575,3.423102,1.710769,1.924823
-5.934830,45.953890,1.122504,3.607092,2.614682,2.647799,-5.449339,36.387035,4.134969,2.566386,2.479295,2.816572
-3.507679,42.858196,2.613997,2.575067,2.927143,3.251065,-3.412267,31.415341,4.316904,1.596905,2.975688,3.527182
-0.896911,39.152200,3.756277,1.266045,2.912599,3.514872,-0.790946,26.570141,4.028507,0.597163,3.033354,3.894174
1.604058,35.071887,4.544712,-0.200143,2.596944,3.368654,2.491708,22.317261,3.463042,-0.390336,2.641423,3.851742
3.801810,30.706492,5.075584,-1.710219,2.079000,2.851389,6.237306,18.696076,2.851326,-1.371548,1.912524,3.413294
5.748738,26.074763,5.417282,-3.168889,1.478567,2.078805,10.094643,15.526534,2.405215,-2.369716,1.035538,2.678225
7.713369,21.281843,5.564226,-4.485062,0.890592,1.247812,13.483829,12.662628,2.271044,-3.367835,0.186963,1.825605
9.763873,16.558093,5.534505,-5.565556,0.369602,0.570425,15.506822,9.976014,2.516601,-4.281455,-0.551931,1.042136
11.550124,12.204270,5.375160,-6.336975,-0.061312,0.169658,15.271593,7.405132,3.155661,-5.020078,-1.193511,0.423381
12.523324,8.499521,5.115171,-6.778935,-0.380922,0.045564,12.496242,5.047192,4.112021,-5.536655,-1.793917,-0.033605
12.214931,5.617320,4.783536,-6.920102,-0.530624,0.102262,7.661488,3.066040,5.113445,-5.804546,-2.426535,-0.416284
10.504469,3.535500,4.393469,-6.841842,-0.425264,0.158363,1.940132,1.539442,5.827385,-5.813952,-3.090146,-0.841210
7.762044,2.033644,3.928838,-6.690694,-0.011256,0.034184,-3.248855,0.445596,6.031134,-5.641803,-3.652411,-1.371783
4.648262,0.792656,3.379578,-6.637585,0.692790,-0.370980,-6.892391,-0.353230,5.618726,-5.457674,-3.919783,-2.000473
1.723487,-0.437225,2.744634,-6.794984,1.595704,-1.094814,-8.809230,-1.062158,4.555407,-5.434159,-3.748544,-2.678959
-0.657861,-1.731856,2.002558,-7.178811,2.524098,-2.095776,-9.365206,-1.780764,2.955399,-5.658549,-3.114295,-3.269455
-2.350108,-2.979510,1.159586,-7.707576,3.228412,-3.175296,-9.220185,-2.416672,1.066140,-6.093007,-2.164310,-3.569399
-3.480118,-3.963391,0.289162,-8.233335,3.466092,-4.050481,-9.099949,-2.808954,-0.766992,-6.578383,-1.158383,-3.441673
-4.359745,-4.491368,-0.498366,-8.614169,3.121614,-4.495681,-9.445913,-2.831778,-2.155852,-6.938926,-0.308696,-2.899955
-5.222408,-4.493435,-1.102287,-8.778770,2.273876,-4.422384,-10.159343,-2.426365,-2.840821,-7.093568,0.298181,-2.076430
-6.115593,-4.027634,-1.451586,-8.714054,1.193672,-3.881357,-10.777205,-1.629378,-2.868242,-7.034193,0.668603,-1.180356
-6.862096,-3.243537,-1.525071,-8.436834,0.224529,-3.047304,-10.684794,-0.555116,-2.453720,-6.756650,0.875933,-0.410774
-7.111476,-2.345162,-1.352970,-7.986267,-0.393115,-2.117056,-9.452159,0.657653,-1.813258,-6.287458,0.992942,0.115960
-6.575070,-1.512208,-1.021372,-7.396265,-0.593731,-1.244606,-7.119572,1.872789,-1.137190,-5.692701,1.029510,0.355087
-5.268282,-0.835562,-0.654693,-6.674013,-0.432644,-0.554482,-4.142826,2.974104,-0.589994,-5.036716,0.967080,0.290920
-3.447564,-0.307926,-0.359378,-5.845626,-0.041098,-0.135544,-1.038109,3.917266,-0.248306,-4.376423,0.783353,-0.016453
-1.450778,0.146027,-0.168636,-4.985061,0.392312,0.030868,1.772148,4.754220,-0.107669,-3.768564,0.449485,-0.440674
0.377382,0.638287,-0.054986,-4.185905,0.684969,0.039667,3.967265,5.597613,-0.087768,-3.245046,-0.006574,-0.868558
1.789189,1.251137,0.026637,-3.540138,0.733471,-0.007105,5.365912,6.542098,-0.066799,-2.833960,-0.457370,-1.254681
2.685610,2.021443,0.114150,-3.119679,0.544128,-0.066119,5.913689,7.614686,0.028149,-2.562856,-0.744088,-1.553129
3.034030,2.919403,0.235586,-2.911476,0.233076,-0.145865,5.660165,8.722449,0.146545,-2.392418,-0.762579,-1.695571
2.910659,3.811845,0.399047,-2.797495,-0.052343,-0.252336,4.823981,9.638458,0.189560,-2.192528,-0.509313,-1.629863
2.546482,4.465438,0.570613,-2.615643,-0.253379,-0.315124,3.723893,10.045558,0.083065,-1.826879,-0.110362,-1.381609
2.094572,4.685738,0.677741,-2.238814,-0.395997,-0.229891,2.548809,9.668700,-0.208625,-1.231300,0.246654,-1.044785
1.488754,4.401995,0.655435,-1.648428,-0.504115,0.035131,1.315111,8.381909,-0.686727,-0.472364,0.443929,-0.792084
0.584080,3.709301,0.496638,-1.002675,-0.561691,0.347965,-0.038523,6.308322,-1.281567,0.224828,0.459693,-0.791647
-0.721913,2.860710,0.263693,-0.612936,-0.536000,0.478402,-1.589590,3.842471,-1.837240,0.540132,0.319300,-1.094181
-2.457246,2.195979,0.068499,-0.821590,-0.398404,0.221293,-3.355746,1.539427,-2.135232,0.181740,0.078323,-1.606013
-4.438897,1.996053,0.028411,-1.875072,-0.154166,-0.507306,-5.164429,-0.090469,-1.975076,-1.024671,-0.194709,-2.191991
-6.309259,2.436571,0.230218,-3.841268,0.162833,-1.675173,-6.708752,-0.701027,-1.246354,-3.056125,-0.432581,-2.653994
-7.714844,3.521086,0.704687,-6.544069,0.528548,-3.114927,-7.639543,-0.214398,0.001494,-5.657734,-0.565813,-2.788828
-8.321332,5.014208,1.431820,-9.578136,0.926344,-4.544756,-7.582148,1.136260,1.557978,-8.409740,-0.541218,-2.556555
-7.813532,6.487739,2.347590,-12.422698,1.284029,-5.645944,-6.254979,2.898846,3.129421,-10.850396,-0.359648,-2.162100
-6.151753,7.531486,3.355447,-14.593049,1.499544,-6.214263,-3.739220,4.603065,4.450012,-12.595414,-0.057033,-1.930721
-3.644895,7.875546,4.353091,-15.767731,1.511300,-6.271073,-0.512942,5.881386,5.343822,-13.449945,0.338310,-2.224784
-0.773815,7.448920,5.274723,-15.866642,1.333160,-6.112556,2.739324,6.558604,5.770313,-13.444960,0.787837,-3.273287
1.955725,6.388243,6.072578,-15.052992,1.035873,-6.120783,5.366993,6.681783,5.828737,-12.781332,1.209736,-4.973195
4.119013,4.977748,6.677389,-13.661774,0.716850,-6.495243,6.984888,6.444739,5.705214,-11.746340,1.497957,-6.893526
5.527122,3.526219,6.984680,-12.087356,0.443959,-7.122664,7.604776,6.055766,5.576439,-10.628856,1.567344,-8.515100
6.192071,2.309413,6.861678,-10.683278,0.243188,-7.686907,7.486843,5.684808,5.552302,-9.629872,1.398283,-9.364536
6.207991,1.504096,6.183500,-9.681130,0.130758,-7.823355,6.947883,5.416728,5.657361,-8.829002,1.052570,-9.150251
5.734775,1.129907,4.990656,-9.140069,0.128442,-7.297826,6.291959,5.219237,5.858277,-8.209232,0.637374,-7.921795
4.983446,1.060642,3.581934,-8.957236,0.214856,-6.088996,5.738451,4.984889,6.112465,-7.693164,0.248930,-6.043874
4.099472,1.127713,2.386811,-8.938497,0.327706,-4.397332,5.314254,4.634059,6.402004,-7.192832,-0.050798,-3.992351
3.140666,1.179667,1.800007,-8.875003,0.410304,-2.574471,4.885350,4.138328,6.721144,-6.652944,-0.225435,-2.231527
2.135812,1.102115,2.090696,-8.585175,0.446048,-1.019013,4.272167,3.498965,7.044533,-6.041069,-0.266570,-1.079010
1.107245,0.831461,3.264902,-7.956841,0.456376,0.009378,3.349283,2.735002,7.308749,-5.332760,-0.195780,-0.562998
0.071575,0.373327,5.004511,-6.985267,0.487479,0.468562,2.111150,1.878830,7.425897,-4.525919,-0.054190,-0.468750
-0.944990,-0.231958,6.795753,-5.757846,0.567539,0.503920,0.692043,0.942200,7.293222,-3.638549,0.112522,-0.532206
-1.899057,-0.932796,8.072854,-4.400843,0.685840,0.349075,-0.703329,-0.087096,6.808946,-2.686609,0.269604,-0.549712
-2.719519,-1.698784,8.375574,-3.041528,0.816825,0.218801,-1.876996,-1.239802,5.932004,-1.689443,0.397953,-0.421222
-3.294129,-2.611724,7.613247,-1.766339,0.943914,0.217141,-2.660189,-2.620115,4.723451,-0.674728,0.480280,-0.184229
-3.470425,-3.927856,6.146173,-0.596078,1.035259,0.376512,-2.906591,-4.446875,3.319390,0.336392,0.496920,0.054680
-3.077403,-5.875611,4.492378,0.486635,1.045844,0.680337,-2.518973,-6.891374,1.887330,1.323311,0.439369,0.222951
-1.993663,-8.485008,3.073571,1.495919,0.950489,1.068938,-1.483942,-9.908946,0.589069,2.258881,0.322542,0.283659
-0.224348,-11.609349,2.145797,2.451798,0.761261,1.494333,0.109651,-13.251003,-0.471931,3.138083,0.179688,0.220296
2.067078,-14.936224,1.742492,3.369603,0.521128,1.951636,2.081605,-16.515231,-1.258910,3.973474,0.048034,0.089328
4.595052,-18.021853,1.702696,4.220761,0.290858,2.387166,4.192574,-19.192902,-1.760324,4.753631,-0.046711,-0.014083
7.023863,-20.590604,1.839153,4.941557,0.116251,2.716620,6.206913,-20.908382,-1.993614,5.438826,-0.097735,-0.059037
9.070620,-22.513195,1.968372,5.491786,0.008942,2.932653,7.944966,-21.579611,-2.023473,5.995779,-0.111284,-0.086977
10.570971,-23.537693,1.910960,5.871112,-0.036835,3.094786,9.292156,-21.347453,-1.915680,6.414101,-0.100433,-0.135108
11.464621,-23.423832,1.619919,6.123150,-0.023606,3.259955,10.186492,-20.701331,-1.737973,6.718330,-0.082263,-0.212921
11.751781,-22.346262,1.232406,6.337409,0.042539,3.509355,10.625040,-20.697783,-1.621277,6.966002,-0.070830,-0.294177
11.489540,-20.746854,0.883469,6.611322,0.152292,3.908196,10.653469,-22.512761,-1.731647,7.214981,-0.070029,-0.304107
10.762009,-19.184484,0.623215,6.991975,0.299411,4.452203,10.330526,-26.717699,-2.183566,7.498499,-0.073728,-0.163610
9.636545,-18.352249,0.466368,7.480271,0.478500,5.121916,9.705543,-33.025950,-2.989518,7.839390,-0.069676,0.161805
8.176319,-18.810437,0.401886,8.043409,0.683568,5.900425,8.831798,-40.340182,-4.020112,8.236436,-0.045409,0.699013
6.481780,-20.676691,0.403756,8.616886,0.904068,6.680481,7.783262,-47.063501,-5.030880,8.649067,0.006974,1.444719
4.679675,-23.824363,0.496823,9.129909,1.111084,7.291555,6.653619,-51.844330,-5.806108,9.017201,0.085290,2.272460
2.892611,-27.615691,0.692640,9.548399,1.261919,7.608892,5.540983,-53.948212,-6.231821,9.294471,0.178283,2.974791
1.209434,-30.590696,0.920685,9.859868,1.322145,7.558992,4.509616,-53.121645,-6.266787,9.453425,0.270409,3.402795
-0.366132,-31.196674,1.087245,10.049684,1.279209,7.084099,3.549803,-49.919044,-5.993203,9.484795,0.345533,3.496928
-1.931136,-28.926041,1.139942,10.093970,1.138795,6.188683,2.572488,-45.992615,-5.658520,9.368505,0.386112,3.262934
-3.583696,-24.470813,1.035313,9.943083,0.922009,4.960102,1.466382,-43.174113,-5.536392,9.056506,0.377920,2.774958
-5.329786,-19.444006,0.748608,9.506490,0.661328,3.550978,0.160326,-42.378305,-5.778709,8.499091,0.318783,2.133374
-7.095741,-15.893300,0.296340,8.708585,0.399179,2.168792,-1.352067,-43.410957,-6.347174,7.694452,0.225768,1.423708
-8.739036,-15.443215,-0.304581,7.545899,0.182013,1.021006,-3.016131,-45.164470,-6.995734,6.688802,0.127714,0.760574
-10.034594,-18.598177,-1.045745,6.108580,0.036997,0.219505,-4.711551,-46.157427,-7.401989,5.569696,0.045910,0.270798
-10.759082,-24.886260,-1.865744,4.573781,-0.051555,-0.237189,-6.296492,-45.422743,-7.380777,4.454227,-0.022907,-0.014829
-10.854486,-32.994476,-2.650614,3.170153,-0.123236,-0.410594,-7.653744,-42.702265,-6.906808,3.460814,-0.095410,-0.156666
-10.523414,-40.950304,-3.285285,2.085433,-0.203597,-0.387223,-8.711497,-38.137219,-6.039498,2.670630,-0.176658,-0.207920
-10.203605,-46.913551,-3.676370,1.401298,-0.275733,-0.268503,-9.441071,-32.504031,-4.936388,2.119031,-0.239511,-0.195589
-10.403295,-50.039796,-3.776610,1.090684,-0.284225,-0.140120,-9.849426,-27.239384,-3.821432,1.775280,-0.233535,-0.145713
-11.423737,-50.526875,-3.614392,1.039369,-0.165279,-0.039083,-9.901550,-23.543746,-2.857465,1.541105,-0.117746,-0.084125
-13.170335,-49.171066,-3.265381,1.082947,0.113882,0.040340,-9.500628,-21.757750,-2.108260,1.308883,0.117539,-0.043359
-15.228830,-46.820908,-2.803696,1.087699,0.544577,0.116058,-8.576499,-21.510736,-1.542912,1.037426,0.465385,-0.046756
-17.005403,-44.022518,-2.309846,0.992216,1.074124,0.192278,-7.160994,-21.983517,-1.049657,0.747771,0.899131,-0.069818
-17.794074,-40.955482,-1.877169,0.797803,1.601702,0.253019,-5.338026,-22.361787,-0.554770,0.487839,1.344461,-0.064384
-16.958447,-37.643296,-1.572139,0.556309,1.988372,0.271456,-3.241604,-22.278864,-0.111522,0.314501,1.678585,-0.023026
-14.269676,-34.102930,-1.409109,0.343148,2.117727,0.236384,-1.060543,-21.611158,0.193501,0.268360,1.788732,0.020499
-10.083082,-30.377256,-1.370155,0.200540,1.959347,0.171130,1.009893,-20.220013,0.323522,0.337010,1.631217,0.028302
-5.237782,-26.615624,-1.425790,0.120222,1.595346,0.122066,2.806181,-18.242139,0.271581,0.465085,1.262943,-0.026557
-0.750688,-23.156861,-1.545877,0.070757,1.183759,0.125714,4.173954,-16.131144,0.064000,0.580819,0.822001,-0.152911
2.586244,-20.398995,-1.711907,0.016817,0.881942,0.195909,5.037238,-14.219265,-0.224858,0.608066,0.453425,-0.338723
4.476885,-18.562829,-1.904941,-0.070119,0.779045,0.323884,5.430815,-12.541994,-0.516597,0.499121,0.244303,-0.557858
5.061942,-17.572554,-2.075265,-0.187142,0.886376,0.478167,5.414784,-11.002210,-0.747822,0.277047,0.229578,-0.766622
4.714726,-17.174636,-2.157324,-0.305463,1.153582,0.614098,5.038028,-9.509849,-0.871737,0.013071,0.400319,-0.914965
3.938895,-17.052021,-2.109727,-0.400587,1.488509,0.693452,4.439801,-8.152123,-0.893571,-0.217630,0.694254,-0.971336
3.251691,-16.913436,-1.932251,-0.460243,1.788245,0.698548,3.839735,-7.139271,-0.862638,-0.359114,1.010967,-0.935005
2.995244,-16.601696,-1.652173,-0.478475,1.978744,0.634657,3.427300,-6.549651,-0.811817,-0.385146,1.257908,-0.827168
3.306315,-16.078339,-1.295942,-0.454681,2.024452,0.514437,3.308020,-6.319950,-0.744839,-0.291900,1.379812,-0.670488
4.234583,-15.311932,-0.867563,-0.388177,1.913040,0.340498,3.514959,-6.439672,-0.662881,-0.075568,1.360548,-0.470213
5.734724,-14.303948,-0.360385,-0.279577,1.654157,0.111967,4.021795,-6.935054,-0.566266,0.262883,1.213961,-0.222845
7.609020,-13.158197,0.222774,-0.133922,1.284980,-0.161693,4.748578,-7.774373,-0.445111,0.703547,0.974608,0.067695
9.534207,-12.009897,0.893070,0.040918,0.869785,-0.473638,5.548080,-8.937114,-0.283145,1.218353,0.713111,0.406427
