2.553495,71.293762,-2.274703,8.364111,3.571216,1.156483,10.840467,52.309106,-0.161107,8.997245,2.469036
4.124658,70.985825,-3.610280,10.096429,3.810507,1.914666,10.331671,52.942399,-0.051260,10.624365,2.238903
4.652048,70.393848,-4.606070,11.784589,4.010230,2.640479,8.480963,53.229320,0.085760,12.301925,1.918239
4.236670,69.433832,-4.995432,13.074980,4.031403,3.219603,5.784669,52.817348,0.207301,13.662329,1.531475
3.198331,67.986940,-4.684741,13.693146,3.781893,3.564934,2.936012,51.435761,0.288279,14.377616,1.120738
1.893742,65.841287,-3.811204,13.543362,3.257848,3.649896,0.482876,48.986180,0.326638,14.279066,0.732757
0.470983,62.825118,-2.653369,12.697959,2.540423,3.560869,-1.401953,45.575804,0.335873,13.374774,0.407207
-1.124080,58.871307,-1.488509,11.272231,1.751883,3.415554,-2.904263,41.436153,0.329092,11.774159,0.173600
-3.035382,54.059755,-0.478055,9.372395,1.011512,3.271815,-4.414701,36.847636,0.318458,9.633410,0.037232
-5.438665,48.700794,0.349382,7.175654,0.419177,3.157365,-6.368924,32.127855,0.314348,7.164988,-0.024094
-8.352487,43.294760,1.059134,4.925891,0.043597,3.059336,-8.964378,27.603520,0.323900,4.596586,-0.040769
-11.452930,38.297451,1.746426,2.835755,-0.103234,2.896361,-12.002623,23.544962,0.362557,2.128472,-0.037055
-14.176478,33.938442,2.495417,1.020007,-0.069958,2.604444,-14.965889,20.109650,0.451629,-0.084282,-0.032442
-15.939404,30.169700,3.320604,-0.502215,0.071323,2.199426,-17.199246,17.282690,0.590220,-1.932306,-0.036598
-16.275054,26.728410,4.122932,-1.785026,0.263960,1.720336,-18.117477,14.855842,0.740288,-3.372006,-0.046906
-15.037165,23.252038,4.719406,-2.913883,0.456551,1.216433,-17.448130,12.503885,0.829935,-4.428764,-0.058687
-12.558645,19.442895,4.948583,-3.986547,0.596443,0.761669,-15.298764,9.909294,0.758946,-5.215755,-0.069421
-9.521852,15.198156,4.751483,-5.129258,0.644097,0.398323,-12.083296,6.861226,0.422563,-5.938705,-0.074081
-6.655869,10.654845,4.181935,-6.472969,0.587332,0.132097,-8.377656,3.340151,-0.250774,-6.845279,-0.070328
-4.553059,6.182988,3.372667,-8.041862,0.444110,-0.024863,-4.809311,-0.424495,-1.247059,-8.094462,-0.061738
-3.512290,2.303284,2.488444,-9.708885,0.265107,-0.072896,-1.906284,-4.006508,-2.435707,-9.676226,-0.051155
-3.435097,-0.500090,1.673640,-11.265415,0.101815,-0.050587,0.014508,-6.905678,-3.587981,-11.403893,-0.041937
-3.942867,-1.960425,1.021058,-12.521810,-0.023584,0.003463,0.881871,-8.698932,-4.454026,-12.988192,-0.042476
-4.606065,-2.087297,0.566945,-13.354980,-0.110450,0.046732,0.837682,-9.191405,-4.852935,-14.145107,-0.059952
-5.039299,-1.125866,0.288696,-13.733400,-0.154301,0.021633,0.186831,-8.488571,-4.730329,-14.716874,-0.094978
-5.004292,0.541839,0.128426,-13.715146,-0.160364,-0.109619,-0.725297,-6.902876,-4.156462,-14.716621,-0.141622
-4.507722,2.534610,0.035943,-13.401221,-0.145602,-0.347108,-1.608549,-4.803294,-3.290241,-14.289770,-0.186654
-3.729358,4.582265,-0.013836,-12.877380,-0.122991,-0.677062,-2.281968,-2.493956,-2.322322,-13.621925,-0.217805
-2.848325,6.526731,-0.041649,-12.224448,-0.090567,-1.037520,-2.665821,-0.152170,-1.429822,-12.883487,-0.228893
-2.014646,8.305517,-0.064774,-11.515450,-0.037666,-1.318312,-2.787609,2.183105,-0.727111,-12.182898,-0.209145
-1.352952,9.946010,-0.084549,-10.783293,0.045427,-1.423097,-2.745851,4.534765,-0.233390,-11.535177,-0.141927
-0.907929,11.525032,-0.092229,-10.008149,0.145920,-1.314338,-2.628507,6.916943,0.118516,-10.850702,-0.027251
-0.640561,13.096640,-0.086845,-9.155534,0.229046,-1.029882,-2.467224,9.297629,0.428599,-10.006306,0.105574
-0.497351,14.664858,-0.072805,-8.202634,0.260151,-0.686179,-2.270719,11.581191,0.772210,-8.933039,0.204216
-0.419811,16.196343,-0.058829,-7.170973,0.228540,-0.389218,-2.047915,13.628157,1.164936,-7.667751,0.211484
-0.389101,17.669853,-0.054605,-6.157335,0.148972,-0.153143,-1.854537,15.360232,1.565911,-6.353715,0.092905
-0.470620,19.108785,-0.060940,-5.305223,0.052619,0.050424,-1.806157,16.811042,1.902633,-5.190211,-0.147989
-0.748628,20.567595,-0.065925,-4.717298,-0.028368,0.225787,-2.020003,18.081743,2.113785,-4.332647,-0.486405
-1.263852,22.076779,-0.062290,-4.460373,-0.071133,0.355193,-2.567468,19.289550,2.161332,-3.881532,-0.876610
-2.074616,23.635054,-0.054158,-4.610872,-0.067830,0.388280,-3.509842,20.563937,2.020004,-3.936114,-1.236002
-3.245550,25.238248,-0.051553,-5.224939,-0.027943,0.228101,-4.874038,22.012622,1.689562,-4.572095,-1.462909
-4.740657,26.858718,-0.063309,-6.271973,0.025670,-0.216535,-6.571627,23.650382,1.215636,-5.754830,-1.484596
-6.383737,28.383972,-0.091189,-7.627830,0.077911,-1.009614,-8.389649,25.362616,0.676100,-7.328139,-1.285189
-7.914457,29.617748,-0.123830,-9.070486,0.138451,-2.145370,-10.051795,26.916844,0.176823,-9.026256,-0.910982
-9.054740,30.331214,-0.144286,-10.314029,0.236295,-3.461830,-11.273886,28.006440,-0.151606,-10.504749,-0.447439
-9.611675,30.302599,-0.137177,-11.106359,0.399974,-4.639633,-11.853048,28.336917,-0.196275,-11.449108,0.021182
-9.524277,29.345451,-0.083630,-11.280843,0.644591,-5.376085,-11.707821,27.712603,0.102572,-11.651364,0.435061
-8.805551,27.404887,0.049025,-10.717084,0.967733,-5.490448,-10.833550,26.033894,0.766329,-10.979180,0.747746
-7.516995,24.538454,0.290962,-9.386365,1.344639,-4.965877,-9.289110,23.283340,1.744689,-9.423323,0.928574
-5.818181,20.839722,0.641217,-7.439488,1.720883,-3.955603,-7.249561,19.538930,2.859364,-7.192501,0.976518
-3.938776,16.482452,1.056054,-5.185390,2.023399,-2.727458,-4.980209,14.993260,3.845904,-4.668747,0.920280
-2.100070,11.738235,1.469265,-2.985457,2.188828,-1.517679,-2.752636,9.923725,4.457541,-2.267783,0.804530
-0.476563,6.840517,1.820975,-1.162312,2.196733,-0.507727,-0.786961,4.744069,4.544768,-0.337485,0.675407
0.831710,1.987601,2.062815,0.099009,2.082161,0.196531,0.783167,-0.078057,4.111281,0.941325,0.563360
1.812859,-2.699566,2.144000,0.778000,1.908560,0.610103,1.916901,-4.319130,3.296755,1.580670,0.483833
2.483027,-7.221136,2.015164,0.953008,1.720278,0.878120,2.595623,-8.083775,2.273298,1.701599,0.440923
2.845367,-11.580193,1.658862,0.767115,1.535134,1.146431,2.796789,-11.456058,1.192929,1.489026,0.428440
2.924172,-15.525236,1.121943,0.450891,1.366689,1.507149,2.549557,-14.413695,0.200268,1.205963,0.432210
2.804280,-18.782562,0.497165,0.259773,1.227587,1.958166,1.994160,-17.034748,-0.610697,1.109767,0.435249
2.639856,-21.347213,-0.138740,0.378102,1.107247,2.407693,1.376086,-19.563319,-1.260873,1.352439,0.418196
2.629572,-23.497607,-0.734301,0.878155,0.973772,2.722824,0.984173,-22.276341,-1.833547,1.957319,0.367140
2.950109,-25.687427,-1.228950,1.720401,0.798268,2.850347,1.049966,-25.346014,-2.384946,2.835182,0.282099
3.694833,-28.536868,-1.548087,2.772632,0.582479,2.800976,1.702567,-28.551587,-2.890105,3.824979,0.177703
4.871297,-32.447069,-1.637041,3.867783,0.365523,2.623661,2.991330,-31.371113,-3.260772,4.773083,0.077130
6.416931,-37.518852,-1.474148,4.839240,0.200054,2.391027,4.898381,-33.536955,-3.415443,5.560802,0.004354
8.171101,-43.465049,-1.080486,5.530231,0.113899,2.213160,7.272818,-35.098604,-3.350420,6.102043,-0.031957
9.867117,-49.453742,-0.502823,5.835209,0.106760,2.169336,9.808737,-35.858056,-3.089988,6.368969,-0.038689
11.202458,-54.098757,0.218815,5.754039,0.170396,2.275014,12.104353,-35.370038,-2.611326,6.389104,-0.021604
11.953682,-56.095878,1.045939,5.367116,0.290673,2.440167,13.785134,-33.342876,-1.851038,6.188414,0.014338
12.064028,-54.702986,1.877139,4.777054,0.429304,2.508790,14.613106,-29.764200,-0.797708,5.791309,0.053849
11.609104,-50.028872,2.588686,4.077655,0.525718,2.331206,14.488659,-24.934474,0.494705,5.241835,0.078096
10.662495,-42.870709,3.111061,3.344401,0.523184,1.874708,13.360177,-19.375689,1.929018,4.605155,0.076168
9.229918,-34.347465,3.436707,2.632740,0.395576,1.216004,11.237947,-13.377753,3.400643,3.978984,0.048409
7.285373,-25.314847,3.586455,1.983853,0.158420,0.487457,8.282621,-6.967216,4.792125,3.473540,0.006738
4.839405,-16.331912,3.622890,1.420443,-0.137521,-0.196493,4.817181,-0.400568,5.962021,3.143432,-0.032532
1.972328,-7.575786,3.610695,0.937056,-0.418177,-0.733278,1.219645,5.878782,6.741704,2.970045,-0.062028
-1.155390,1.124008,3.589190,0.511816,-0.604389,-1.044277,-2.173912,11.734836,7.021574,2.883505,-0.081094
-4.309606,10.036570,3.578517,0.146808,-0.631826,-1.093676,-5.139187,17.325076,6.818256,2.771052,-0.087320
-7.184446,19.152241,3.572465,-0.127330,-0.472526,-0.933270,-7.550653,22.809168,6.253849,2.519792,-0.080599
-9.427481,28.184843,3.492263,-0.287709,-0.146889,-0.661039,-9.285316,28.254678,5.450513,2.093608,-0.064157
-10.741831,36.542976,3.255684,-0.330085,0.277128,-0.368051,-10.200864,33.554153,4.505921,1.551269,-0.040312
-11.032360,43.648192,2.845471,-0.244984,0.707955,-0.092507,-10.249984,38.535826,3.508680,1.023598,-0.017790
-10.418367,49.258989,2.287988,-0.004406,1.064697,0.177399,-9.514967,43.222413,2.549556,0.695799,-0.008862
-9.152420,53.531249,1.626406,0.419499,1.311627,0.479901,-8.156976,47.717340,1.706462,0.721498,-0.013811
-7.537979,56.761665,0.958683,1.021913,1.466412,0.817504,-6.395334,51.916128,1.031751,1.132740,-0.016661
-5.876644,59.322930,0.409064,1.746182,1.583854,1.164535,-4.507903,55.600509,0.527892,1.845275,0.003182
-4.417709,61.507705,0.071855,2.494291,1.714628,1.495499,-2.778552,58.615530,0.173825,2.698696,0.062079
-3.327549,63.374864,-0.014968,3.173225,1.862265,1.784837,-1.457671,60.839335,-0.045303,3.497249,0.145501
-2.649018,64.775283,0.102151,3.718471,1.969954,1.977846,-0.701890,62.153774,-0.142308,4.092620,0.194740
-2.301510,65.522272,0.266634,4.053320,1.949246,2.015812,-0.477894,62.501148,-0.156358,4.401335,0.131142
-2.152283,65.439582,0.283702,4.067505,1.722336,1.863111,-0.586796,61.906904,-0.134317,4.353706,-0.111849
-2.118897,64.534111,-0.001109,3.672956,1.254014,1.515498,-0.839148,60.544549,-0.104828,3.895302,-0.575489
-2.166893,63.080442,-0.709080,2.872307,0.580673,1.012975,-1.128755,58.746504,-0.078277,3.047890,-1.226221
-2.255528,61.492347,-1.908054,1.774338,-0.168000,0.447831,-1.381582,56.875367,-0.059415,1.915468,-1.924948
-2.319176,60.150599,-3.543788,0.560063,-0.803290,-0.091937,-1.522720,55.215782,-0.050501,0.668690,-2.474462
-2.311182,59.328456,-5.432316,-0.574728,-1.174558,-0.553174,-1.494490,53.958585,-0.055920,-0.490402,-2.719190
-2.241158,59.094135,-7.318660,-1.468372,-1.236568,-0.887885,-1.275300,53.147540,-0.077025,-1.395498,-2.595049
-2.189694,59.319938,-8.917756,-2.017053,-1.051248,-1.049343,-0.936907,52.697158,-0.106972,-1.957381,-2.148603
-2.274603,59.806503,-9.982507,-2.189257,-0.733344,-1.024438,-0.662372,52.504397,-0.128755,-2.146050,-1.506826
-2.598037,60.344205,-10.373788,-2.048237,-0.387728,-0.841838,-0.652231,52.488015,-0.124066,-2.007718,-0.818048
-3.201085,60.711825,-10.053590,-1.735775,-0.069691,-0.563262,-1.031639,52.556737,-0.081473,-1.668894,-0.204833
-4.071373,60.789873,-9.042538,-1.414972,0.197130,-0.285069,-1.856914,52.662087,0.011513,-1.289757,0.233816
-5.130973,60.675757,-7.468230,-1.214944,0.409715,-0.105987,-3.074958,52.847811,0.172405,-1.011651,0.462425
-6.197230,60.646774,-5.577843,-1.205862,0.597404,-0.073294,-4.450568,53.209209,0.406340,-0.928248,0.528545
-6.996480,60.985158,-3.666269,-1.398360,0.807646,-0.182236,-5.609719,53.806019,0.698195,-1.060473,0.510678
-7.287521,61.811419,-1.994638,-1.761234,1.031050,-0.408555,-6.208338,54.612990,1.023869,-1.379071,0.430554
-6.972004,62.976184,-0.745489,-2.208484,1.195819,-0.690344,-6.078778,55.443434,1.349990,-1.821158,0.272700
-6.131980,64.100948,0.025281,-2.594663,1.225726,-0.933909,-5.312004,55.976948,1.630717,-2.273443,0.038472
-4.988646,64.726572,0.372650,-2.756389,1.099524,-1.060725,-4.214113,55.888155,1.822397,-2.578725,-0.223766
-3.802173,64.396819,0.403598,-2.553382,0.859331,-1.039643,-3.132297,54.903890,1.891306,-2.572964,-0.434843
-2.766866,62.665056,0.243266,-1.872865,0.588169,-0.872343,-2.294986,52.774097,1.810397,-2.095225,-0.521095
-2.006430,59.249946,0.035193,-0.673427,0.355943,-0.580978,-1.803335,49.380993,1.578885,-1.039207,-0.479715
-1.593065,54.211933,-0.108391,0.971036,0.206380,-0.181478,-1.646470,44.861890,1.235028,0.566499,-0.358777
-1.518889,48.000232,-0.146315,2.887871,0.177523,0.344855,-1.697862,39.621281,0.836117,2.549268,-0.197534
-1.678290,41.295728,-0.096014,4.858564,0.312593,1.042908,-1.781182,34.195724,0.442786,4.650591,-0.013522
-1.926933,34.769794,0.001853,6.666554,0.614751,1.914750,-1.798768,29.113576,0.117290,6.590658,0.154642
-2.133690,28.867125,0.108917,8.164698,1.032565,2.889044,-1.772371,24.718655,-0.095375,8.156751,0.271080
-2.205403,23.769685,0.208253,9.292027,1.482269,3.827344,-1.792745,21.051029,-0.182979,9.255428,0.340662
-2.100377,19.379797,0.300662,10.015020,1.879953,4.548971,-1.934728,17.816085,-0.161027,9.865381,0.399435
-1.824677,15.290446,0.393337,10.297053,2.152900,4.877369,-2.193035,14.440070,-0.065590,9.988706,0.469462
-1.410437,10.813162,0.493889,10.133748,2.244903,4.715479,-2.477546,10.196344,0.053899,9.667475,0.532866
-0.923846,5.257048,0.618419,9.549529,2.125887,4.085711,-2.681423,4.507573,0.153283,8.973055,0.524593
-0.461799,-1.751144,0.793405,8.579639,1.820645,3.124074,-2.729006,-2.733957,0.201526,7.966775,0.386120
-0.110839,-9.960829,1.028117,7.289902,1.406707,2.039839,-2.577662,-10.985858,0.180569,6.705066,0.122568
0.089225,-18.499909,1.290986,5.789818,0.984502,1.057490,-2.231500,-19.192531,0.094324,5.259333,-0.206927
0.138805,-26.184500,1.522720,4.220091,0.637391,0.334778,-1.774920,-26.078821,-0.027664,3.725925,-0.534924
0.071130,-31.880360,1.661642,2.734830,0.409971,-0.079922,-1.336613,-30.484009,-0.145732,2.232042,-0.794825
-0.052532,-34.687717,1.654203,1.459095,0.308349,-0.231477,-1.004385,-31.757551,-0.226342,0.905063,-0.922427
-0.158280,-34.270856,1.478467,0.439154,0.314368,-0.211718,-0.775853,-30.057206,-0.253724,-0.190991,-0.884989
-0.178543,-31.073271,1.165663,-0.354221,0.391039,-0.113040,-0.570765,-26.288474,-0.233819,-1.070097,-0.710587
-0.060521,-26.187647,0.784148,-0.977392,0.483113,0.000988,-0.278801,-21.765720,-0.184426,-1.777320,-0.489364
0.217030,-20.958395,0.408256,-1.482878,0.532905,0.092028,0.171744,-17.752111,-0.123785,-2.348127,-0.340511
0.629011,-16.594672,0.107108,-1.911998,0.506794,0.135450,0.768652,-15.041940,-0.070305,-2.803001,-0.351786
1.103902,-13.734117,-0.080572,-2.284197,0.394281,0.115414,1.423493,-13.775174,-0.038998,-3.150696,-0.535976
1.535980,-12.374488,-0.162609,-2.599827,0.200134,0.020926,2.003269,-13.635147,-0.033317,-3.398225,-0.842293
1.806042,-12.201966,-0.168459,-2.852179,-0.049932,-0.156702,2.360209,-14.130000,-0.044988,-3.559609,-1.188595
1.826021,-12.806358,-0.127555,-3.038366,-0.309452,-0.412073,2.387755,-14.705183,-0.059848,-3.651614,-1.486230
1.579015,-13.646786,-0.075189,-3.166621,-0.520124,-0.706828,2.080017,-14.959512,-0.066439,-3.689344,-1.656636
1.123470,-14.205445,-0.045468,-3.255433,-0.626302,-0.971373,1.536676,-14.864510,-0.065022,-3.693769,-1.656161
0.565253,-14.204716,-0.053910,-3.324852,-0.600521,-1.133997,0.919834,-14.654927,-0.064311,-3.697774,-1.499829
0.018564,-13.649666,-0.097457,-3.387591,-0.459340,-1.152560,0.397240,-14.558014,-0.067214,-3.726779,-1.257016
-0.431558,-12.797426,-0.157334,-3.445442,-0.250324,-1.023953,0.088342,-14.601424,-0.066762,-3.780329,-1.003372
-0.741108,-12.085869,-0.197789,-3.500160,-0.028012,-0.776042,0.038003,-14.556760,-0.056255,-3.848009,-0.776313
-0.896947,-11.995819,-0.175988,-3.566205,0.158652,-0.459547,0.230129,-14.172526,-0.039503,-3.944542,-0.572371
-0.907944,-12.992467,-0.058224,-3.674138,0.272905,-0.144187,0.609300,-13.535110,-0.030711,-4.113982,-0.380860
-0.800130,-15.558541,0.182197,-3.864201,0.296278,0.089467,1.091446,-13.100348,-0.043309,-4.407859,-0.216844
-0.604713,-19.927762,0.552573,-4.172183,0.228137,0.170205,1.578000,-13.333288,-0.073837,-4.849464,-0.125586
-0.356669,-25.770766,1.022372,-4.612742,0.086081,0.068079,1.971578,-14.570158,-0.108146,-5.410267,-0.148203
-0.107323,-32.155806,1.520434,-5.169555,-0.099800,-0.196513,2.178482,-17.030986,-0.140088,-6.020477,-0.296222
0.071443,-37.879547,1.963519,-5.801003,-0.302671,-0.577392,2.117116,-20.665356,-0.177183,-6.612323,-0.559516
0.097015,-41.829294,2.280367,-6.447445,-0.498470,-1.008165,1.747089,-25.043665,-0.234326,-7.127328,-0.901292
-0.100592,-43.296907,2.427884,-7.033965,-0.653103,-1.387898,1.101125,-29.443502,-0.332188,-7.505314,-1.234891
-0.540237,-42.093857,2.393921,-7.488578,-0.731576,-1.608123,0.289177,-32.935190,-0.485748,-7.702008,-1.448827
-1.165111,-38.607967,2.200559,-7.771016,-0.716791,-1.603590,-0.524599,-34.761114,-0.694525,-7.723873,-1.464244
-1.860133,-33.616803,1.883945,-7.877993,-0.615564,-1.377084,-1.163385,-34.728999,-0.937100,-7.619594,-1.270639
-2.492829,-28.090218,1.489805,-7.829778,-0.457603,-1.001878,-1.488970,-33.144096,-1.166808,-7.452020,-0.931318
-2.949363,-22.894620,1.068040,-7.657201,-0.287987,-0.595177,-1.442967,-30.374291,-1.309915,-7.263218,-0.556223
-3.161826,-18.601571,0.663489,-7.388663,-0.144844,-0.254675,-1.057889,-26.805902,-1.307779,-7.052410,-0.239428
-3.121997,-15.425221,0.307194,-7.044665,-0.046447,-0.023708,-0.442709,-22.980152,-1.163126,-6.790832,-0.024700
-2.871042,-13.444500,0.036320,-6.652026,0.000728,0.086186,0.247621,-19.577791,-0.942756,-6.476136,0.077042
-2.480471,-12.707212,-0.112319,-6.247327,0.000598,0.086040,0.856907,-17.272760,-0.742958,-6.138351,0.077303
-2.037704,-13.193069,-0.128496,-5.855259,-0.026421,0.022642,1.269330,-16.553541,-0.655592,-5.804220,0.019396
-1.630849,-14.678891,-0.038722,-5.482559,-0.055282,-0.045487,1.418076,-17.337960,-0.720038,-5.480225,-0.043966
-1.334516,-16.784276,0.119079,-5.137062,-0.071292,-0.083251,1.278533,-19.032464,-0.905625,-5.168242,-0.081933
-1.203669,-18.964316,0.300266,-4.832407,-0.072039,-0.084958,0.877070,-20.900092,-1.134220,-4.873434,-0.093748
-1.266920,-20.624525,0.467907,-4.582657,-0.064853,-0.068094,0.294863,-22.267105,-1.314540,-4.614111,-0.099005
-1.512026,-21.257220,0.607897,-4.405539,-0.060339,-0.057269,-0.349543,-22.504872,-1.362115,-4.416280,-0.118529
-1.881202,-20.618472,0.719824,-4.316425,-0.061228,-0.059743,-0.925305,-21.309634,-1.240722,-4.298350,-0.153610
-2.286937,-18.863115,0.802445,-4.319221,-0.062957,-0.063492,-1.315885,-18.929256,-0.984414,-4.269492,-0.191213
-2.631321,-16.609808,0.867718,-4.417114,-0.062806,-0.062560,-1.447468,-16.093607,-0.672625,-4.346724,-0.220089
-2.822014,-14.624789,0.923363,-4.610748,-0.062141,-0.063250,-1.303198,-13.651571,-0.384749,-4.539137,-0.235538
-2.799128,-13.439705,0.944222,-4.873235,-0.062255,-0.063986,-0.922608,-12.231230,-0.178560,-4.820721,-0.232951
-2.557787,-13.168105,0.894225,-5.154205,-0.063539,-0.058315,-0.397626,-11.907219,-0.070295,-5.128626,-0.210110
-2.144660,-13.570838,0.771176,-5.413587,-0.064121,-0.053703,0.146290,-12.265900,-0.038262,-5.390563,-0.171275
-1.634362,-14.175793,0.609667,-5.633212,-0.061013,-0.064527,0.599047,-12.734204,-0.047787,-5.555417,-0.127730
-1.105565,-14.513492,0.477485,-5.812141,-0.054924,-0.096745,0.910891,-12.880662,-0.071842,-5.619388,-0.090902
-0.616081,-14.294458,0.466378,-5.968614,-0.052963,-0.127033,1.100820,-12.489799,-0.090735,-5.618085,-0.065738
-0.192094,-13.494913,0.642304,-6.126568,-0.064112,-0.093391,1.234530,-11.623834,-0.097496,-5.593007,-0.050635
0.159751,-12.354427,1.005607,-6.298539,-0.092713,0.060606,1.384421,-10.562099,-0.094860,-5.581058,-0.044382
0.444033,-11.290240,1.506246,-6.487066,-0.126401,0.311592,1.590907,-9.653049,-0.081678,-5.616782,-0.046601
0.689841,-10.620301,2.056422,-6.687551,-0.137995,0.523947,1.845783,-9.100044,-0.046552,-5.732238,-0.057718
0.947514,-10.378776,2.535120,-6.891705,-0.105129,0.474966,2.101640,-8.885609,0.018974,-5.964826,-0.075072
1.275486,-10.343986,2.835098,-7.098409,-0.017991,-0.056969,2.288097,-8.779794,0.115745,-6.340123,-0.085948
1.731783,-10.164354,2.898434,-7.318946,0.131668,-1.164715,2.330035,-8.452535,0.237628,-6.844589,-0.072079
2.354789,-9.467016,2.713675,-7.580606,0.342245,-2.727748,2.169337,-7.610408,0.372751,-7.480783,-0.029770
3.129221,-8.031257,2.320488,-7.934133,0.584309,-4.449152,1.789852,-6.149120,0.510938,-8.309515,0.018293
3.972922,-5.874364,1.803963,-8.463848,0.798560,-5.941872,1.223443,-4.188436,0.657764,-9.393752,0.032341
4.738589,-3.238946,1.246955,-9.271100,0.911239,-6.848441,0.536662,-2.029159,0.836715,-10.715063,-0.019007
5.238290,-0.499490,0.720165,-10.408092,0.858765,-7.007370,-0.199561,-0.042556,1.087639,-12.185702,-0.145469
5.307607,1.940546,0.299470,-11.783745,0.628066,-6.500155,-0.929057,1.465016,1.461210,-13.663049,-0.341733
4.882072,3.820655,0.040320,-13.139932,0.266607,-5.547516,-1.613048,2.382156,1.994691,-14.988908,-0.601476
4.019050,5.068259,-0.066677,-14.139364,-0.155151,-4.459795,-2.221859,2.787090,2.676565,-16.051324,-0.911621
2.884413,5.689970,-0.071340,-14.480557,-0.566893,-3.558896,-2.735008,2.879227,3.438877,-16.784060,-1.236127
1.715035,5.737076,-0.038531,-14.001949,-0.891133,-3.016784,-3.141611,2.905134,4.166533,-17.123005,-1.524080
0.749706,5.362359,-0.034067,-12.785402,-1.065779,-2.829318,-3.441905,3.050244,4.707566,-17.127387,-1.751551
0.166828,4.638171,-0.099633,-11.170082,-1.076404,-2.953438,-3.634130,3.360813,4.918437,-17.019749,-1.937410
0.055537,3.487879,-0.248696,-9.673055,-0.959724,-3.364065,-3.705890,3.787189,4.730173,-17.044268,-2.114882
0.377625,1.807488,-0.501050,-8.848961,-0.789690,-4.054996,-3.641374,4.197390,4.164206,-17.300248,-2.282415
0.966460,-0.547614,-0.851048,-9.051975,-0.648859,-5.046353,-3.446191,4.339159,3.306785,-17.718615,-2.397241
1.602672,-3.703358,-1.236492,-10.220243,-0.578236,-6.244255,-3.157560,3.928931,2.288203,-18.072912,-2.414634
2.102421,-7.405419,-1.573312,-11.900440,-0.559340,-7.294959,-2.835323,2.796243,1.259237,-18.095450,-2.338073
-0.308298,0.237880,0.212943,-0.497311,0.507002,-0.037074,-0.202794,-0.815959,0.282221,0.056563,-1.643773
-0.487183,0.258109,0.267614,-0.492862,0.493917,-0.022618,-0.256286,-0.868401,0.382714,0.041010,-1.575393
-0.579469,0.191645,0.332793,-0.491283,0.473740,-0.011227,-0.298230,-0.857922,0.483892,0.024306,-1.316479
-0.574866,0.048217,0.399144,-0.498517,0.449918,-0.006669,-0.325210,-0.799663,0.579515,0.011748,-0.959388
-0.496369,-0.134612,0.455336,-0.512020,0.424518,-0.009892,-0.336094,-0.716341,0.663914,0.012373,-0.611097
-0.397117,-0.304839,0.492341,-0.524643,0.397570,-0.018661,-0.337731,-0.630765,0.733971,0.033412,-0.329784
-0.341574,-0.416999,0.506373,-0.530834,0.368586,-0.029414,-0.341954,-0.560239,0.790470,0.076189,-0.129614
-0.374837,-0.452875,0.500478,-0.525823,0.337011,-0.039157,-0.367603,-0.515249,0.836391,0.137828,-0.028912
-0.505083,-0.436413,0.485113,-0.508814,0.301413,-0.046596,-0.438039,-0.499361,0.875812,0.212451,-0.016825
-0.706088,-0.417839,0.474206,-0.487610,0.261921,-0.052869,-0.561313,-0.502367,0.918000,0.289720,-0.044773
-0.932110,-0.444488,0.476662,-0.468918,0.222797,-0.058939,-0.731451,-0.512015,0.972153,0.357837,-0.067579
-1.136595,-0.537887,0.493224,-0.449305,0.192716,-0.062803,-0.954155,-0.532167,1.034034,0.407285,-0.069773
-1.293762,-0.691007,0.521809,-0.419725,0.182123,-0.059859,-1.251739,-0.586929,1.082023,0.431296,-0.056036
-1.410674,-0.867085,0.564109,-0.371066,0.200354,-0.044185,-1.638891,-0.695099,1.090703,0.425552,-0.047152
-1.525271,-1.021584,0.626360,-0.296713,0.250375,-0.009875,-2.107395,-0.850539,1.044098,0.389654,-0.053206
-1.693036,-1.134647,0.713815,-0.207454,0.325732,0.043535,-2.604576,-1.009988,0.948805,0.327448,-0.064082
-1.961129,-1.215377,0.824424,-0.138804,0.413581,0.107979,-3.024452,-1.088635,0.842075,0.247385,-0.068831
-2.338094,-1.266862,0.946963,-0.135914,0.500659,0.171288,-3.239166,-0.964616,0.783802,0.165067,-0.071067
-2.781992,-1.273591,1.060408,-0.239192,0.575595,0.221798,-3.130163,-0.516924,0.838824,0.103203,-0.069164
-3.211025,-1.221065,1.134195,-0.480490,0.629770,0.246290,-2.593503,0.326226,1.061925,0.084212,-0.055252
-3.518982,-1.097141,1.136188,-0.863202,0.657619,0.230503,-1.590338,1.526025,1.466153,0.121812,-0.031010
-3.592501,-0.896496,1.043380,-1.346443,0.655321,0.167185,-0.208068,2.915907,1.995559,0.214549,-0.011506
-3.342218,-0.597460,0.853434,-1.855822,0.618608,0.063743,1.348145,4.254502,2.537618,0.340733,-0.018269
-2.729977,-0.096288,0.594794,-2.302827,0.548349,-0.052599,2.827232,5.342176,2.967372,0.458012,-0.064490
-1.778590,0.744124,0.320220,-2.604872,0.457273,-0.138769,4.002064,6.099542,3.189659,0.511475,-0.145093
-0.579099,1.990164,0.083438,-2.717940,0.369999,-0.150530,4.738313,6.603542,3.174112,0.448961,-0.250356
0.721109,3.726635,-0.069831,-2.647926,0.318000,-0.058249,5.027571,7.083707,2.967060,0.238873,-0.366974
1.964028,6.098632,-0.098163,-2.431776,0.332502,0.144091,4.966831,7.849155,2.666903,-0.113504,-0.461083
3.023265,9.140488,0.026907,-2.121365,0.436505,0.433746,4.728701,9.128622,2.382610,-0.556553,-0.489862
3.821616,12.631667,0.306169,-1.775709,0.641671,0.763082,4.542416,10.965841,2.203570,-1.001866,-0.430461
4.347900,16.130829,0.712563,-1.445588,0.935726,1.066207,4.618610,13.190238,2.172503,-1.353133,-0.295439
4.665265,19.000296,1.188711,-1.171919,1.264997,1.272336,5.054518,15.470448,2.273702,-1.539544,-0.131384
4.865492,20.651315,1.653093,-0.993125,1.535444,1.323939,5.793678,17.457467,2.457701,-1.540571,-0.007094
5.011883,20.925132,2.024528,-0.934143,1.644603,1.197683,6.648354,18.972192,2.681263,-1.390594,0.023793
5.111482,20.130811,2.240277,-0.997836,1.518521,0.905751,7.363002,20.070405,2.929319,-1.164593,-0.057788
5.078764,18.860674,2.252260,-1.161982,1.143842,0.490776,7.692913,21.020397,3.211859,-0.937870,-0.248146
4.739647,18.075522,2.053195,-1.368522,0.580319,0.015389,7.477167,22.237154,3.542278,-0.747924,-0.518231
3.941076,18.881482,1.703815,-1.531463,-0.054621,-0.456718,6.702721,24.135107,3.908031,-0.584348,-0.794170
2.613664,22.013704,1.311823,-1.555875,-0.609762,-0.871792,5.496711,26.939060,4.255947,-0.386112,-0.980400
0.747479,27.593944,0.974162,-1.331916,-0.914247,-1.161132,4.045241,30.621169,4.500594,-0.038658,-0.995118
-1.576694,35.152783,0.750332,-0.768232,-0.833992,-1.263477,2.542660,34.908320,4.549635,0.571247,-0.795372
-4.118835,43.628131,0.661467,0.123802,-0.346472,-1.181549,1.177389,39.329708,4.334328,1.471330,-0.391548
-6.533919,51.785064,0.715464,1.201042,0.439991,-0.978652,0.128915,43.359109,3.843286,2.565723,0.154641
-8.449326,58.755586,0.906859,2.264194,1.337646,-0.727715,-0.415998,46.591729,3.131974,3.677160,0.763898
-9.495051,64.117113,1.184590,3.152322,2.149258,-0.507164,-0.247043,48.822738,2.304819,4.626156,1.360755
-9.405330,67.731398,1.411424,3.829250,2.744998,-0.366037,0.785634,50.087395,1.483010,5.329351,1.876720
-8.144492,69.847795,1.408238,4.397584,3.099603,-0.272264,2.658702,50.661431,0.774555,5.834719,2.262438
-5.874067,70.931571,1.034064,5.008371,3.265104,-0.142130,5.141730,50.927451,0.248494,6.276495,2.505556
-2.946148,71.364507,0.244256,5.794591,3.330219,0.097097,7.776359,51.201883,-0.068011,6.832850,2.613790
0.067018,71.419571,-0.909184,6.890527,3.405582,0.520096,9.886923,51.662250,-0.188347,7.703472,2.597817
2.357105,-11.163325,-1.816399,-13.475913,-0.556244,-7.807913,-2.544547,0.978011,0.370014,-17.608188,-2.213035
2.351878,-14.745834,-1.949634,-14.392586,-0.547628,-7.622736,-2.342359,-1.313685,-0.260270,-16.542243,-2.081852
2.156915,-18.067143,-1.968056,-14.312049,-0.515750,-6.792373,-2.259520,-3.908088,-0.607869,-14.862415,-1.955333
1.877331,-20.961088,-1.867418,-13.177950,-0.446753,-5.517016,-2.283285,-6.857601,-0.784248,-12.641304,-1.838597
1.617620,-23.494773,-1.645300,-11.157801,-0.346915,-4.107360,-2.346670,-10.220933,-0.954083,-10.081563,-1.740332
1.465623,-25.926799,-1.323771,-8.551272,-0.240092,-2.828216,-2.343000,-13.825748,-1.227171,-7.415455,-1.657941
1.439046,-28.467263,-0.989692,-5.706838,-0.156068,-1.806340,-2.174234,-17.392023,-1.639771,-4.784938,-1.556800
1.452623,-31.442623,-0.744479,-2.879098,-0.116165,-1.056500,-1.810531,-20.813414,-2.195064,-2.224323,-1.386564
1.375816,-34.785790,-0.624754,-0.156434,-0.113725,-0.453323,-1.312696,-24.231295,-2.879264,0.294701,-1.119629
1.108007,-37.357116,-0.592094,2.450006,-0.110482,0.288257,-0.798025,-27.792746,-3.639747,2.745175,-0.790041
0.619892,-38.009896,-0.594268,4.897075,-0.069495,1.370869,-0.387056,-31.186858,-4.329663,5.002372,-0.471729
-0.029155,-36.666694,-0.598271,7.082632,0.016638,2.702857,-0.170941,-33.637163,-4.746930,6.906119,-0.223729
-0.710812,-33.621915,-0.590717,8.877802,0.137817,3.990964,-0.192572,-34.498691,-4.777520,8.369138,-0.058616
-1.294056,-29.320680,-0.569247,10.205154,0.283933,4.943121,-0.427443,-33.554745,-4.461639,9.392921,0.032178
-1.687508,-24.940352,-0.536804,11.098149,0.435672,5.396519,-0.784845,-30.869972,-3.912383,10.049021,0.059308
-1.835807,-21.840882,-0.505212,11.668009,0.562945,5.388471,-1.129890,-26.899986,-3.247928,10.459850,0.035257
-1.732690,-21.052592,-0.508557,12.045908,0.640778,5.096026,-1.335638,-22.704665,-2.577339,10.786569,-0.017781
-1.454230,-23.422473,-0.572912,12.381295,0.664810,4.731816,-1.354170,-19.858702,-2.013307,11.203459,-0.073302
-1.119163,-28.702965,-0.666690,12.810675,0.660094,4.480079,-1.234052,-20.022578,-1.688668,11.843282,-0.110150
-0.818510,-35.052637,-0.714782,13.392399,0.680381,4.476041,-1.054590,-23.928521,-1.692551,12.723894,-0.120764
-0.608725,-40.827387,-0.649173,14.105139,0.782691,4.749916,-0.886460,-30.591024,-1.952081,13.754423,-0.099213
-0.528874,-45.381546,-0.451100,14.887015,0.995663,5.187400,-0.807573,-37.840885,-2.269892,14.800660,-0.031183
-0.587777,-47.926762,-0.165798,15.667634,1.315814,5.579240,-0.896461,-43.643293,-2.483205,15.748200,0.098381
-0.776792,-47.757676,0.128854,16.394722,1.725514,5.743964,-1.185972,-46.739153,-2.517318,16.527423,0.291249
-1.097806,-45.078203,0.383062,17.030125,2.195220,5.603686,-1.639919,-46.809885,-2.359109,17.102909,0.537683
-1.506962,-40.238124,0.565392,17.507970,2.678153,5.175333,-2.120780,-44.551872,-2.055755,17.438092,0.824062
-1.854459,-33.755972,0.635105,17.725009,3.120251,4.518889,-2.396076,-41.424070,-1.689234,17.482992,1.136684
-1.922941,-26.855867,0.563237,17.584881,3.475835,3.728343,-2.227754,-39.084876,-1.337529,17.200275,1.457799
-1.482418,-20.556435,0.372964,17.021941,3.711368,2.905258,-1.447441,-38.703955,-1.080274,16.570985,1.757259
-0.341288,-15.112267,0.127080,15.989853,3.803117,2.124501,0.032650,-40.079088,-0.941850,15.568159,1.995881
1.501237,-11.156950,-0.073950,14.487893,3.729793,1.441036,2.136374,-41.745092,-0.836431,14.181798,2.140403
3.777073,-9.526195,-0.134810,12.591006,3.466684,0.887879,4.555497,-42.198089,-0.653548,12.465743,2.166003
6.051476,-10.036497,-0.027618,10.434118,3.002301,0.458215,6.822355,-40.809495,-0.364643,10.532575,2.051865
7.842339,-11.802424,0.220554,8.176366,2.377555,0.140558,8.467655,-37.797356,-0.006053,8.518067,1.794610
8.699411,-14.183425,0.586828,5.973567,1.696505,-0.053647,9.154548,-33.800750,0.341128,6.552265,1.421145
8.397230,-16.442391,1.000173,3.950367,1.088741,-0.123616,8.813646,-29.430705,0.562807,4.729966,0.980533
7.065357,-17.917910,1.328074,2.190974,0.663951,-0.105593,7.661378,-25.126756,0.569032,3.106876,0.529930
5.120030,-18.400086,1.455971,0.758185,0.477181,-0.052939,6.061338,-21.254769,0.353287,1.730465,0.118954
3.095277,-17.807865,1.346592,-0.307391,0.511905,-0.018536,4.385366,-18.002516,-0.023505,0.641706,-0.227364
1.498104,-16.094983,1.031759,-1.015038,0.694520,-0.048769,2.960179,-15.088597,-0.447948,-0.157898,-0.506843
0.625775,-13.720262,0.622899,-1.413243,0.922929,-0.162436,1.966603,-12.056187,-0.776841,-0.692766,-0.720855
0.485393,-11.248387,0.256096,-1.564418,1.098583,-0.346127,1.399665,-8.823358,-0.917054,-0.989785,-0.868311
0.858863,-8.790872,-0.002969,-1.550608,1.160167,-0.563216,1.141708,-5.708002,-0.879087,-1.091837,-0.951850
1.465827,-6.258718,-0.169821,-1.457498,1.105096,-0.760499,1.076074,-3.085573,-0.726263,-1.054789,-0.974944
2.085789,-3.818103,-0.266620,-1.343591,0.975422,-0.883771,1.149132,-1.084785,-0.523254,-0.925979,-0.935231
2.601663,-1.690064,-0.298303,-1.239940,0.813937,-0.898940,1.361532,0.418950,-0.315844,-0.737927,-0.828096
2.974877,0.113460,-0.268689,-1.158861,0.630298,-0.795282,1.710150,1.483095,-0.114960,-0.501688,-0.651647
3.228701,1.678873,-0.181217,-1.094593,0.418391,-0.579577,2.196455,2.124436,0.089107,-0.211731,-0.405316
3.449082,2.979605,-0.036097,-1.018283,0.187325,-0.268847,2.860380,2.470780,0.311207,0.148719,-0.086076
3.798561,4.190119,0.159646,-0.880749,-0.071363,0.099550,3.753254,2.692404,0.591280,0.614484,0.308250
