-0.831012,0.846585,1.803929,-0.290328,-0.065148,1.121224,-1.247651,-0.666145,1.479597,1.011547,-0.098824,0.581710
-0.590230,0.321150,1.690319,-0.158539,0.012351,1.002796,-1.146338,-1.140763,1.285221,1.426873,-0.062852,0.632099
-0.399422,-0.434291,1.478649,0.058676,0.056238,0.817271,-1.061604,-1.891161,1.000836,1.802415,-0.028739,0.635439
-0.303535,-1.397635,1.173538,0.310576,0.064858,0.596950,-1.010432,-2.866998,0.663265,2.061281,-0.005509,0.569290
-0.323344,-2.489910,0.810835,0.558620,0.042173,0.376948,-1.003188,-3.959664,0.339513,2.170924,0.000066,0.425356
-0.470947,-3.610972,0.453432,0.771939,-0.002174,0.178781,-1.050890,-5.046186,0.103177,2.142949,-0.013798,0.241432
-0.746892,-4.674800,0.172981,0.935624,-0.054355,0.021425,-1.163276,-6.030136,0.015121,2.033058,-0.040858,0.091762
-1.146720,-5.628973,0.021145,1.047003,-0.098512,-0.079419,-1.363483,-6.869076,0.108474,1.905231,-0.068470,0.023298
-1.653708,-6.452053,0.010014,1.087928,-0.118237,-0.120598,-1.674997,-7.572432,0.371095,1.783812,-0.083173,0.034615
-2.221060,-7.133064,0.121153,1.028904,-0.099682,-0.113413,-2.091184,-8.161182,0.745148,1.660866,-0.076432,0.072581
-2.785756,-7.657931,0.311144,0.869752,-0.036302,-0.077659,-2.578050,-8.634888,1.140244,1.509781,-0.047836,0.055800
-3.297678,-8.013258,0.509300,0.622328,0.066784,-0.043423,-3.092544,-8.972333,1.452450,1.278064,-0.006244,-0.081438
-3.696008,-8.179766,0.637605,0.289025,0.192736,-0.036164,-3.554681,-9.143363,1.598958,0.919151,0.037534,-0.362699
-3.910209,-8.137359,0.648508,-0.121148,0.315260,-0.062730,-3.856309,-9.124896,1.551973,0.433854,0.075742,-0.787930
-3.907078,-7.888742,0.542515,-0.569951,0.408952,-0.118348,-3.915280,-8.916076,1.338126,-0.139307,0.105360,-1.292954
-3.717132,-7.475423,0.363382,-1.004715,0.458944,-0.199154,-3.710220,-8.540281,1.016889,-0.744717,0.129643,-1.740015
-3.416765,-6.967555,0.176287,-1.375038,0.467096,-0.291415,-3.279065,-8.042464,0.661602,-1.316379,0.163911,-1.981958
-3.108636,-6.442141,0.030601,-1.654092,0.448985,-0.368709,-2.721701,-7.482488,0.342024,-1.796707,0.226817,-1.943318
-2.871098,-5.952877,-0.061399,-1.841233,0.427858,-0.403455,-2.154553,-6.913325,0.105376,-2.150968,0.326623,-1.637214
-2.715657,-5.515976,-0.107564,-1.942219,0.422718,-0.377110,-1.653314,-6.361781,-0.030660,-2.353466,0.452901,-1.168248
-2.607675,-5.121799,-0.121138,-1.945488,0.435264,-0.283007,-1.254961,-5.829353,-0.078481,-2.378365,0.578828,-0.677128
-2.511043,-4.752400,-0.126694,-1.836150,0.445258,-0.132229,-0.986451,-5.305589,-0.076286,-2.216139,0.664371,-0.267967
-2.384998,-4.389203,-0.154994,-1.618474,0.427173,0.049933,-0.841093,-4.788070,-0.067781,-1.886173,0.673901,0.010475
-2.193507,-4.021949,-0.226551,-1.326980,0.364435,0.235667,-0.776871,-4.299939,-0.083388,-1.437944,0.588894,0.130975
-1.930686,-3.657091,-0.344491,-1.013871,0.255549,0.399217,-0.748296,-3.881356,-0.142498,-0.952347,0.409901,0.114546
-1.622877,-3.313488,-0.497122,-0.734943,0.111629,0.514286,-0.726315,-3.561745,-0.257738,-0.528639,0.152284,0.026254
-1.317137,-3.005796,-0.662653,-0.543804,-0.049439,0.562312,-0.703641,-3.344380,-0.429853,-0.253866,-0.149635,-0.071896
-1.069493,-2.726078,-0.819728,-0.480816,-0.212873,0.541347,-0.703087,-3.204714,-0.644215,-0.170907,-0.451798,-0.152615
-0.914579,-2.442223,-0.952673,-0.551841,-0.367222,0.462987,-0.755695,-3.095518,-0.871663,-0.268226,-0.713734,-0.218869
-0.855883,-2.118453,-1.042832,-0.728656,-0.499674,0.343854,-0.878528,-2.963316,-1.073864,-0.494059,-0.905088,-0.301606
-0.884969,-1.735222,-1.062784,-0.962730,-0.596440,0.201214,-1.079687,-2.762767,-1.214599,-0.778917,-1.002697,-0.420172
-0.990106,-1.287355,-0.993986,-1.200816,-0.649792,0.054630,-1.362995,-2.459249,-1.268579,-1.058100,-0.997740,-0.557612
-1.146262,-0.777402,-0.842365,-1.406266,-0.652335,-0.078009,-1.706263,-2.037944,-1.221316,-1.293464,-0.897391,-0.681317
-1.315608,-0.213736,-0.636687,-1.572297,-0.593379,-0.186207,-2.052708,-1.514293,-1.074516,-1.477002,-0.723775,-0.773748
-1.453988,0.390694,-0.417779,-1.711110,-0.466260,-0.263903,-2.327500,-0.925575,-0.853353,-1.621315,-0.510419,-0.818736
-1.517079,1.019626,-0.227320,-1.835366,-0.277902,-0.305170,-2.461352,-0.309722,-0.601077,-1.745055,-0.299329,-0.801449
-1.474940,1.654011,-0.091955,-1.947806,-0.052092,-0.309084,-2.412692,0.308815,-0.363779,-1.854428,-0.128802,-0.723496
-1.319987,2.279478,-0.016848,-2.036387,0.171933,-0.279183,-2.182667,0.921521,-0.177767,-1.930024,-0.025395,-0.603446
-1.065710,2.887221,0.006642,-2.078949,0.351529,-0.219329,-1.813460,1.526657,-0.059355,-1.939352,0.001571,-0.466795
-0.748117,3.467518,-0.006924,-2.055208,0.455448,-0.134039,-1.373806,2.119907,-0.004125,-1.858705,-0.037785,-0.340015
-0.418309,4.010253,-0.035949,-1.951195,0.470287,-0.029656,-0.941274,2.694920,0.004038,-1.681798,-0.114067,-0.232780
-0.125107,4.511437,-0.060114,-1.762183,0.397467,0.093632,-0.586023,3.248198,-0.015682,-1.418195,-0.191893,-0.139234
0.092703,4.969799,-0.070670,-1.498499,0.255383,0.232427,-0.355912,3.773546,-0.043065,-1.090648,-0.243460,-0.057030
0.212501,5.380797,-0.069718,-1.183516,0.079529,0.365424,-0.263176,4.253376,-0.062833,-0.728770,-0.256426,0.006413
0.236162,5.736315,-0.064104,-0.849437,-0.090419,0.466046,-0.284046,4.658502,-0.070018,-0.364439,-0.232838,0.045776
0.187813,6.021233,-0.061045,-0.530376,-0.224446,0.522301,-0.372523,4.957540,-0.068209,-0.024236,-0.185799,0.060181
0.101462,6.208567,-0.061698,-0.247328,-0.305088,0.528235,-0.477043,5.131685,-0.063577,0.281211,-0.132049,0.051596
0.011688,6.268973,-0.062117,-0.005439,-0.328923,0.481565,-0.552625,5.180891,-0.060957,0.555985,-0.086147,0.026897
-0.056599,6.184420,-0.061505,0.194514,-0.305639,0.391291,-0.573449,5.112680,-0.061333,0.806755,-0.056552,-0.005473
-0.097153,5.952547,-0.063344,0.354395,-0.252009,0.274258,-0.540830,4.935279,-0.062953,1.035287,-0.045267,-0.040374
-0.120212,5.589907,-0.067560,0.484708,-0.186106,0.148221,-0.483590,4.663172,-0.064217,1.237360,-0.047438,-0.069570
-0.144890,5.130549,-0.068979,0.598781,-0.125821,0.037824,-0.448289,4.316279,-0.064748,1.405282,-0.054829,-0.082956
-0.193328,4.612317,-0.062206,0.705610,-0.083138,-0.036272,-0.480614,3.911739,-0.063356,1.535550,-0.060795,-0.079797
-0.279134,4.065007,-0.044981,0.809416,-0.058932,-0.074587,-0.602433,3.459554,-0.058127,1.630981,-0.063531,-0.069532
-0.396615,3.510289,-0.022276,0.904805,-0.048033,-0.090363,-0.798941,2.961838,-0.049030,1.695706,-0.063743,-0.061333
-0.523369,2.961192,-0.007569,0.977985,-0.046648,-0.090708,-1.024574,2.418295,-0.039600,1.735131,-0.062574,-0.058557
-0.631284,2.419405,-0.016717,1.021711,-0.051008,-0.081266,-1.223432,1.843882,-0.036581,1.757935,-0.061981,-0.059717
-0.699896,1.879134,-0.063567,1.037009,-0.057446,-0.069689,-1.351950,1.274203,-0.049152,1.769939,-0.063331,-0.061999
-0.728224,1.336773,-0.160520,1.021521,-0.063776,-0.061276,-1.399057,0.747263,-0.086761,1.766806,-0.065221,-0.064446
-0.737847,0.797637,-0.311737,0.971218,-0.067532,-0.058858,-1.395140,0.293084,-0.154003,1.733073,-0.065494,-0.068147
-0.763373,0.278790,-0.504023,0.890903,-0.065972,-0.063348,-1.402566,-0.064092,-0.246234,1.652119,-0.062404,-0.070446
-0.838552,-0.195529,-0.708566,0.793729,-0.060012,-0.067829,-1.488070,-0.317913,-0.350550,1.518658,-0.053090,-0.062588
-0.985521,-0.605484,-0.891867,0.692964,-0.053598,-0.061568,-1.693757,-0.488326,-0.449250,1.337241,-0.038648,-0.039354
-1.207844,-0.943722,-1.026982,0.597259,-0.050563,-0.041815,-2.018513,-0.612601,-0.524277,1.114487,-0.028574,-0.010026
-1.485150,-1.213642,-1.103234,0.508451,-0.053981,-0.018024,-2.413797,-0.737128,-0.563366,0.861118,-0.034629,0.004887
-1.777129,-1.424320,-1.128348,0.423277,-0.064793,-0.005638,-2.798918,-0.905943,-0.565567,0.594720,-0.064478,-0.014415
-2.035364,-1.589652,-1.118880,0.339020,-0.079882,-0.022255,-3.092288,-1.137003,-0.542440,0.333544,-0.123684,-0.082175
-2.216542,-1.729869,-1.092974,0.253275,-0.095455,-0.085601,-3.236956,-1.415710,-0.514218,0.092706,-0.211282,-0.204746
-2.291082,-1.866526,-1.073211,0.157055,-0.111541,-0.205970,-3.213130,-1.712643,-0.500786,-0.120123,-0.318545,-0.376448
-2.249700,-2.011431,-1.082250,0.036900,-0.131011,-0.377484,-3.041176,-1.991571,-0.513910,-0.307674,-0.437092,-0.581422
-2.104258,-2.160495,-1.129097,-0.112512,-0.158249,-0.578650,-2.774641,-2.211078,-0.556084,-0.471837,-0.558900,-0.795157
-1.884112,-2.294633,-1.209755,-0.281617,-0.199539,-0.777691,-2.479285,-2.339656,-0.624205,-0.604116,-0.668280,-0.984297
-1.631792,-2.387001,-1.320444,-0.452778,-0.261954,-0.936219,-2.213176,-2.362642,-0.710696,-0.699855,-0.751817,-1.122987
-1.399456,-2.413325,-1.464564,-0.606835,-0.347506,-1.021582,-2.018350,-2.275083,-0.804577,-0.763526,-0.806307,-1.207350
-1.236977,-2.357988,-1.647687,-0.724738,-0.447711,-1.021766,-1.918097,-2.084498,-0.891745,-0.797264,-0.829050,-1.246249
-1.180202,-2.213884,-1.869563,-0.792067,-0.541197,-0.944117,-1.915637,-1.811809,-0.956788,-0.799059,-0.812912,-1.244837
-1.242457,-1.983171,-2.109483,-0.804383,-0.600455,-0.804056,-1.996793,-1.482259,-0.986498,-0.770148,-0.755790,-1.202198
-1.407351,-1.681293,-2.322579,-0.766768,-0.605321,-0.623405,-2.130545,-1.124615,-0.973013,-0.712287,-0.660308,-1.113686
-1.628283,-1.332541,-2.457008,-0.692650,-0.553180,-0.426885,-2.271880,-0.771244,-0.910192,-0.629849,-0.535825,-0.979403
-1.843247,-0.956656,-2.469724,-0.598416,-0.457374,-0.235722,-2.372902,-0.442193,-0.795200,-0.530118,-0.404426,-0.813454
-1.995740,-0.566453,-2.326786,-0.490673,-0.340665,-0.068253,-2.399217,-0.139813,-0.636728,-0.410736,-0.290412,-0.637443
-2.054496,-0.176629,-2.021729,-0.364331,-0.227035,0.058323,-2.338212,0.138548,-0.459455,-0.259517,-0.203048,-0.465981
-2.023183,0.195115,-1.593727,-0.215457,-0.135889,0.134697,-2.201293,0.398565,-0.293276,-0.076425,-0.141556,-0.311661
-1.937966,0.530550,-1.114982,-0.044049,-0.077433,0.158688,-2.025693,0.653123,-0.160690,0.126549,-0.103570,-0.189210
-1.854942,0.810040,-0.659202,0.150674,-0.051580,0.135280,-1.868777,0.912562,-0.069610,0.341114,-0.084021,-0.107599
-1.833024,1.013910,-0.285294,0.365085,-0.048926,0.081212,-1.790158,1.171688,-0.016683,0.563873,-0.075972,-0.064920
-1.914317,1.128865,-0.024250,0.586700,-0.056143,0.022766,-1.833438,1.404431,0.005484,0.791301,-0.074480,-0.050758
-2.111397,1.142632,0.119547,0.799805,-0.063026,-0.020050,-2.010182,1.562333,0.000324,1.018184,-0.074278,-0.049894
-2.404580,1.041706,0.151407,0.984496,-0.065932,-0.040725,-2.291464,1.593179,-0.028232,1.226338,-0.071065,-0.049820
-2.753210,0.827990,0.078308,1.111860,-0.065063,-0.047402,-2.619606,1.474609,-0.071457,1.375968,-0.065770,-0.050692
-3.111133,0.523249,-0.078058,1.148251,-0.061933,-0.056834,-2.930745,1.219614,-0.120939,1.411291,-0.059573,-0.056811
-3.435305,0.149122,-0.288552,1.053326,-0.057173,-0.084396,-3.161545,0.850516,-0.174779,1.262746,-0.047550,-0.061220
-3.688308,-0.250867,-0.524963,0.776668,-0.050632,-0.136857,-3.253358,0.417747,-0.227582,0.853954,-0.024795,-0.058044
-3.845799,-0.565889,-0.750725,0.286575,-0.042541,-0.214717,-3.173007,0.047789,-0.267324,0.142332,0.004800,-0.060975
-3.893964,-0.650554,-0.914707,-0.396301,-0.034739,-0.303718,-2.921436,-0.086251,-0.283182,-0.838646,0.031572,-0.077456
-3.821236,-0.436963,-0.972252,-1.203381,-0.029885,-0.375341,-2.518823,0.109021,-0.271782,-1.981661,0.048284,-0.090111
-3.621277,-0.001396,-0.904113,-2.040932,-0.029157,-0.402761,-1.998309,0.560075,-0.234108,-3.137780,0.052784,-0.073081
-3.312800,0.471585,-0.728573,-2.811955,-0.031989,-0.376888,-1.409190,1.067035,-0.175826,-4.163961,0.045813,-0.019629
-2.947921,0.817080,-0.498572,-3.450418,-0.038641,-0.306691,-0.823806,1.454882,-0.100040,-4.974768,0.031495,0.055086
-2.616239,1.068606,-0.278048,-3.944235,-0.049751,-0.217690,-0.351366,1.755389,-0.001187,-5.565961,0.011503,0.098708
-2.434060,1.545853,-0.109515,-4.322480,-0.062168,-0.135151,-0.133916,2.286283,0.125878,-5.992007,-0.020127,0.051372
-2.505821,2.769441,-0.009763,-4.639681,-0.069969,-0.069650,-0.298652,3.561398,0.269533,-6.336809,-0.069264,-0.105896
-2.883667,5.331174,0.022673,-4.963461,-0.069401,-0.027204,-0.903294,6.165794,0.407662,-6.683428,-0.133238,-0.366247
-3.568099,9.756780,0.005226,-5.325536,-0.054284,-0.019244,-1.920716,10.626924,0.518174,-7.057673,-0.201932,-0.733217
-4.502201,16.248528,-0.032103,-5.680479,-0.014421,-0.042663,-3.253948,17.163918,0.579314,-7.393199,-0.254692,-1.147598
-5.563162,24.448158,-0.062636,-5.940121,0.043577,-0.082504,-4.746614,25.432797,0.568770,-7.581401,-0.268775,-1.483482
-6.590254,33.480440,-0.074143,-6.037538,0.079117,-0.131174,-6.203934,34.549539,0.475855,-7.546216,-0.245001,-1.635125
-7.452789,42.254081,-0.070466,-5.954649,0.028282,-0.179877,-7.439167,43.396056,0.312010,-7.280906,-0.215594,-1.565500
-8.099663,49.813231,-0.063122,-5.721654,-0.167829,-0.198889,-8.333876,50.994846,0.114824,-6.844457,-0.220738,-1.279613
-8.577321,55.611690,-0.060497,-5.392812,-0.529922,-0.139652,-8.867444,56.787433,-0.059045,-6.319363,-0.290222,-0.834990
-8.995181,59.532590,-0.061759,-5.001925,-1.012341,0.061328,-9.106109,60.650857,-0.152678,-5.749007,-0.433565,-0.287357
-9.444835,61.665629,-0.062838,-4.545767,-1.509179,0.458638,-9.153614,62.669631,-0.136181,-5.121607,-0.622824,0.358900
-9.930015,62.112947,-0.062655,-4.004813,-1.887812,1.050968,-9.080396,62.941244,-0.011833,-4.397045,-0.795226,1.087930
-10.375348,60.946416,-0.062403,-3.344279,-2.014201,1.777569,-8.890051,61.534544,0.198748,-3.512510,-0.880977,1.804141
-10.654121,58.177413,-0.062496,-2.512188,-1.784637,2.553841,-8.567921,58.464869,0.454677,-2.399016,-0.825330,2.424946
-10.604238,53.802509,-0.062614,-1.490439,-1.189645,3.270711,-8.105210,53.732102,0.688008,-1.055275,-0.612414,2.891142
-10.074350,47.980087,-0.062312,-0.344042,-0.345995,3.788068,-7.480757,47.495958,0.827317,0.409855,-0.292424,3.108754
-9.009604,41.190203,-0.062168,0.804520,0.543543,3.987689,-6.684648,40.248982,0.831970,1.822879,0.033050,2.987600
-7.501584,34.196730,-0.063313,1.833119,1.265891,3.834938,-5.764438,32.791138,0.704930,3.017960,0.264013,2.530201
-5.772285,27.842270,-0.064364,2.658491,1.671304,3.396511,-4.809262,26.011856,0.489721,3.897156,0.345985,1.827717
-4.101409,22.748524,-0.061839,3.257268,1.725432,2.805251,-3.924380,20.574593,0.255209,4.459033,0.284387,1.054134
-2.726823,19.107691,-0.055050,3.650994,1.502790,2.198929,-3.217131,16.694871,0.058312,4.764107,0.139986,0.422404
-1.766221,16.710992,-0.051300,3.864407,1.137380,1.672488,-2.751377,14.164631,-0.075854,4.875426,-0.000252,0.075117
-1.215324,15.137195,-0.061467,3.917125,0.781826,1.294591,-2.506570,12.545726,-0.141445,4.844381,-0.060350,0.034063
-0.981278,13.908335,-0.088165,3.845286,0.573925,1.124657,-2.410767,11.337656,-0.148692,4.720051,0.004327,0.272691
-0.895963,12.606164,-0.120728,3.687739,0.582822,1.186549,-2.355919,10.098873,-0.130025,4.534890,0.199118,0.731147
-0.745774,10.962479,-0.144407,3.456395,0.776755,1.429695,-2.193705,8.548384,-0.116780,4.292876,0.478591,1.282402
-0.350122,8.902632,-0.144536,3.146257,1.046344,1.753034,-1.797036,6.621420,-0.114394,3.989669,0.756848,1.778021
0.372570,6.496871,-0.099164,2.769551,1.261928,2.059685,-1.123320,4.408418,-0.104115,3.650646,0.946980,2.121418
1.387081,3.854421,0.025397,2.370257,1.330481,2.290901,-0.205112,2.020156,-0.052545,3.351534,1.000195,2.278262
2.562677,1.070880,0.261940,2.022912,1.228056,2.389310,0.864430,-0.474828,0.068650,3.195175,0.915055,2.247831
3.727373,-1.737044,0.621256,1.803522,0.992133,2.283293,1.945555,-3.008547,0.255183,3.255614,0.726767,2.043547
4.730535,-4.400789,1.068680,1.752497,0.689921,1.925526,2.903750,-5.468473,0.472924,3.541801,0.490233,1.687256
5.465252,-6.739214,1.529344,1.860635,0.389721,1.362369,3.656211,-7.709926,0.678283,3.988695,0.256366,1.231577
5.872219,-8.629649,1.924611,2.077784,0.141644,0.743311,4.175867,-9.608868,0.820192,4.476181,0.056467,0.768021
5.958324,-10.059924,2.190232,2.313101,-0.037115,0.268869,4.479584,-11.117344,0.849222,4.863010,-0.092996,0.390684
5.790767,-11.123578,2.265185,2.443289,-0.164266,0.095966,4.602307,-12.267673,0.747235,5.013096,-0.191178,0.141386
5.439623,-11.950094,2.106458,2.344392,-0.274370,0.293036,4.542588,-13.110713,0.539346,4.815730,-0.255960,0.011862
4.940318,-12.627303,1.722771,1.951933,-0.390700,0.843361,4.257860,-13.673206,0.283983,4.241546,-0.301216,-0.026107
4.300912,-13.194237,1.187880,1.297526,-0.506394,1.665755,3.722714,-13.981281,0.057119,3.372760,-0.321739,0.009048
3.531259,-13.641533,0.624517,0.500011,-0.586445,2.600262,2.986200,-14.065901,-0.073178,2.366807,-0.309019,0.103358
2.677768,-13.911098,0.168493,-0.289502,-0.584878,3.443107,2.181373,-13.944624,-0.073637,1.393722,-0.264921,0.248047
1.843825,-13.933799,-0.086496,-0.945789,-0.472233,4.026680,1.495785,-13.631622,0.057557,0.591880,-0.198964,0.449008
1.166227,-13.687040,-0.110762,-1.406448,-0.259961,4.290513,1.113537,-13.160957,0.298118,0.024671,-0.132387,0.725916
0.780402,-13.209716,0.080930,-1.668743,-0.004751,4.279541,1.165482,-12.594564,0.590106,-0.316607,-0.094292,1.072076
0.782087,-12.584385,0.436498,-1.765968,0.209096,4.099283,1.669042,-12.005615,0.849144,-0.469008,-0.105425,1.430656
1.177466,-11.905708,0.861039,-1.741685,0.297276,3.855415,2.487487,-11.450900,1.012184,-0.475672,-0.178298,1.718186
1.846017,-11.252616,1.252568,-1.646944,0.206581,3.633039,3.348306,-10.946920,1.061958,-0.399678,-0.321381,1.872155
2.578860,-10.654748,1.537732,-1.530297,-0.061185,3.487774,3.951788,-10.470543,1.021941,-0.306412,-0.516288,1.867687
3.162316,-10.111248,1.669740,-1.427221,-0.445101,3.441665,4.097875,-10.000336,0.925307,-0.242587,-0.717513,1.730852
3.458381,-9.641541,1.604393,-1.353066,-0.844062,3.467932,3.764662,-9.562249,0.783895,-0.231740,-0.881735,1.528460
3.446214,-9.273623,1.302605,-1.310918,-1.146176,3.499204,3.086201,-9.215027,0.575974,-0.274561,-0.980990,1.327948
3.212241,-8.985539,0.749500,-1.298660,-1.262618,3.459257,2.277257,-9.010762,0.284358,-0.353305,-0.999628,1.171830
2.902886,-8.729612,-0.020273,-1.307093,-1.152151,3.294281,1.565455,-8.969480,-0.065777,-0.448437,-0.935412,1.073483
2.687056,-8.512170,-0.919883,-1.303487,-0.828427,2.972774,1.155172,-9.074675,-0.416557,-0.531112,-0.795200,1.001768
2.705853,-8.424371,-1.827709,-1.239714,-0.357687,2.490247,1.159094,-9.289635,-0.721033,-0.559904,-0.597182,0.895839
3.016625,-8.626240,-2.616077,-1.075353,0.157016,1.882742,1.547126,-9.633710,-0.949558,-0.502899,-0.376455,0.723515
3.570149,-9.302706,-3.162914,-0.802450,0.614149,1.231560,2.166484,-10.228480,-1.104957,-0.359606,-0.171507,0.508421
4.247812,-10.538275,-3.380209,-0.451116,0.949083,0.635791,2.824654,-11.236720,-1.232175,-0.154860,0.004282,0.296570
4.923733,-12.244913,-3.257649,-0.074973,1.145145,0.179904,3.361926,-12.774592,-1.418275,0.077879,0.162830,0.129951
5.515684,-14.228819,-2.895166,0.285554,1.226790,-0.093676,3.692723,-14.854780,-1.759154,0.321109,0.323356,0.039173
5.989397,-16.210787,-2.448139,0.615142,1.243758,-0.192299,3.792970,-17.310214,-2.305354,0.580374,0.501562,0.026099
6.331873,-17.800186,-2.029981,0.907474,1.249201,-0.154414,3.681014,-19.784887,-2.997417,0.862382,0.705842,0.072280
6.542182,-18.640075,-1.668082,1.151560,1.286294,-0.026374,3.429258,-21.810536,-3.654296,1.151570,0.937274,0.160132
6.656249,-18.614414,-1.342467,1.334253,1.382968,0.141176,3.186342,-22.927364,-4.037724,1.410072,1.192524,0.270121
6.751753,-17.890020,-1.030702,1.428005,1.537449,0.304294,3.128010,-22.854233,-3.982228,1.579299,1.451317,0.380621
6.921691,-16.824357,-0.734246,1.394916,1.709816,0.442175,3.377896,-21.649533,-3.465637,1.594110,1.672033,0.483484
7.235566,-15.828391,-0.469074,1.211043,1.841585,0.551913,3.963424,-19.707230,-2.611034,1.413549,1.803618,0.571487
7.715774,-15.183829,-0.244984,0.879306,1.880447,0.629708,4.825215,-17.599435,-1.633336,1.037470,1.797061,0.616293
8.343716,-14.946311,-0.063332,0.427103,1.790542,0.665466,5.844717,-15.845355,-0.754050,0.502900,1.610732,0.572654
9.070201,-15.010274,0.055671,-0.084357,1.560503,0.644668,6.871442,-14.718068,-0.124111,-0.116132,1.229057,0.403493
9.809752,-15.163768,0.082820,-0.576445,1.205077,0.550392,7.735946,-14.182196,0.201436,-0.727671,0.679776,0.097016
10.448411,-15.140443,0.023220,-0.992933,0.759442,0.381431,8.289532,-14.019768,0.263781,-1.258346,0.037413,-0.314155
10.880661,-14.756961,-0.069956,-1.319256,0.277904,0.169031,8.465037,-13.956900,0.186532,-1.673592,-0.590890,-0.751576
11.052239,-14.024512,-0.123427,-1.570816,-0.171267,-0.029523,8.309748,-13.770370,0.119530,-1.974688,-1.092859,-1.118144
10.980469,-13.167346,-0.087814,-1.779621,-0.529470,-0.149039,7.953351,-13.439185,0.132690,-2.186876,-1.389472,-1.331087
10.739007,-12.599670,0.024106,-1.972217,-0.766403,-0.129661,7.550046,-13.227609,0.166995,-2.334232,-1.456002,-1.340644
10.416496,-12.760054,0.142718,-2.145742,-0.877186,0.054605,7.220447,-13.530285,0.080822,-2.418079,-1.320967,-1.149229
10.085262,-13.891424,0.187361,-2.265168,-0.873065,0.376372,7.018919,-14.658375,-0.269164,-2.416586,-1.053064,-0.809793
9.801050,-15.924064,0.098863,-2.280136,-0.778298,0.768588,6.930164,-16.597976,-0.924624,-2.299538,-0.741892,-0.402867
9.603115,-18.467688,-0.154747,-2.137452,-0.624325,1.147584,6.883107,-18.929998,-1.786668,-2.041940,-0.466634,-0.012747
9.504762,-20.864275,-0.579233,-1.803126,-0.446398,1.417201,6.770666,-21.014269,-2.684346,-1.641302,-0.271106,0.286115
9.489960,-22.512130,-1.146318,-1.290049,-0.279679,1.499445,6.509509,-22.352278,-3.452599,-1.128422,-0.158782,0.450883
9.516854,-23.212935,-1.784050,-0.662005,-0.149154,1.372688,6.093917,-22.746445,-3.944996,-0.562572,-0.107645,0.480385
9.529689,-23.234211,-2.372406,-0.010375,-0.064060,1.076939,5.597142,-22.371355,-4.080429,-0.013651,-0.088857,0.403560
9.477877,-23.194355,-2.794562,0.575637,-0.021883,0.692897,5.139548,-21.798487,-3.915401,0.459071,-0.081662,0.265697
9.324783,-23.901384,-3.009964,1.034588,-0.012762,0.324452,4.852965,-21.861376,-3.647141,0.826627,-0.076150,0.120271
9.050519,-25.895348,-3.060986,1.343313,-0.022640,0.049819,4.808363,-23.210899,-3.507115,1.091170,-0.069641,0.004876
8.657656,-29.080429,-3.013146,1.510496,-0.038192,-0.113948,4.961257,-26.026598,-3.654812,1.272089,-0.060584,-0.070033
8.174383,-32.762692,-2.906208,1.559126,-0.054049,-0.184412,5.169714,-29.978221,-4.099716,1.386033,-0.055132,-0.107576
7.645681,-35.858088,-2.732621,1.515325,-0.073821,-0.179155,5.262019,-34.476938,-4.731587,1.441132,-0.059407,-0.115195
7.116068,-37.129173,-2.457302,1.407141,-0.097344,-0.136299,5.103883,-38.876513,-5.412649,1.445546,-0.064670,-0.108678
6.613832,-35.829549,-2.070744,1.262508,-0.111253,-0.107185,4.669471,-42.583440,-6.027829,1.413773,-0.059959,-0.099129
6.151791,-32.188306,-1.612802,1.103092,-0.095562,-0.114179,4.056258,-45.042184,-6.456231,1.359248,-0.055155,-0.085431
5.749796,-27.169805,-1.133263,0.941879,-0.040406,-0.136488,3.428461,-45.899066,-6.598969,1.291729,-0.057036,-0.063116
5.449630,-21.950605,-0.674198,0.785230,0.045780,-0.126404,2.946388,-45.149187,-6.430397,1.212978,-0.057708,-0.022544
5.298666,-17.573880,-0.286717,0.640124,0.136652,-0.016426,2.720619,-43.101267,-6.011900,1.119107,-0.046729,0.052811
5.323664,-14.552633,-0.013425,0.516954,0.197814,0.233464,2.764258,-40.020936,-5.424020,1.013088,-0.020170,0.156825
5.514767,-12.790021,0.142256,0.423869,0.197318,0.592671,2.983171,-36.068465,-4.725738,0.910138,0.018977,0.255762
5.821607,-11.997209,0.201377,0.356771,0.110980,0.991584,3.218863,-31.568752,-3.968374,0.819417,0.028389,0.320451
6.164895,-12.010015,0.184589,0.303236,-0.066041,1.362502,3.308621,-27.319322,-3.259275,0.742729,-0.049370,0.338982
6.450964,-12.741301,0.099382,0.255798,-0.295601,1.621489,3.139050,-24.272157,-2.741539,0.688034,-0.239069,0.308257
6.590798,-14.304011,-0.078154,0.217167,-0.506726,1.693598,2.688621,-22.944695,-2.505408,0.663423,-0.541417,0.242816
6.528952,-17.060309,-0.393964,0.190871,-0.639453,1.578526,2.014102,-23.145607,-2.517815,0.660552,-0.958260,0.169248
6.263071,-21.191289,-0.858188,0.169722,-0.678589,1.361987,1.197091,-24.296179,-2.662943,0.658549,-1.434147,0.108758
5.830429,-26.322675,-1.412902,0.127506,-0.654681,1.174658,0.310584,-25.790910,-2.816567,0.623199,-1.865752,0.084897
5.281280,-31.570420,-1.950507,0.035283,-0.620272,1.158110,-0.580492,-27.134482,-2.899035,0.520292,-2.155316,0.124021
4.661173,-35.737676,-2.341152,-0.111841,-0.612150,1.402621,-1.406515,-27.735994,-2.846829,0.354473,-2.232440,0.217681
4.013863,-37.748088,-2.476196,-0.290802,-0.633951,1.890195,-2.080054,-26.994400,-2.601457,0.176188,-2.068319,0.321745
3.393577,-37.194376,-2.325938,-0.472400,-0.671906,2.521460,-2.508113,-24.720088,-2.152946,0.037265,-1.727255,0.396548
2.872870,-34.422755,-1.950461,-0.634112,-0.707154,3.177814,-2.632669,-21.458779,-1.595895,-0.034733,-1.313997,0.420599
2.516128,-30.159397,-1.459350,-0.765663,-0.711927,3.738324,-2.451567,-18.118413,-1.079183,-0.035989,-0.901750,0.388594
2.346930,-25.228261,-0.973059,-0.866017,-0.662300,4.107739,-2.006612,-15.315451,-0.709668,0.011594,-0.540375,0.322730
2.337697,-20.418565,-0.596401,-0.937701,-0.562951,4.258899,-1.373592,-13.092640,-0.503807,0.069346,-0.286927,0.259820
2.410037,-16.253926,-0.385735,-0.989548,-0.450055,4.230419,-0.658779,-11.224007,-0.423674,0.101472,-0.158594,0.233863
2.439814,-12.868947,-0.335059,-1.048547,-0.375963,4.086965,0.016669,-9.545290,-0.422263,0.070743,-0.144952,0.284303
2.301179,-10.099747,-0.388584,-1.145244,-0.380612,3.889133,0.540152,-8.016129,-0.467230,-0.058683,-0.231926,0.443318
1.913758,-7.634246,-0.465063,-1.287673,-0.466306,3.672981,0.840705,-6.488896,-0.516087,-0.289415,-0.387528,0.695858
1.266589,-5.237453,-0.495207,-1.455506,-0.598798,3.440853,0.916012,-4.727766,-0.515915,-0.580511,-0.560703,0.984504
0.421074,-2.925944,-0.454453,-1.617415,-0.735568,3.181425,0.814919,-2.698829,-0.439926,-0.876971,-0.717850,1.249650
-0.504556,-0.872243,-0.359109,-1.745978,-0.839857,2.896904,0.587938,-0.701495,-0.313133,-1.134612,-0.822404,1.448437
-1.388288,0.789429,-0.242128,-1.830687,-0.881496,2.605438,0.266600,0.878993,-0.182956,-1.328509,-0.829252,1.563116
-2.147323,2.032669,-0.135074,-1.874314,-0.837850,2.332731,-0.124321,1.870001,-0.080519,-1.452750,-0.719456,1.605245
-2.741974,2.904079,-0.059668,-1.880486,-0.703417,2.109804,-0.557866,2.389534,-0.005809,-1.510494,-0.524186,1.595835
-3.167325,3.488097,-0.022535,-1.853611,-0.493843,1.966603,-0.996918,2.656319,0.055236,-1.507258,-0.300497,1.554878
-3.450389,3.888870,-0.018117,-1.807253,-0.246968,1.918777,-1.395398,2.823330,0.112699,-1.458813,-0.116619,1.511779
-3.621960,4.213330,-0.033881,-1.756311,-0.008427,1.955990,-1.710087,2.973463,0.163363,-1.392727,-0.025445,1.492004
-3.695661,4.554681,-0.053764,-1.709308,0.183464,2.052340,-1.897821,3.201891,0.198616,-1.333050,-0.034708,1.497349
-3.674146,4.953760,-0.065768,-1.667129,0.309066,2.179737,-1.904841,3.585713,0.208213,-1.288157,-0.109845,1.518252
-3.563741,5.391369,-0.068270,-1.625488,0.365614,2.309176,-1.694452,4.108644,0.182764,-1.256239,-0.206106,1.551193
-3.383160,5.842416,-0.065631,-1.581480,0.363127,2.413365,-1.282121,4.694899,0.123647,-1.236668,-0.285123,1.595774
-3.172407,6.313528,-0.062555,-1.541590,0.315179,2.479987,-0.743123,5.281738,0.047611,-1.232990,-0.328962,1.651153
-2.986059,6.849041,-0.061476,-1.513367,0.237795,2.502386,-0.201847,5.848794,-0.024057,-1.246070,-0.344249,1.706434
-2.873814,7.518405,-0.062118,-1.490874,0.147067,2.465291,0.190629,6.436922,-0.073850,-1.267158,-0.353755,1.729530
-2.864323,8.378569,-0.062709,-1.455137,0.054919,2.352429,0.315693,7.130822,-0.089667,-1.277042,-0.380636,1.681438
-2.959653,9.463013,-0.062484,-1.381235,-0.035082,2.159652,0.130242,8.022664,-0.067265,-1.250129,-0.435708,1.542043
-3.130955,10.786986,-0.062410,-1.238662,-0.118495,1.884650,-0.328144,9.186898,-0.013813,-1.160600,-0.505621,1.310459
-3.325217,12.319790,-0.063025,-1.002629,-0.186585,1.533767,-0.948656,10.638391,0.053810,-0.990348,-0.556901,1.004785
-3.482994,13.965617,-0.062837,-0.670859,-0.227659,1.136545,-1.573621,12.298327,0.113794,-0.734397,-0.557080,0.666495
-3.558589,15.588125,-0.061242,-0.265679,-0.233352,0.739497,-2.062507,14.004928,0.144565,-0.403921,-0.495244,0.348657
-3.533453,17.049182,-0.060010,0.171733,-0.204899,0.385284,-2.333369,15.563380,0.135400,-0.026562,-0.385195,0.094480
-3.418004,18.241145,-0.061533,0.591558,-0.157018,0.111405,-2.375421,16.803048,0.094653,0.360386,-0.256924,-0.069670
-3.246060,19.124653,-0.066297,0.953036,-0.107828,-0.062798,-2.249859,17.635100,0.048959,0.719097,-0.141723,-0.142619
-3.066748,19.732971,-0.072913,1.235175,-0.070034,-0.150409,-2.068692,18.075965,0.036285,1.014855,-0.061368,-0.150790
-2.926470,20.131501,-0.076815,1.432433,-0.049265,-0.179000,-1.943142,18.216645,0.095467,1.221945,-0.023113,-0.128491
-2.853854,20.387443,-0.072941,1.552754,-0.044783,-0.162312,-1.948658,18.178252,0.247722,1.335297,-0.019277,-0.095712
-2.859129,20.565463,-0.058694,1.618570,-0.047612,-0.112044,-2.110401,18.086392,0.484371,1.371440,-0.032096,-0.065165
-2.937030,20.707275,-0.033950,1.654678,-0.049797,-0.045928,-2.399615,18.041624,0.766476,1.356577,-0.045601,-0.045660
-3.064810,20.824805,-0.001378,1.674117,-0.052580,0.017735,-2.752495,18.102261,1.032006,1.320797,-0.055375,-0.039878
-3.206511,20.932288,0.031102,1.682071,-0.062571,0.061540,-3.104783,18.299691,1.213065,1.294942,-0.069119,-0.054566
-3.326311,21.076190,0.057516,1.683297,-0.082305,0.071632,-3.405283,18.662734,1.264025,1.301231,-0.095894,-0.099437
-3.400912,21.329474,0.075222,1.689643,-0.104991,0.056472,-3.623722,19.220323,1.173624,1.359847,-0.129788,-0.156404
-3.429081,21.774816,0.077966,1.725941,-0.112371,0.046531,-3.754531,19.983451,0.963405,1.493894,-0.145130,-0.180959
-3.432684,22.474069,0.053402,1.818687,-0.084205,0.074423,-3.805475,20.923415,0.686902,1.708245,-0.113288,-0.139750
-3.439680,23.427872,-0.006145,1.976436,-0.009690,0.168498,-3.788057,21.966838,0.423085,1.977703,-0.017290,-0.020937
-3.468405,24.565509,-0.097917,2.185686,0.110484,0.351246,-3.716313,23.013628,0.256563,2.265377,0.147220,0.180779
-3.525662,25.778508,-0.199492,2.412001,0.265290,0.626586,-3.590532,23.977042,0.263735,2.524869,0.365865,0.454229
-3.606107,26.956816,-0.265071,2.603800,0.430080,0.985339,-3.383306,24.823921,0.497958,2.702556,0.600134,0.774352
-3.691598,28.018981,-0.237688,2.714062,0.571322,1.417841,-3.044403,25.590593,0.973153,2.771427,0.798823,1.114970
-3.753907,28.949145,-0.066132,2.727118,0.661109,1.910244,-2.515262,26.377318,1.666669,2.749136,0.913369,1.431015
-3.757860,29.809807,0.291939,2.660681,0.691720,2.449924,-1.749256,27.317756,2.532407,2.671420,0.914909,1.666135
-3.664534,30.693525,0.846858,2.555332,0.678423,3.021428,-0.743388,28.500679,3.491538,2.586540,0.813441,1.807778
-3.439219,31.663537,1.554344,2.461199,0.647510,3.587208,0.444033,29.892892,4.432691,2.545203,0.653095,1.879497
-3.055393,32.725792,2.322760,2.411436,0.614345,4.066350,1.701107,31.335134,5.242861,2.560657,0.478657,1.875936
-2.506096,33.823299,3.044115,2.397404,0.574001,4.336607,2.861195,32.610172,5.839800,2.594262,0.316528,1.760995
-1.820745,34.862191,3.619103,2.376505,0.513745,4.268095,3.722867,33.534689,6.187743,2.588040,0.181273,1.513540
-1.071621,35.761513,3.986838,2.297180,0.426091,3.795384,4.121247,34.034386,6.302229,2.480342,0.078971,1.139804
-0.370215,36.469818,4.134045,2.114622,0.312084,2.966621,3.983536,34.150393,6.227989,2.222100,0.007185,0.682797
0.140329,36.958444,4.077651,1.807826,0.182971,1.939237,3.341884,34.000734,6.009246,1.809688,-0.037269,0.232242
0.338593,37.242319,3.848734,1.411603,0.059625,0.937076,2.358767,33.760537,5.685414,1.309183,-0.058213,-0.112918
0.183329,37.398213,3.498045,1.023219,-0.026841,0.204848,1.301306,33.636186,5.295792,0.840935,-0.061726,-0.266171
-0.278734,37.522616,3.080582,0.768868,-0.033991,-0.065390,0.435696,33.773734,4.864170,0.554500,-0.049280,-0.137823
-0.945271,37.664869,2.638213,0.756782,0.073160,0.204189,-0.071779,34.179314,4.392035,0.579355,-0.014361,0.331474
-1.682343,37.781290,2.199427,1.038736,0.291614,0.942983,-0.175365,34.705703,3.871659,0.972944,0.047331,1.094953
-2.375567,37.718988,1.787223,1.573221,0.570611,1.938222,0.037606,35.089979,3.301669,1.682013,0.129938,1.997037
-2.961299,37.263653,1.418455,2.227751,0.832808,2.899980,0.385621,35.041886,2.697007,2.541863,0.219721,2.841496
-3.414284,36.223656,1.109368,2.825777,0.995980,3.561585,0.685650,34.338235,2.090638,3.315746,0.297415,3.452030
-3.740751,34.471359,0.871662,3.191319,0.994901,3.737733,0.800422,32.836045,1.518617,3.762560,0.336945,3.701261
-3.992106,31.977599,0.702296,3.181347,0.803970,3.366606,0.630848,30.497474,1.010325,3.695315,0.311921,3.544907
-4.201717,28.875970,0.582496,2.756888,0.445909,2.543795,0.193201,27.474926,0.593478,3.069142,0.205691,3.036199
-4.346579,25.475143,0.494103,2.023683,-0.012263,1.494674,-0.372774,24.129138,0.300284,2.033402,0.016891,2.313660
-4.385660,22.175413,0.421859,1.188715,-0.461326,0.491104,-0.909362,20.912870,0.156857,0.879352,-0.238863,1.559492
-4.306423,19.335007,0.356049,0.479644,-0.785641,-0.232698,-1.321146,18.220565,0.172743,-0.075534,-0.519488,0.946263
-4.122470,17.147045,0.299209,0.078416,-0.915165,-0.552191,-1.560479,16.256865,0.340167,-0.581607,-0.754073,0.570600
-3.885180,15.600767,0.266341,0.052855,-0.847835,-0.483289,-1.636213,14.996712,0.634278,-0.547044,-0.873683,0.426085
-3.651717,14.559999,0.276520,0.343598,-0.638219,-0.143125,-1.584251,14.273598,1.005376,-0.066320,-0.852029,0.441122
-3.440465,13.867631,0.346421,0.819555,-0.378412,0.290838,-1.431636,13.891267,1.394481,0.655790,-0.715956,0.531117
-3.247354,13.376542,0.477073,1.337692,-0.162010,0.624757,-1.224313,13.641462,1.759797,1.404811,-0.527659,0.598825
-3.097954,12.950926,0.654994,1.771248,-0.039001,0.727935,-1.073580,13.326978,2.085674,2.006659,-0.350808,0.566496
-3.011544,12.475870,0.869640,2.058149,-0.001656,0.604633,-1.070212,12.809522,2.377685,2.387864,-0.215778,0.433006
-2.978370,11.855715,1.128945,2.222908,-0.014882,0.373231,-1.230242,12.022313,2.664180,2.596136,-0.111835,0.276692
-2.981122,11.008005,1.448107,2.337483,-0.039444,0.202539,-1.525169,10.940260,2.962674,2.734141,-0.012994,0.198468
-3.010428,9.854331,1.841789,2.465509,-0.027749,0.228940,-1.909076,9.543041,3.244682,2.887258,0.106771,0.291400
-3.058576,8.313281,2.308991,2.635492,0.067995,0.497499,-2.312078,7.777818,3.442485,3.093454,0.275900,0.606845
-3.123897,6.360255,2.806030,2.828390,0.272527,0.956199,-2.654724,5.615670,3.472436,3.318635,0.503041,1.111981
-3.180515,4.101052,3.247496,2.993897,0.563745,1.497966,-2.839198,3.139842,3.245147,3.473326,0.748398,1.695566
-3.173626,1.762663,3.539937,3.081556,0.869421,1.966908,-2.785135,0.551356,2.734631,3.474701,0.940547,2.218268
-3.067456,-0.396967,3.589478,3.061592,1.082377,2.202668,-2.499970,-1.912876,2.040799,3.286798,1.015025,2.535544
-2.883280,-2.180861,3.325582,2.929164,1.115227,2.120228,-2.093691,-4.050909,1.365106,2.928678,0.943557,2.547286
-2.668616,-3.515846,2.746378,2.709190,0.938138,1.758970,-1.704623,-5.756931,0.945698,2.472555,0.748324,2.255953
-2.470746,-4.449075,1.936603,2.448688,0.560626,1.244949,-1.439434,-7.027293,1.002883,2.012894,0.491530,1.757207
-2.328084,-5.091063,1.036165,2.193244,0.010308,0.730041,-1.350190,-7.914911,1.634264,1.619538,0.237536,1.177180
-2.262453,-5.566699,0.219197,1.968248,-0.613563,0.322001,-1.435729,-8.495753,2.756900,1.326837,0.034825,0.637668
-2.281149,-5.997568,-0.344063,1.782107,-1.142402,0.064554,-1.658181,-8.872607,4.153674,1.138432,-0.076249,0.233126
-2.383777,-6.457210,-0.540168,1.635615,-1.412475,-0.043658,-1.951212,-9.133913,5.545978,1.027766,-0.070477,0.002602
-2.544357,-6.946566,-0.322934,1.521731,-1.342941,-0.025294,-2.217375,-9.327181,6.657149,0.943862,0.040397,-0.077442
-2.710686,-7.419374,0.314621,1.420300,-0.964656,0.059412,-2.366411,-9.478393,7.326159,0.826364,0.210245,-0.070469
-2.830355,-7.820589,1.309751,1.305546,-0.419294,0.135199,-2.358440,-9.612333,7.562060,0.622022,0.376028,-0.057953
-2.866480,-8.115015,2.512084,1.161831,0.124368,0.157724,-2.198719,-9.752434,7.482222,0.317393,0.478686,-0.101967
-2.794015,-8.312547,3.719487,0.991652,0.547659,0.130992,-1.915940,-9.931470,7.231361,-0.049470,0.478906,-0.215418
-2.600272,-8.454096,4.736192,0.814619,0.788331,0.079426,-1.543716,-10.173736,6.930121,-0.411017,0.367184,-0.372376
-2.281857,-8.581405,5.418845,0.660752,0.815186,0.027703,-1.102302,-10.469063,6.614142,-0.700459,0.166400,-0.538926
-1.841695,-8.729225,5.727674,0.556910,0.668898,-0.015291,-0.601802,-10.784341,6.236830,-0.866513,-0.070618,-0.684164
-1.298667,-8.933592,5.721177,0.517695,0.454426,-0.050841,-0.060708,-11.098780,5.726654,-0.889063,-0.277331,-0.776244
-0.689573,-9.219225,5.501205,0.542249,0.277999,-0.077665,0.496646,-11.413256,5.020090,-0.785288,-0.404022,-0.787855
-0.051437,-9.586469,5.163944,0.610565,0.192440,-0.087082,1.045184,-11.747716,4.095157,-0.608726,-0.447225,-0.722814
0.583932,-10.012029,4.790195,0.682870,0.190068,-0.080212,1.549724,-12.130053,3.019832,-0.436770,-0.455587,-0.629943
1.180083,-10.457743,4.415987,0.715990,0.217026,-0.068484,1.956706,-12.571497,1.936391,-0.347316,-0.501320,-0.584883
1.693486,-10.885207,4.017596,0.684347,0.227013,-0.060817,2.204251,-13.049206,0.992301,-0.387651,-0.638243,-0.652954
2.074099,-11.271632,3.534526,0.589033,0.206281,-0.058474,2.235321,-13.510675,0.292424,-0.562109,-0.881624,-0.860460
2.265712,-11.608105,2.922256,0.452680,0.159768,-0.060455,2.013206,-13.887512,-0.127300,-0.831028,-1.203394,-1.182280
2.220034,-11.891846,2.191615,0.314367,0.091287,-0.063015,1.535351,-14.115119,-0.304836,-1.119782,-1.529071,-1.553918
1.911594,-12.124488,1.421886,0.217829,0.015120,-0.063378,0.839300,-14.157933,-0.315253,-1.339448,-1.761870,-1.891602
1.344026,-12.316915,0.725933,0.197701,-0.046423,-0.062421,-0.003614,-14.026647,-0.232974,-1.415426,-1.821523,-2.104034
0.562653,-12.493735,0.195704,0.272659,-0.079623,-0.062297,-0.898188,-13.785609,-0.129638,-1.302595,-1.672524,-2.111753
-0.337172,-12.691831,-0.135968,0.447063,-0.087088,-0.062558,-1.745359,-13.542519,-0.060446,-0.998478,-1.340370,-1.891758
-1.229675,-12.950088,-0.284491,0.705451,-0.079984,-0.062526,-2.464356,-13.417422,-0.044061,-0.549284,-0.915550,-1.501010
-1.991258,-13.301049,-0.288286,1.013963,-0.069635,-0.062468,-3.007958,-13.504084,-0.066027,-0.039906,-0.517610,-1.053860
-2.526999,-13.766289,-0.193007,1.329063,-0.060339,-0.062515,-3.363586,-13.849652,-0.096622,0.426018,-0.243101,-0.676257
-2.794821,-14.350165,-0.044232,1.601951,-0.055235,-0.062502,-3.548505,-14.449810,-0.107582,0.741826,-0.136861,-0.459835
-2.817164,-15.030472,0.124487,1.779517,-0.060986,-0.062479,-3.603450,-15.252816,-0.085562,0.832809,-0.188124,-0.429292
-2.667036,-15.756324,0.296034,1.822363,-0.082559,-0.062541,-3.581143,-16.166145,-0.025837,0.688229,-0.331065,-0.546073
-2.441062,-16.456411,0.464929,1.718279,-0.115929,-0.062478,-3.527870,-17.075408,0.082414,0.357991,-0.470916,-0.732672
-2.231873,-17.057271,0.627857,1.478372,-0.145079,-0.062407,-3.470106,-17.865692,0.253389,-0.080096,-0.517868,-0.895374
-2.099708,-17.501939,0.773069,1.130616,-0.142861,-0.062741,-3.406251,-18.444290,0.487033,-0.547842,-0.412626,-0.952825
-2.055749,-17.758978,0.876376,0.718943,-0.078051,-0.062818,-3.309403,-18.758760,0.759480,-0.990748,-0.143730,-0.870826
-2.068415,-17.818466,0.914063,0.291353,0.073002,-0.061311,-3.147743,-18.802775,1.027867,-1.383506,0.241126,-0.676396
-2.084336,-17.687187,0.875763,-0.109366,0.320356,-0.060660,-2.899793,-18.601348,1.244630,-1.712802,0.657127,-0.435382
-2.046517,-17.383761,0.766327,-0.443901,0.657353,-0.064681,-2.552676,-18.196600,1.369351,-1.962570,1.023889,-0.214553
-1.907507,-16.933285,0.606468,-0.678166,1.053411,-0.071247,-2.105099,-17.639474,1.370138,-2.122171,1.295454,-0.052292
-1.640330,-16.365253,0.426125,-0.791101,1.454808,-0.070979,-1.577504,-16.985618,1.235449,-2.181928,1.460421,0.043163
-1.245108,-15.717888,0.252124,-0.775700,1.797942,-0.056645,-1.006624,-16.290144,0.989065,-2.128484,1.533273,0.079784
-0.743493,-15.038992,0.101210,-0.641439,2.024926,-0.029229,-0.434576,-15.610127,0.684404,-1.962348,1.531382,0.064470
-0.168601,-14.380713,-0.017250,-0.421901,2.095798,-0.002383,0.098966,-14.999048,0.381552,-1.715766,1.453893,-0.005242
0.440392,-13.788896,-0.100630,-0.170811,1.994923,0.001687,0.567515,-14.495470,0.129459,-1.443160,1.281660,-0.139736
1.038185,-13.294893,-0.148971,0.055087,1.726915,-0.035343,0.958590,-14.117284,-0.047764,-1.209896,0.999607,-0.343038
1.572951,-12.911432,-0.161467,0.211360,1.316551,-0.120520,1.257359,-13.862136,-0.152420,-1.070274,0.610774,-0.611354
1.985619,-12.634026,-0.136682,0.275805,0.816040,-0.254340,1.447540,-13.702589,-0.197193,-1.037380,0.146263,-0.928041
2.222554,-12.443421,-0.071160,0.255555,0.299159,-0.424968,1.527212,-13.591322,-0.190092,-1.084083,-0.335823,-1.261290
2.257422,-12.307291,0.047710,0.178736,-0.162545,-0.603075,1.506265,-13.474739,-0.139139,-1.176451,-0.764182,-1.570662
2.099787,-12.182002,0.229781,0.077938,-0.515774,-0.751744,1.392556,-13.305419,-0.050260,-1.281156,-1.077014,-1.826921
1.786007,-12.023649,0.465806,-0.020552,-0.737188,-0.849842,1.189513,-13.050898,0.080034,-1.372920,-1.241574,-2.020969
1.372831,-11.800427,0.723800,-0.105623,-0.843208,-0.905779,0.895638,-12.704228,0.255137,-1.455099,-1.273477,-2.172910
0.928849,-11.493658,0.958651,-0.186244,-0.875353,-0.958177,0.510577,-12.277319,0.458941,-1.555534,-1.230773,-2.323559
0.517652,-11.089990,1.125506,-0.280306,-0.878732,-1.054006,0.052723,-11.782956,0.654557,-1.693389,-1.183228,-2.504681
0.180898,-10.586323,1.193789,-0.400220,-0.899701,-1.217224,-0.441572,-11.229108,0.797778,-1.868650,-1.179644,-2.706338
-0.070819,-9.999370,1.149603,-0.540765,-0.968447,-1.437084,-0.937375,-10.625844,0.854131,-2.050298,-1.227196,-2.886718
-0.255476,-9.366264,0.998946,-0.668911,-1.068136,-1.681309,-1.402998,-9.989028,0.811514,-2.175704,-1.286466,-2.992925
-0.398899,-8.739224,0.769633,-0.740575,-1.158730,-1.905203,-1.800386,-9.348313,0.683885,-2.197454,-1.308593,-2.982908
-0.520734,-8.176528,0.505330,-0.741875,-1.226986,-2.060052,-2.098571,-8.748413,0.498169,-2.128439,-1.280364,-2.837355
-0.646506,-7.716071,0.251665,-0.701240,-1.287194,-2.103417,-2.296067,-8.226218,0.287529,-2.007437,-1.223974,-2.560787
-0.817564,-7.357048,0.048236,-0.660451,-1.358861,-2.012761,-2.426777,-7.786217,0.093750,-1.870734,-1.178606,-2.179328
-1.073994,-7.062904,-0.079048,-0.653662,-1.468806,-1.799480,-2.545550,-7.400158,-0.040708,-1.749566,-1.188072,-1.750616
-1.431893,-6.778494,-0.121918,-0.687724,-1.617809,-1.505513,-2.697071,-7.021309,-0.094287,-1.647252,-1.266248,-1.346251
-1.867153,-6.450704,-0.086756,-0.724518,-1.752896,-1.177764,-2.882922,-6.603231,-0.073891,-1.522039,-1.373664,-1.014877
-2.306987,-6.057702,0.000763,-0.702281,-1.811016,-0.851657,-3.063912,-6.126821,-0.008688,-1.326149,-1.445977,-0.764481
-2.655905,-5.633712,0.086146,-0.566850,-1.752044,-0.553420,-3.195060,-5.629240,0.063270,-1.021354,-1.417106,-0.576617
-2.841333,-5.278651,0.099938,-0.271925,-1.531572,-0.301539,-3.251026,-5.216130,0.105609,-0.583344,-1.225657,-0.421992
-2.829169,-5.122251,-0.019256,0.186484,-1.140706,-0.108699,-3.222150,-5.024135,0.092143,-0.047648,-0.860772,-0.285019
-2.627816,-5.256192,-0.313685,0.728056,-0.659684,0.010292,-3.112187,-5.142079,0.005782,0.470772,-0.403184,-0.175242
-2.311863,-5.680591,-0.791457,1.229364,-0.209017,0.048914,-2.955836,-5.548448,-0.155816,0.867833,0.024097,-0.104715
-2.012326,-6.312096,-1.410592,1.610879,0.129368,0.026919,-2.826068,-6.123606,-0.372460,1.118356,0.326944,-0.068472
-1.853725,-7.031303,-2.082248,1.864368,0.319359,-0.019394,-2.810989,-6.719372,-0.607014,1.274361,0.468648,-0.057292
-1.892943,-7.750364,-2.692133,2.051829,0.392328,-0.049185,-2.966844,-7.248643,-0.824150,1.444594,0.485348,-0.059884
-2.093484,-8.452371,-3.132717,2.269366,0.445111,-0.019486,-3.280084,-7.730040,-1.000069,1.732009,0.474730,-0.051462
-2.321433,-9.177908,-3.342020,2.555822,0.548841,0.091293,-3.656280,-8.261770,-1.124629,2.136561,0.518769,-0.008135
-2.402435,-9.990728,-3.316478,2.850735,0.696112,0.267320,-3.952600,-8.972945,-1.193202,2.565100,0.632339,0.072354
-2.213334,-10.957166,-3.089843,3.057319,0.858440,0.474755,-4.028975,-9.984786,-1.197131,2.901757,0.785619,0.176717
-1.709021,-12.074501,-2.709335,3.066276,0.987386,0.673501,-3.781331,-11.317799,-1.130702,3.011256,0.917646,0.276345
-0.901853,-13.206851,-2.223375,2.763427,0.990973,0.802223,-3.148688,-12.813621,-1.002752,2.752410,0.930242,0.312289
0.118061,-14.121336,-1.666940,2.104251,0.790930,0.804904,-2.143089,-14.178224,-0.830085,2.080719,0.743533,0.222295
1.199586,-14.599601,-1.057869,1.169633,0.377362,0.675014,-0.864326,-15.123742,-0.631119,1.087927,0.355367,-0.001783
2.205743,-14.536186,-0.409621,0.123966,-0.204399,0.441015,0.522364,-15.492611,-0.428531,-0.042304,-0.167176,-0.288008
3.047302,-13.997773,0.252295,-0.830119,-0.853027,0.138166,1.836522,-15.324021,-0.236039,-1.075901,-0.718723,-0.523178
3.663838,-13.174518,0.877781,-1.523922,-1.429706,-0.174867,2.916202,-14.779246,-0.046524,-1.823470,-1.178497,-0.618896
4.026617,-12.244884,1.391942,-1.921493,-1.836753,-0.428722,3.648691,-14.002512,0.151137,-2.262659,-1.468202,-0.584467
4.107356,-11.281478,1.727049,-2.123486,-2.053429,-0.575377,3.961036,-13.038854,0.357637,-2.522758,-1.589682,-0.544253
3.831185,-10.270107,1.857566,-2.265869,-2.084577,-0.594186,3.793399,-11.850515,0.572896,-2.790381,-1.580192,-0.667114
3.115218,-9.178331,1.802890,-2.481488,-1.941805,-0.503643,3.095500,-10.377678,0.782700,-3.267463,-1.473128,-1.070411
1.917987,-8.003953,1.615481,-2.876849,-1.657933,-0.394562,1.857008,-8.595057,0.956655,-4.108936,-1.313724,-1.797462
0.216854,-6.681293,1.367835,-3.475629,-1.273759,-0.368457,0.113189,-6.544879,1.069307,-5.324016,-1.141715,-2.797372
-1.945608,-5.162939,1.124281,-4.193314,-0.833886,-0.440597,-2.030400,-4.459266,1.079478,-6.754472,-0.961767,-3.880627
-4.377590,-3.731610,0.915650,-4.873832,-0.388933,-0.568278,-4.382112,-2.753396,0.917155,-8.113671,-0.769535,-4.732064
-6.802558,-2.859702,0.738478,-5.337527,0.036792,-0.731803,-6.711238,-1.759706,0.560844,-9.069390,-0.578116,-5.053443
-8.961409,-2.743223,0.560184,-5.462312,0.459704,-0.924987,-8.818027,-1.516500,0.075748,-9.404672,-0.402909,-4.708056
-10.623208,-3.426559,0.337345,-5.233078,0.905029,-1.154924,-10.534657,-1.904601,-0.453472,-9.120324,-0.255831,-3.786039
-11.607440,-4.939862,0.058359,-4.739581,1.380036,-1.459829,-11.712475,-2.823240,-0.970575,-8.393815,-0.154590,-2.563560
-11.805060,-6.965074,-0.239474,-4.145639,1.880368,-1.883920,-12.217186,-4.264835,-1.439559,-7.504008,-0.097844,-1.367920
-11.084320,-9.074493,-0.494175,-3.629229,2.388797,-2.456098,-11.882694,-6.396028,-1.864722,-6.727135,-0.054754,-0.420453
-9.282495,-11.379225,-0.643169,-3.271228,2.860814,-3.181464,-10.501458,-9.427854,-2.270543,-6.184989,-0.001682,0.189490
-6.329463,-14.293556,-0.637124,-2.996519,3.227263,-3.962947,-7.915475,-13.273567,-2.644843,-5.771897,0.067295,0.461372
-2.301932,-18.231777,-0.473976,-2.588334,3.402771,-4.556656,-4.114897,-17.625290,-2.979431,-5.200358,0.162102,0.467310
2.582886,-23.828838,-0.210546,-1.767974,3.307082,-4.709746,0.692901,-22.084230,-3.296991,-4.108214,0.277440,0.341752
7.855633,-31.278712,0.055673,-0.356728,2.918262,-4.328875,5.989167,-25.902888,-3.543686,-2.260296,0.379101,0.217063
12.795314,-39.648927,0.226903,1.596744,2.300929,-3.498067,10.978777,-28.078269,-3.573890,0.278127,0.430110,0.174833
16.622089,-47.819704,0.259810,3.852279,1.576517,-2.419405,14.822983,-28.008300,-3.282001,3.169224,0.417762,0.225497
18.696499,-55.044512,0.209751,6.025961,0.872341,-1.330227,16.895351,-25.813987,-2.676762,5.910592,0.342148,0.309630
18.660148,-60.261001,0.192407,7.623723,0.287359,-0.405856,16.919111,-22.233348,-1.869447,7.924020,0.212879,0.335100
16.631935,-62.645534,0.341886,8.221913,-0.132337,0.266786,15.093582,-18.430315,-1.052089,8.761694,0.046970,0.235066
13.195672,-62.561990,0.765018,7.674977,-0.399597,0.675559,12.059724,-15.504654,-0.405631,8.306954,-0.144871,-0.032737
9.146922,-60.892909,1.495778,6.147091,-0.558754,0.882242,8.626830,-13.909363,-0.002909,6.774695,-0.356529,-0.497186
5.246518,-58.293392,2.437155,4.038201,-0.661205,0.994230,5.490935,-13.606017,0.151530,4.606833,-0.547641,-1.142974
2.087169,-55.375884,3.387004,1.854024,-0.760070,1.079264,3.119585,-14.425844,0.068972,2.346909,-0.655369,-1.881109
-0.072881,-52.149496,4.113156,-0.017504,-0.878289,1.124214,1.644287,-15.903093,-0.166743,0.425561,-0.635013,-2.559101
-1.319623,-47.903475,4.490211,-1.423369,-0.988689,1.073933,0.872927,-17.292219,-0.411917,-0.967513,-0.478250,-2.995757
-1.892308,-42.489052,4.577334,-2.359523,-1.043009,0.896616,0.519177,-18.058574,-0.563010,-1.810622,-0.203066,-3.054443
-2.005583,-36.767300,4.602220,-2.899090,-1.004688,0.625078,0.425919,-18.067949,-0.593410,-2.169561,0.140151,-2.713383
-1.812117,-31.462268,4.806654,-3.191418,-0.858862,0.353153,0.578938,-17.480316,-0.527987,-2.185955,0.482118,-2.075401
-1.341892,-27.011245,5.344631,-3.375811,-0.629199,0.169722,1.104395,-16.635356,-0.411581,-2.000334,0.751831,-1.320315
-0.520310,-23.849644,6.204593,-3.491856,-0.372751,0.117787,2.218128,-15.815761,-0.266117,-1.687668,0.891955,-0.634250
0.692661,-22.111760,7.215906,-3.486855,-0.144604,0.196198,4.032693,-15.015186,-0.084054,-1.284547,0.869272,-0.137165
2.211932,-21.498632,8.071925,-3.268337,0.013804,0.362270,6.439558,-14.124788,0.134870,-0.823387,0.695856,0.141839
3.866043,-21.633833,8.395575,-2.772095,0.064182,0.536715,9.171460,-13.195061,0.365694,-0.346772,0.406487,0.231475
5.410942,-21.963885,7.822583,-2.042922,0.002881,0.646228,11.809186,-12.324461,0.573543,0.063860,0.033752,0.186426
6.583000,-22.061083,6.199563,-1.231365,-0.122603,0.657588,13.806687,-11.499347,0.707542,0.312190,-0.390934,0.071471
7.233198,-22.079631,3.689872,-0.506394,-0.247180,0.579238,14.708053,-10.702979,0.701837,0.360013,-0.818113,-0.071517
7.375362,-22.545919,0.748890,0.005463,-0.317734,0.453507,14.327947,-9.962439,0.512124,0.241362,-1.183419,-0.235765
7.086375,-23.547222,-2.042922,0.224991,-0.305237,0.345701,12.733786,-9.299249,0.152411,0.021632,-1.407912,-0.424015
6.446580,-24.655441,-4.133975,0.132092,-0.227410,0.304246,10.205864,-8.702027,-0.286981,-0.223377,-1.428549,-0.633811
5.531894,-25.247484,-5.163532,-0.209550,-0.137977,0.344263,7.213239,-8.115767,-0.648933,-0.414773,-1.234042,-0.844487
4.390131,-24.832987,-5.017315,-0.669693,-0.084189,0.462027,4.246219,-7.426180,-0.777912,-0.496542,-0.869992,-1.005895
3.051166,-23.185931,-3.826757,-1.102444,-0.095254,0.640054,1.685942,-6.537606,-0.577961,-0.454321,-0.416921,-1.061230
1.579424,-20.399862,-1.935058,-1.384051,-0.191953,0.841351,-0.184873,-5.465447,-0.017992,-0.310014,0.014142,-0.981551
0.080769,-16.781384,0.179583,-1.440176,-0.364740,1.031633,-1.230417,-4.324741,0.859173,-0.102374,0.316496,-0.771436
-1.313969,-12.922726,2.037972,-1.289359,-0.557943,1.190420,-1.598969,-3.239199,1.908378,0.110710,0.426908,-0.475006
-2.474587,-9.482348,3.307509,-1.033530,-0.700182,1.301350,-1.634381,-2.304284,2.929055,0.261098,0.339683,-0.165929
-3.306175,-6.869489,3.881890,-0.781545,-0.743460,1.353910,-1.633319,-1.578351,3.759979,0.296258,0.084434,0.094858
-3.761207,-5.228439,3.775630,-0.593769,-0.669003,1.350095,-1.738840,-1.086326,4.317578,0.189858,-0.308213,0.283347
-3.820466,-4.606292,2.973057,-0.484602,-0.472672,1.291587,-1.986755,-0.839335,4.575977,-0.067232,-0.832129,0.394328
-3.493316,-4.955026,1.482815,-0.439463,-0.163939,1.180113,-2.335830,-0.828942,4.557711,-0.468736,-1.493053,0.435780
-2.825678,-6.043914,-0.545917,-0.429694,0.227989,1.022042,-2.673479,-1.014951,4.334726,-0.990305,-2.284826,0.430785
-1.895905,-7.497016,-2.941077,-0.386858,0.655004,0.829232,-2.782437,-1.335619,4.037459,-1.589136,-3.212598,0.425451
