-2.710664,1.743914,0.103646,-1.223860,-0.848845,-1.324667,-0.115365,1.301338,-0.060779,-1.892020,-0.779934,-1.938582
-2.734364,2.309579,0.056168,-1.466119,-0.866384,-1.159146,-0.105712,1.974488,-0.062547,-2.220633,-0.832452,-2.116729
-2.831167,3.029413,-0.109598,-1.726240,-0.812480,-1.025903,-0.325603,2.782321,-0.064273,-2.565506,-0.823789,-2.212703
-2.948332,3.895695,-0.388569,-2.003587,-0.697036,-1.011219,-0.682997,3.699554,-0.065707,-2.918716,-0.743761,-2.177671
-3.024577,4.876565,-0.768180,-2.290481,-0.560664,-1.170044,-1.049259,4.694416,-0.063077,-3.276391,-0.607982,-1.981717
-3.007506,5.886720,-1.179578,-2.580417,-0.444331,-1.492805,-1.325875,5.677831,-0.054220,-3.643980,-0.449785,-1.637466
-2.870632,6.800337,-1.497720,-2.878235,-0.365862,-1.894289,-1.476202,6.511373,-0.045957,-4.036019,-0.299369,-1.198449
-2.630663,7.521014,-1.615220,-3.196893,-0.314112,-2.216864,-1.524442,7.093214,-0.051254,-4.472042,-0.173818,-0.739388
-2.336776,8.038675,-1.497598,-3.545780,-0.261194,-2.298068,-1.535236,7.418123,-0.082902,-4.966434,-0.080406,-0.338017
-2.063571,8.486403,-1.179549,-3.918682,-0.197311,-2.073177,-1.563279,7.643486,-0.143033,-5.507880,-0.019375,-0.047792
-1.912252,9.135111,-0.768640,-4.291215,-0.155904,-1.623777,-1.624566,8.097060,-0.210784,-6.045670,0.010234,0.111979
-1.995718,10.303176,-0.388907,-4.622855,-0.190882,-1.115016,-1.717092,9.166423,-0.242259,-6.496524,0.004200,0.145875
-2.395255,12.256509,-0.108498,-4.857706,-0.339003,-0.718774,-1.827054,11.182264,-0.188088,-6.761952,-0.038316,0.072049
-3.147317,15.165113,0.058572,-4.928248,-0.612530,-0.554996,-1.912948,14.389594,0.002840,-6.752471,-0.109047,-0.082705
-4.231039,18.979880,0.104796,-4.780423,-0.985491,-0.655470,-1.944232,18.795629,0.380997,-6.425910,-0.199260,-0.299837
-5.563358,23.355364,0.058319,-4.405817,-1.378534,-0.953240,-1.942469,24.029738,0.974681,-5.812121,-0.299919,-0.558380
-7.005490,27.746363,-0.018217,-3.857768,-1.676423,-1.312305,-1.962461,29.429484,1.761360,-5.006084,-0.394200,-0.811060
-8.393734,31.608375,-0.073779,-3.234523,-1.779468,-1.549923,-2.059469,34.287510,2.667456,-4.139422,-0.463217,-0.979225
-9.547666,34.551207,-0.091466,-2.640703,-1.640929,-1.502460,-2.268341,38.046762,3.574449,-3.339401,-0.490287,-0.969522
-10.296035,36.479313,-0.077101,-2.151535,-1.288530,-1.114028,-2.560131,40.482692,4.339445,-2.682704,-0.464314,-0.702330
-10.521182,37.594816,-0.058693,-1.799410,-0.823273,-0.455750,-2.844774,41.740688,4.837517,-2.175126,-0.394534,-0.161519
-10.188386,38.237832,-0.056330,-1.569974,-0.376668,0.340632,-3.045484,42.167604,4.991952,-1.767667,-0.312217,0.577313
-9.323951,38.716525,-0.063036,-1.403789,-0.036395,1.129384,-3.139771,42.126201,4.768760,-1.386557,-0.240145,1.369360
-8.030316,39.256731,-0.063946,-1.215743,0.169496,1.781586,-3.131423,41.960704,4.196286,-0.961136,-0.179093,2.047193
-6.487403,39.910837,-0.062085,-0.932582,0.262017,2.212732,-3.048126,41.883594,3.381063,-0.454090,-0.121140,2.465102
-4.918178,40.522932,-0.062315,-0.526284,0.301714,2.391398,-2.938503,41.877418,2.476967,0.122511,-0.056966,2.552358
-3.536372,40.831654,-0.062733,-0.027900,0.364212,2.331012,-2.836724,41.761936,1.632223,0.716066,0.023377,2.344068
-2.511041,40.605288,-0.062387,0.488814,0.493958,2.097670,-2.752734,41.335141,0.960584,1.252964,0.122213,1.961639
-1.911518,39.710010,-0.062534,0.945769,0.697553,1.785565,-2.691344,40.447499,0.510059,1.662955,0.240341,1.562733
-1.694259,38.180066,-0.062493,1.288583,0.950185,1.467274,-2.636233,39.081785,0.257797,1.907540,0.376831,1.278378
-1.744651,36.191742,-0.062501,1.491822,1.194376,1.179779,-2.553102,37.350099,0.147194,1.991616,0.510448,1.156745
-1.934650,33.970263,-0.062500,1.559624,1.350123,0.937711,-2.438845,35.417828,0.121543,1.947207,0.597354,1.144591
-2.140336,31.740106,-0.062500,1.524454,1.367302,0.733824,-2.339150,33.454777,0.121381,1.812969,0.605156,1.136962
-2.274161,29.728450,-0.062500,1.430782,1.243168,0.550851,-2.307888,31.653866,0.103791,1.624113,0.532281,1.056087
-2.300308,28.098051,-0.062500,1.317469,1.013393,0.376566,-2.383076,30.169980,0.061123,1.409910,0.400900,0.883695
-2.220936,26.895615,-0.062500,1.208487,0.738794,0.208816,-2.568878,29.053780,0.007804,1.196837,0.244110,0.632162
-2.062170,26.067310,-0.062500,1.112202,0.481677,0.062667,-2.816868,28.256932,-0.039723,1.016656,0.094544,0.328211
-1.869315,25.483931,-0.062501,1.030142,0.274052,-0.035321,-3.050526,27.668228,-0.066599,0.900276,-0.027882,0.014757
-1.687771,24.964051,-0.062497,0.970556,0.125047,-0.075807,-3.218195,27.128627,-0.071631,0.869815,-0.110907,-0.256661
-1.562485,24.338098,-0.062509,0.949468,0.034817,-0.083339,-3.302134,26.476318,-0.067923,0.945233,-0.144201,-0.425255
-1.541239,23.479735,-0.062484,0.984715,-0.006417,-0.101552,-3.306112,25.578960,-0.066215,1.151699,-0.127840,-0.408990
-1.658420,22.326690,-0.062507,1.089208,-0.024567,-0.169833,-3.255038,24.375226,-0.065838,1.499158,-0.081536,-0.165426
-1.913386,20.912203,-0.062541,1.263709,-0.042724,-0.288498,-3.191037,22.902914,-0.065044,1.964206,-0.031131,0.262389
-2.273757,19.358457,-0.062396,1.486941,-0.069094,-0.393587,-3.152884,21.288765,-0.063316,2.491694,0.008986,0.796951
-2.689455,17.814810,-0.062371,1.719579,-0.097831,-0.377588,-3.165623,19.683702,-0.060646,3.010376,0.036778,1.351741
-3.103385,16.401810,-0.062921,1.919208,-0.114780,-0.128416,-3.229103,18.208162,-0.059328,3.454028,0.055482,1.799188
-3.466544,15.176947,-0.063294,2.055998,-0.103124,0.447120,-3.309715,16.923347,-0.062687,3.787889,0.072217,2.040107
-3.741819,14.122575,-0.062089,2.118701,-0.051607,1.373718,-3.352751,15.828186,-0.070921,4.005180,0.093559,2.075095
-3.897356,13.179217,-0.059200,2.113158,0.049666,2.565065,-3.309691,14.871671,-0.081081,4.113900,0.122214,1.959555
-3.907626,12.294776,-0.057462,2.055383,0.207610,3.842979,-3.152086,13.988172,-0.086673,4.138465,0.161758,1.776908
-3.757610,11.423457,-0.061311,1.965261,0.416310,4.994941,-2.873308,13.109386,-0.080307,4.119871,0.214425,1.665301
-3.440414,10.512452,-0.073397,1.856603,0.647452,5.836572,-2.484225,12.175172,-0.055469,4.086389,0.269297,1.715496
-2.968916,9.536342,-0.090474,1.736923,0.861449,6.283947,-2.016460,11.170607,-0.011894,4.045052,0.307515,1.883578
-2.389475,8.529909,-0.104600,1.614143,1.022054,6.379443,-1.523025,10.151334,0.042469,3.993334,0.316352,2.077403
-1.781177,7.575616,-0.106617,1.502222,1.107288,6.237970,-1.071260,9.207949,0.101345,3.926653,0.286825,2.224384
-1.232573,6.749465,-0.084790,1.423835,1.116977,5.981795,-0.724878,8.404123,0.170625,3.846441,0.218506,2.263672
-0.811814,6.071115,-0.023872,1.411411,1.078125,5.715303,-0.521704,7.743250,0.258601,3.778529,0.135617,2.217584
-0.530398,5.475087,0.086896,1.489203,1.032766,5.492908,-0.444849,7.151343,0.373288,3.747043,0.077019,2.184428
-0.324902,4.827497,0.249500,1.649756,1.023040,5.297186,-0.416369,6.482356,0.535111,3.744892,0.070541,2.195808
-0.080422,3.978217,0.458550,1.846808,1.063464,5.065206,-0.329535,5.570838,0.778982,3.738461,0.123300,2.190520
0.310291,2.800169,0.703771,2.004379,1.119882,4.729188,-0.092490,4.282427,1.132621,3.673855,0.216509,2.122083
0.896068,1.200412,0.971772,2.034626,1.121457,4.247076,0.345345,2.529390,1.599633,3.470647,0.307225,1.978738
1.633343,-0.816902,1.247206,1.874525,1.003660,3.635402,0.961386,0.337011,2.138288,3.062985,0.350820,1.759003
2.386777,-3.094125,1.505095,1.512067,0.732543,2.966146,1.647518,-2.101199,2.659190,2.440691,0.313166,1.490777
2.970128,-5.348316,1.707638,0.983473,0.322119,2.322102,2.241810,-4.472537,3.061217,1.656968,0.166459,1.211071
3.212327,-7.271388,1.816205,0.361899,-0.156132,1.765687,2.580097,-6.457239,3.266341,0.821077,-0.086226,0.939004
3.013681,-8.623791,1.805832,-0.253739,-0.582104,1.343992,2.545825,-7.809574,3.214603,0.077429,-0.383018,0.722057
2.389930,-9.314523,1.665443,-0.770899,-0.827331,1.080329,2.125681,-8.436046,2.882175,-0.463780,-0.631152,0.625020
1.484692,-9.417140,1.404272,-1.136901,-0.800756,0.953354,1.425887,-8.422205,2.313164,-0.770978,-0.753827,0.640797
0.522272,-9.100666,1.060129,-1.351621,-0.508977,0.899097,0.617897,-7.964039,1.615927,-0.884458,-0.716084,0.687645
-0.285768,-8.549471,0.689773,-1.460588,-0.069832,0.839744,-0.137191,-7.278635,0.925390,-0.896320,-0.538877,0.690525
-0.816158,-7.940234,0.348885,-1.531981,0.345884,0.710600,-0.734367,-6.574939,0.365045,-0.922542,-0.286497,0.625679
-1.068793,-7.396482,0.081760,-1.621331,0.593574,0.485550,-1.152718,-5.996201,-0.003118,-1.043547,-0.027694,0.508265
-1.146176,-6.950107,-0.089966,-1.756450,0.590707,0.179234,-1.450182,-5.572081,-0.193011,-1.281426,0.178381,0.364190
-1.189080,-6.567267,-0.167812,-1.938024,0.347144,-0.167407,-1.714887,-5.248605,-0.253361,-1.608688,0.279995,0.213774
-1.307244,-6.212764,-0.160589,-2.140526,-0.036119,-0.504668,-2.012722,-4.964547,-0.230387,-1.961299,0.256985,0.071912
-1.548327,-5.876209,-0.078892,-2.316722,-0.405557,-0.779069,-2.364516,-4.681613,-0.170852,-2.262786,0.140838,-0.040915
-1.878063,-5.593329,0.039687,-2.410914,-0.611983,-0.945650,-2.726748,-4.413731,-0.115765,-2.460996,-0.012706,-0.101581
-2.177395,-5.443530,0.125208,-2.372892,-0.568077,-0.989060,-2.998634,-4.233510,-0.087418,-2.535461,-0.160401,-0.120394
-2.306966,-5.486976,0.107287,-2.182128,-0.312239,-0.941591,-3.096037,-4.211969,-0.090237,-2.492782,-0.284730,-0.159103
-2.206595,-5.721620,-0.066476,-1.860511,0.016760,-0.855955,-3.022010,-4.365372,-0.122430,-2.354681,-0.386226,-0.280611
-1.905241,-6.144448,-0.426501,-1.457485,0.285524,-0.763350,-2.834537,-4.716242,-0.195670,-2.141030,-0.460201,-0.490210
-1.472868,-6.773663,-0.952142,-1.029862,0.435551,-0.656573,-2.586307,-5.306110,-0.337978,-1.858617,-0.483497,-0.731350
-0.981534,-7.604114,-1.556086,-0.639331,0.468552,-0.519910,-2.305808,-6.128701,-0.557395,-1.520181,-0.438753,-0.921808
-0.486395,-8.574233,-2.096753,-0.340243,0.425977,-0.355038,-2.003174,-7.104149,-0.808071,-1.161236,-0.340477,-0.992144
-0.019754,-9.572726,-2.403336,-0.163872,0.364427,-0.186278,-1.680103,-8.130818,-1.004426,-0.844336,-0.224896,-0.926872
0.367484,-10.456731,-2.345791,-0.116987,0.331336,-0.055457,-1.374210,-9.095946,-1.064101,-0.649478,-0.124815,-0.779229
0.606756,-11.162744,-1.935471,-0.183664,0.365418,-0.009793,-1.157385,-9.930484,-0.962641,-0.644207,-0.060094,-0.639036
0.659760,-11.784517,-1.342256,-0.323878,0.492817,-0.067455,-1.094224,-10.673040,-0.760396,-0.848474,-0.036907,-0.597484
0.516799,-12.508030,-0.807327,-0.491354,0.692979,-0.212950,-1.244164,-11.449690,-0.583884,-1.230451,-0.038805,-0.717317
0.154879,-13.494514,-0.553577,-0.651898,0.912043,-0.411403,-1.673498,-12.383391,-0.578038,-1.717065,-0.008462,-0.973735
-0.395959,-14.842154,-0.718660,-0.788313,1.125781,-0.614458,-2.352564,-13.615372,-0.866574,-2.216368,0.147045,-1.245449
-0.993685,-16.560829,-1.293695,-0.902906,1.349970,-0.763917,-3.100200,-15.256022,-1.491085,-2.648262,0.503673,-1.388424
-1.422908,-18.536468,-2.124076,-1.017479,1.592725,-0.821330,-3.651434,-17.350898,-2.382191,-2.960465,1.056422,-1.312327
-1.482398,-20.395399,-2.958459,-1.155020,1.824624,-0.782528,-3.772561,-19.856812,-3.382887,-3.130498,1.698206,-1.032702
-1.058514,-21.543514,-3.508691,-1.322759,1.985721,-0.680678,-3.346462,-22.539722,-4.287200,-3.175464,2.256618,-0.694517
-0.196652,-21.530844,-3.566265,-1.517398,2.006387,-0.589576,-2.440854,-24.922793,-4.889309,-3.153839,2.555158,-0.508738
0.933689,-20.408280,-3.114589,-1.728872,1.849512,-0.604783,-1.252106,-26.583042,-5.081077,-3.129467,2.477255,-0.645892
2.139108,-18.568795,-2.315886,-1.930248,1.539000,-0.771844,0.002344,-27.339737,-4.884071,-3.126708,2.015937,-1.180460
3.255054,-16.477010,-1.410259,-2.076171,1.140298,-1.062226,1.130522,-27.279299,-4.412738,-3.120670,1.275631,-2.055506
4.145785,-14.557575,-0.622397,-2.116538,0.727261,-1.428627,1.967420,-26.593049,-3.807971,-3.059654,0.435047,-3.054068
4.763306,-13.030416,-0.091859,-2.012392,0.377271,-1.850938,2.461171,-25.413544,-3.181685,-2.897299,-0.297993,-3.872248
5.176508,-12.004601,0.141726,-1.754717,0.157319,-2.295238,2.698045,-23.889277,-2.604553,-2.617470,-0.756810,-4.249494
5.542223,-11.996475,0.101717,-1.375070,0.093833,-2.661428,2.865026,-22.657062,-2.182529,-2.225612,-0.887359,-4.032478
6.047182,-13.782472,-0.143532,-0.941962,0.154136,-2.774979,3.175013,-22.762004,-2.067791,-1.740131,-0.760379,-3.220026
6.844042,-17.923513,-0.483187,-0.546105,0.263010,-2.454357,3.786499,-24.982580,-2.370404,-1.215064,-0.517186,-1.986023
7.976748,-24.852245,-0.817578,-0.281486,0.331126,-1.609081,4.719752,-29.435315,-3.103135,-0.751013,-0.314311,-0.580279
9.359177,-34.818510,-1.098766,-0.203717,0.287392,-0.302874,5.872327,-35.755533,-4.205557,-0.444204,-0.267956,0.770724
10.787802,-47.169424,-1.315264,-0.290067,0.112209,1.277349,7.037098,-43.037759,-5.517763,-0.322665,-0.397817,1.860601
11.988234,-60.265762,-1.458558,-0.443463,-0.154802,2.878848,7.950409,-50.047510,-6.798185,-0.337243,-0.638640,2.547947
12.672285,-72.104201,-1.503450,-0.530927,-0.441557,4.212535,8.342061,-55.470815,-7.774036,-0.393920,-0.905164,2.827587
12.613085,-80.558071,-1.406665,-0.414634,-0.671721,4.984448,8.018600,-57.888235,-8.164862,-0.384988,-1.109887,2.767941
11.696178,-83.954010,-1.162969,-0.009827,-0.785865,5.016015,6.890467,-56.270475,-7.780098,-0.223145,-1.180590,2.441684
9.962615,-82.228783,-0.837799,0.655495,-0.761099,4.357641,5.037235,-51.010214,-6.687375,0.132806,-1.100714,1.947619
7.623942,-76.625991,-0.534654,1.454665,-0.620217,3.290926,2.707527,-43.646162,-5.187915,0.685044,-0.906271,1.395439
5.048548,-68.491454,-0.340126,2.240076,-0.415234,2.189489,0.268039,-35.722468,-3.643966,1.407701,-0.643229,0.856596
2.679858,-59.105478,-0.303539,2.881339,-0.202790,1.342776,-1.901956,-28.192519,-2.340167,2.236651,-0.365349,0.399712
0.910559,-49.527497,-0.425337,3.277978,-0.032023,0.864456,-3.486312,-21.381842,-1.408230,3.062250,-0.128772,0.094800
-0.042533,-39.980906,-0.668551,3.377348,0.070079,0.723906,-4.351264,-14.960834,-0.794741,3.757210,0.049130,-0.054609
-0.159448,-30.126297,-0.954791,3.169596,0.105495,0.804598,-4.511572,-8.472190,-0.353274,4.193590,0.188845,-0.099443
0.405442,-19.822487,-1.177395,2.664115,0.090643,0.954950,-4.077848,-1.709307,0.062958,4.246392,0.297159,-0.073996
1.363065,-9.006647,-1.241315,1.921803,0.045701,1.025747,-3.232868,5.572246,0.585566,3.836405,0.370517,-0.011804
2.338183,2.273705,-1.119875,1.049036,-0.005451,0.925806,-2.248092,13.472881,1.267917,2.978809,0.411846,0.050723
2.961855,13.276609,-0.857520,0.135094,-0.040256,0.656376,-1.380913,21.317200,1.998967,1.770762,0.414833,0.102751
2.980176,22.873479,-0.544389,-0.742210,-0.045906,0.307000,-0.804600,28.054129,2.571623,0.389697,0.366506,0.154838
2.366180,30.383265,-0.266959,-1.450398,-0.018964,-0.005655,-0.539307,33.022438,2.807045,-0.901388,0.272182,0.216289
1.322661,35.475196,-0.073095,-1.862085,0.036898,-0.208402,-0.461698,36.034343,2.635627,-1.836974,0.148625,0.310272
0.167615,38.107618,0.031731,-1.949848,0.107658,-0.280473,-0.383935,37.211147,2.140231,-2.274155,0.017349,0.466357
-0.824668,38.657626,0.053735,-1.787074,0.171524,-0.205692,-0.225033,36.861701,1.528741,-2.218334,-0.078367,0.695037
-1.493551,37.615498,0.018745,-1.496191,0.207734,0.023796,-0.004510,35.233000,1.025546,-1.790842,-0.089372,0.972992
-1.806803,35.308865,-0.032220,-1.217662,0.200605,0.387447,0.216516,32.480874,0.791777,-1.196370,-0.011942,1.266835
-1.840342,32.199769,-0.067861,-1.028264,0.150402,0.830769,0.355735,28.984933,0.895272,-0.637379,0.103232,1.541599
-1.735906,28.895359,-0.081827,-0.923459,0.076088,1.270224,0.299217,25.313734,1.299115,-0.237773,0.178815,1.766094
-1.640362,25.825921,-0.083050,-0.898871,0.001027,1.603697,-0.029239,21.891041,1.876162,-0.074361,0.129399,1.904675
-1.655115,23.154995,-0.089621,-0.979860,-0.064287,1.753091,-0.628745,18.951900,2.468820,-0.192932,-0.105529,1.924367
-1.785385,20.943220,-0.105518,-1.147571,-0.127224,1.689991,-1.385300,16.636031,2.936712,-0.552545,-0.525727,1.809349
-1.941742,19.106855,-0.112256,-1.354447,-0.210326,1.435431,-2.095537,14.897518,3.196533,-1.036803,-1.073442,1.579244
-2.000412,17.484370,-0.083813,-1.579452,-0.339657,1.058147,-2.549882,13.517502,3.251155,-1.531301,-1.663644,1.292040
-1.883073,15.912744,-0.003856,-1.821660,-0.530152,0.673049,-2.659048,12.211367,3.173927,-1.949527,-2.202653,1.035024
-1.588693,14.244093,0.138463,-2.057182,-0.773317,0.389487,-2.460650,10.744734,3.048065,-2.225686,-2.620395,0.878514
-1.170072,12.409366,0.344427,-2.240224,-1.038923,0.269554,-2.038455,9.010398,2.926879,-2.326568,-2.894918,0.851103
-0.691173,10.494498,0.600097,-2.303795,-1.283812,0.325561,-1.461268,7.101410,2.824485,-2.242510,-3.036563,0.945322
-0.198330,8.666455,0.879902,-2.194591,-1.466256,0.533841,-0.779570,5.255765,2.732541,-1.984379,-3.058113,1.134411
0.282280,7.097761,1.152365,-1.926433,-1.558589,0.841610,-0.029018,3.704138,2.637374,-1.616004,-2.970840,1.372953
0.735538,5.881629,1.386359,-1.578855,-1.556399,1.187540,0.752487,2.548056,2.534559,-1.241794,-2.781334,1.604285
1.152977,4.997776,1.564052,-1.228666,-1.482414,1.512716,1.507850,1.772660,2.438383,-0.936940,-2.498406,1.774826
1.525605,4.357250,1.683193,-0.927184,-1.379878,1.766139,2.148332,1.284871,2.387493,-0.721262,-2.154094,1.852049
1.838217,3.877188,1.754749,-0.711779,-1.292520,1.913438,2.570020,0.964530,2.428844,-0.581018,-1.812083,1.827820
2.076590,3.482868,1.801416,-0.604491,-1.249384,1.947366,2.686332,0.703171,2.589113,-0.485491,-1.539314,1.715109
2.230506,3.118138,1.847122,-0.601719,-1.255909,1.881445,2.473111,0.442372,2.844237,-0.404046,-1.378906,1.535801
2.309856,2.763278,1.905277,-0.681685,-1.291247,1.748409,2.020735,0.172765,3.123633,-0.328595,-1.331946,1.313564
2.361617,2.431270,1.977730,-0.811824,-1.321174,1.596636,1.528730,-0.071447,3.345432,-0.268951,-1.351647,1.073074
2.456922,2.158268,2.054039,-0.958383,-1.315667,1.481167,1.215419,-0.233835,3.451154,-0.241652,-1.374125,0.850963
2.652887,1.985903,2.112459,-1.098236,-1.256375,1.449724,1.219017,-0.271251,3.421056,-0.277374,-1.364807,0.695333
2.963732,1.935806,2.130869,-1.218810,-1.146687,1.528080,1.539875,-0.173549,3.282608,-0.406038,-1.333458,0.643571
3.335436,2.029756,2.096932,-1.304379,-1.023434,1.704712,2.026109,0.065361,3.101200,-0.616529,-1.315404,0.697348
3.645651,2.292769,2.014304,-1.335505,-0.944150,1.936429,2.420510,0.448935,2.957560,-0.848405,-1.340391,0.822225
3.754873,2.708123,1.908675,-1.299534,-0.955985,2.170352,2.472601,0.951137,2.919216,-1.018825,-1.411464,0.962544
3.576856,3.193149,1.822572,-1.199608,-1.073484,2.360973,2.052403,1.503997,3.012387,-1.057117,-1.503294,1.060814
3.101428,3.639336,1.793703,-1.061780,-1.271003,2.476195,1.208202,2.017027,3.199360,-0.942468,-1.564229,1.074717
2.390924,3.968796,1.838407,-0.929583,-1.487209,2.501187,0.156865,2.413584,3.392360,-0.722312,-1.534830,0.989765
1.568859,4.196811,1.944627,-0.843613,-1.650653,2.433004,-0.790425,2.694102,3.495661,-0.478435,-1.370637,0.818146
0.780052,4.447178,2.069647,-0.830866,-1.702862,2.280688,-1.350024,2.951078,3.439773,-0.287239,-1.066982,0.594345
0.134873,4.914147,2.152248,-0.904076,-1.606900,2.071770,-1.369271,3.334463,3.199129,-0.218434,-0.674607,0.376881
-0.332804,5.845845,2.134933,-1.049268,-1.354768,1.849841,-0.872710,4.046617,2.793543,-0.312697,-0.299944,0.231602
-0.679120,7.504299,1.977484,-1.215124,-0.979953,1.659133,-0.045875,5.312018,2.265610,-0.529916,-0.054959,0.189303
-1.002512,9.996024,1.673731,-1.330650,-0.550802,1.529330,0.826031,7.228921,1.673377,-0.767977,-0.002274,0.240368
-1.368697,13.136728,1.263208,-1.337113,-0.142082,1.471190,1.458499,9.663710,1.098833,-0.935462,-0.148327,0.374643
-1.786392,16.508812,0.817743,-1.216691,0.195189,1.488990,1.685338,12.300217,0.620076,-0.991425,-0.471990,0.576316
-2.222201,19.629246,0.411721,-1.006077,0.433372,1.579821,1.542219,14.756779,0.271365,-0.950957,-0.912692,0.789016
-2.626064,22.177793,0.101391,-0.781572,0.560033,1.716557,1.250244,16.750251,0.041380,-0.874926,-1.373123,0.930574
-2.962087,24.184157,-0.089431,-0.617568,0.573901,1.839778,1.110047,18.258985,-0.102936,-0.813990,-1.741525,0.932655
-3.236948,25.990769,-0.170206,-0.549219,0.487236,1.884103,1.350481,19.498387,-0.196827,-0.762297,-1.916887,0.771842
-3.504244,28.078673,-0.169689,-0.557638,0.332995,1.812677,2.005151,20.789033,-0.236850,-0.693472,-1.843740,0.520895
-3.874638,30.957793,-0.124059,-0.576728,0.176390,1.645088,2.885137,22.517670,-0.171989,-0.593096,-1.558623,0.330765
-4.492886,34.987037,-0.076964,-0.509365,0.087845,1.448043,3.639279,25.047348,0.039191,-0.417037,-1.156916,0.318811
-5.468517,40.142256,-0.067375,-0.255968,0.098638,1.291711,3.830750,28.517347,0.390258,-0.106430,-0.735495,0.504365
-6.830093,45.959387,-0.110713,0.242475,0.196805,1.228604,3.057625,32.756816,0.866248,0.342280,-0.376175,0.858728
-8.561953,51.684654,-0.186167,0.976791,0.361231,1.323961,1.134799,37.337428,1.441842,0.894082,-0.145219,1.311212
-10.606171,56.480357,-0.237916,1.877404,0.566946,1.648655,-1.769982,41.649190,2.061243,1.531149,-0.055285,1.737304
-12.832625,59.719824,-0.191389,2.833858,0.792254,2.240372,-5.152832,45.082276,2.652450,2.247642,-0.065005,2.021944
-15.019079,61.187639,0.016287,3.716525,1.028004,3.068344,-8.327929,47.234500,3.160270,3.042963,-0.101774,2.144686
-16.864460,61.009056,0.412550,4.408458,1.263150,4.026560,-10.655588,47.929781,3.550669,3.911054,-0.080425,2.191525
-18.032797,59.511399,0.972584,4.809186,1.484302,4.959479,-11.725259,47.195456,3.851100,4.756872,0.064805,2.335356
-18.263586,57.227426,1.610892,4.815799,1.702868,5.723606,-11.394032,45.367636,4.138258,5.353230,0.333570,2.715220
-17.439370,54.797232,2.191680,4.340663,1.928018,6.210824,-9.746830,43.071017,4.441173,5.449906,0.673083,3.287027
-15.602061,52.816462,2.568297,3.360636,2.120913,6.329639,-7.082080,41.024726,4.685592,4.877431,1.008422,3.802317
-12.953942,51.761127,2.633944,1.932799,2.207388,6.001679,-3.869703,39.867466,4.795490,3.569277,1.252982,3.975625
-9.870481,51.908979,2.367567,0.203225,2.125731,5.212545,-0.610015,39.985084,4.749652,1.622262,1.334114,3.635435
-6.804184,53.246535,1.845177,-1.601342,1.847876,4.038489,2.334168,41.382029,4.572322,-0.683118,1.235127,2.775221
-4.123242,55.537364,1.206295,-3.232509,1.385663,2.629777,4.795220,43.749657,4.325620,-2.984108,0.988793,1.533765
-2.004718,58.415558,0.597808,-4.486625,0.778311,1.154662,6.717078,46.623800,4.096265,-4.930650,0.654559,0.175103
-0.461172,61.422077,0.130302,-5.226898,0.061411,-0.241850,8.049764,49.487488,3.931417,-6.243577,0.308001,-0.996900
0.587717,64.107194,-0.147235,-5.421929,-0.729083,-1.446057,8.725925,51.906583,3.852723,-6.812967,0.015942,-1.731844
1.215054,66.205434,-0.248214,-5.164076,-1.529273,-2.371036,8.707233,53.681692,3.881842,-6.733300,-0.193203,-1.918481
1.435774,67.649985,-0.227723,-4.603626,-2.251423,-2.947830,8.034127,54.841438,4.001875,-6.194490,-0.331870,-1.619635
1.208315,68.505225,-0.154161,-3.862823,-2.796228,-3.109901,6.832213,55.528881,4.119366,-5.366524,-0.436279,-1.047082
0.486862,68.891090,-0.085362,-3.031410,-3.062548,-2.837641,5.274173,55.887173,4.142916,-4.388556,-0.548107,-0.420215
-0.746777,68.852900,-0.049535,-2.177112,-2.975625,-2.205075,3.570593,55.918373,4.028390,-3.368812,-0.681667,0.155706
-2.408544,68.283692,-0.045305,-1.355706,-2.512873,-1.363464,2.004249,55.447329,3.765749,-2.399387,-0.806416,0.669052
-4.241041,67.006727,-0.056665,-0.638956,-1.732032,-0.509374,0.864315,54.241151,3.377599,-1.594910,-0.883003,1.095669
-5.864835,64.853548,-0.065076,-0.112760,-0.780805,0.141731,0.278361,52.116117,2.923542,-1.071274,-0.908294,1.391882
-6.960195,61.760258,-0.059704,0.167665,0.147990,0.427329,0.160224,49.047394,2.454348,-0.883523,-0.898152,1.508202
-7.353435,57.903236,-0.046431,0.180521,0.881561,0.282948,0.300319,45.292813,2.015217,-1.027074,-0.861842,1.404923
-7.043619,53.732013,-0.044524,-0.060502,1.306517,-0.274879,0.459059,41.361165,1.664986,-1.446564,-0.791480,1.089110
-6.200479,49.804644,-0.071786,-0.465147,1.399221,-1.117718,0.461937,37.808555,1.449512,-2.012872,-0.669576,0.622531
-5.099908,46.580753,-0.134700,-0.864746,1.238592,-1.974161,0.266731,35.036994,1.358840,-2.520284,-0.479134,0.073060
-4.006139,44.226863,-0.215845,-1.090489,0.965573,-2.552692,-0.056101,33.125491,1.354381,-2.759718,-0.217666,-0.469415
-3.120565,42.527728,-0.265594,-1.035921,0.720091,-2.689310,-0.359610,31.761400,1.406187,-2.603166,0.110248,-0.879906
-2.528269,40.997403,-0.217596,-0.680152,0.599154,-2.376669,-0.430704,30.386399,1.498187,-2.056886,0.495710,-1.060499
-2.164691,39.096232,-0.015834,-0.095990,0.614198,-1.752604,-0.090179,28.447953,1.629998,-1.259277,0.898037,-1.007638
-1.882070,36.384911,0.379357,0.592707,0.688187,-1.044752,0.667860,25.564466,1.840351,-0.406207,1.217144,-0.789864
-1.582587,32.715725,0.977638,1.278097,0.732206,-0.436163,1.673663,21.706261,2.185313,0.347761,1.352058,-0.509443
-1.232860,28.355807,1.740465,1.881451,0.698012,-0.008440,2.687705,17.295779,2.691000,0.922962,1.267547,-0.260180
-0.843840,23.881296,2.580807,2.349973,0.573422,0.204829,3.477734,13.040305,3.331216,1.307134,1.009466,-0.084954
-0.471898,19.911131,3.385807,2.681483,0.383355,0.217548,3.880517,9.611506,4.040043,1.542647,0.671970,0.017242
-0.199148,16.844383,4.035427,2.913385,0.185441,0.118728,3.830443,7.389726,4.716962,1.701852,0.351981,0.047053
-0.093196,14.671518,4.434671,3.070414,0.030353,0.009454,3.351835,6.309098,5.242993,1.840226,0.104836,0.016478
-0.203655,13.029629,4.539479,3.135601,-0.062495,-0.061605,2.556138,5.919482,5.523221,1.955362,-0.059230,-0.040084
-0.534923,11.438601,4.348584,3.061483,-0.103383,-0.095287,1.628811,5.621811,5.501143,1.988017,-0.156619,-0.086223
-1.027264,9.490847,3.879825,2.791576,-0.132784,-0.131126,0.758391,4.882200,5.140104,1.860298,-0.216568,-0.104257
-1.583966,6.963997,3.187016,2.307795,-0.204913,-0.217298,0.070623,3.369057,4.458350,1.531012,-0.284454,-0.099410
-2.119884,3.931433,2.367264,1.664171,-0.337614,-0.349100,-0.387015,1.083422,3.563728,1.035095,-0.393752,-0.094872
-2.568017,0.743690,1.538479,0.966323,-0.501090,-0.472450,-0.629376,-1.637046,2.604436,0.478140,-0.535455,-0.103554
-2.883003,-2.135759,0.809060,0.325365,-0.651791,-0.544511,-0.720615,-4.290300,1.718659,-0.016836,-0.662958,-0.114560
-3.054045,-4.321527,0.258043,-0.163760,-0.751494,-0.547676,-0.749140,-6.429943,1.027471,-0.357244,-0.729209,-0.107361
-3.101572,-5.668858,-0.088048,-0.449823,-0.773978,-0.469827,-0.799030,-7.830957,0.606371,-0.510841,-0.716030,-0.068153
-3.050628,-6.313234,-0.249738,-0.546709,-0.719309,-0.314848,-0.913776,-8.540982,0.451538,-0.513876,-0.644100,0.020388
-2.914645,-6.520967,-0.268980,-0.527097,-0.616223,-0.108598,-1.073380,-8.770900,0.513756,-0.457273,-0.559918,0.177590
-2.693867,-6.532817,-0.197748,-0.483486,-0.503498,0.119491,-1.208469,-8.753305,0.718104,-0.432643,-0.508594,0.403282
-2.390226,-6.527103,-0.100960,-0.494242,-0.417002,0.337998,-1.244522,-8.677633,0.950586,-0.497861,-0.503879,0.663758
-2.017671,-6.588859,-0.031563,-0.596469,-0.384345,0.504203,-1.132086,-8.645568,1.101287,-0.671018,-0.532378,0.899274
-1.607458,-6.699740,-0.010926,-0.785023,-0.415463,0.568064,-0.869243,-8.648572,1.129375,-0.939894,-0.576381,1.036408
-1.207013,-6.773486,-0.041055,-1.035360,-0.502021,0.490901,-0.504155,-8.603462,1.033443,-1.271831,-0.618132,1.020308
-0.875557,-6.677944,-0.118723,-1.337387,-0.638825,0.265492,-0.119055,-8.381948,0.823744,-1.647260,-0.639816,0.842505
-0.671136,-6.284101,-0.228169,-1.695081,-0.819122,-0.087079,0.201793,-7.881132,0.541113,-2.060505,-0.638681,0.538283
-0.635376,-5.557233,-0.338135,-2.106812,-1.013565,-0.532100,0.390204,-7.062144,0.260699,-2.509320,-0.627623,0.156268
-0.768624,-4.588485,-0.407324,-2.543602,-1.169726,-0.994985,0.416882,-5.946088,0.049224,-2.975646,-0.616783,-0.246341
-1.014537,-3.491515,-0.405900,-2.948358,-1.239522,-1.364082,0.302393,-4.661488,-0.053204,-3.403829,-0.612108,-0.593384
-1.269195,-2.324443,-0.350125,-3.238346,-1.188157,-1.550153,0.108763,-3.455275,-0.058386,-3.679854,-0.615029,-0.793311
-1.422416,-1.162110,-0.304776,-3.318745,-1.004078,-1.528251,-0.112872,-2.520185,-0.039270,-3.683318,-0.612478,-0.784931
-1.393159,-0.256382,-0.331562,-3.113003,-0.715794,-1.326365,-0.355763,-2.042036,-0.093081,-3.349459,-0.587361,-0.569259
-1.164684,0.053420,-0.469009,-2.604703,-0.390648,-1.021718,-0.672387,-2.201054,-0.284304,-2.707394,-0.543803,-0.249119
-0.801267,-0.447853,-0.747483,-1.851651,-0.102329,-0.705739,-1.154501,-2.927278,-0.644336,-1.877329,-0.498716,-0.012465
-0.427342,-1.769383,-1.164588,-0.978766,0.086109,-0.440928,-1.882193,-3.837158,-1.158061,-1.050986,-0.467559,-0.043381
-0.162480,-3.965261,-1.616710,-0.144834,0.151636,-0.313280,-2.844776,-4.734642,-1.732185,-0.420368,-0.460766,-0.439802
-0.087921,-7.144337,-1.914772,0.510585,0.136441,-0.484230,-3.951303,-5.802931,-2.202340,-0.129727,-0.473483,-1.227857
-0.225790,-11.198560,-1.887609,0.912827,0.127990,-1.053585,-5.070397,-7.247804,-2.414859,-0.233526,-0.467956,-2.329449
-0.510084,-15.391929,-1.512158,1.052661,0.206681,-1.981260,-6.046274,-9.033559,-2.304043,-0.669770,-0.389591,-3.523284
-0.770691,-18.460520,-0.945904,0.977832,0.429519,-3.177012,-6.692825,-11.071903,-1.924374,-1.267007,-0.193045,-4.480074
-0.791783,-19.533691,-0.393852,0.788430,0.815216,-4.520235,-6.855846,-13.330980,-1.410184,-1.824755,0.137144,-4.922163
-0.363852,-19.401135,0.109526,0.598443,1.319967,-5.806399,-6.436805,-16.225562,-0.895858,-2.176582,0.576284,-4.720732
0.661411,-19.940654,0.679535,0.475847,1.841209,-6.785550,-5.412823,-20.544589,-0.457455,-2.246714,1.054042,-3.942176
2.328001,-22.680074,1.422854,0.432455,2.260157,-7.198924,-3.848914,-26.632325,-0.114382,-2.065751,1.470807,-2.778213
4.583798,-28.275311,2.377612,0.439150,2.474194,-6.818935,-1.846041,-34.050817,0.148278,-1.745949,1.716606,-1.392985
7.335700,-36.800474,3.561315,0.437889,2.435879,-5.616781,0.561710,-42.263510,0.363929,-1.414500,1.705460,0.174532
10.409222,-47.353145,4.920426,0.373848,2.172410,-3.864006,3.322585,-50.888209,0.557834,-1.187579,1.408580,1.890484
13.514166,-58.162162,6.298292,0.244665,1.753850,-1.935688,6.254796,-59.168671,0.720614,-1.127060,0.871363,3.666424
18.522021,-71.657353,7.936861,0.110050,0.750043,1.299769,11.493479,-68.700502,0.702721,-1.254028,-0.485751,6.800746
19.954516,-71.396634,7.697523,0.385241,0.323664,2.152610,13.303458,-67.462827,0.390668,-1.132131,-1.062284,7.745109
20.532633,-68.257997,6.916912,1.052195,0.022156,2.381765,14.385850,-62.373644,-0.092038,-0.681554,-1.444179,7.973762
20.299046,-65.456448,5.992148,2.100439,-0.147914,2.080657,14.717005,-55.134079,-0.618827,0.163931,-1.581198,7.366052
19.371364,-64.776708,5.190453,3.398823,-0.209709,1.460948,14.294724,-47.424693,-1.047147,1.351651,-1.473749,6.001467
17.905794,-66.371264,4.614633,4.733918,-0.201581,0.808132,13.138691,-40.046684,-1.282273,2.709885,-1.176323,4.188874
-0.566082,-9.538134,-0.826764,-0.098723,-0.524457,-0.007295,-2.579805,-11.627282,-1.198475,-0.121047,-0.409275,-0.104215
-0.585021,-9.538292,-0.821366,-0.358475,-0.691338,-0.076134,-2.695824,-11.574527,-1.161954,-0.479634,-0.542525,-0.188981
-0.622590,-9.485356,-0.814061,-0.568639,-0.817193,-0.212786,-2.783137,-11.498779,-1.128965,-0.766284,-0.647067,-0.321948
-0.639040,-9.371806,-0.809331,-0.728983,-0.906876,-0.407405,-2.801746,-11.383824,-1.098757,-0.980058,-0.732925,-0.496193
-0.619808,-9.191442,-0.799472,-0.843774,-0.979805,-0.631954,-2.746863,-11.210646,-1.074672,-1.132391,-0.819692,-0.697447
-0.578651,-8.959594,-0.770245,-0.916938,-1.056246,-0.854912,-2.648309,-10.974923,-1.060726,-1.238373,-0.920496,-0.908542
-0.546960,-8.707182,-0.711525,-0.955554,-1.143026,-1.052470,-2.552808,-10.693699,-1.059615,-1.314430,-1.032560,-1.111856
-0.564473,-8.457945,-0.620935,-0.972652,-1.230832,-1.212600,-2.503305,-10.384731,-1.068412,-1.379660,-1.141761,-1.292229
-0.661346,-8.213629,-0.505494,-0.986193,-1.306633,-1.331522,-2.521208,-10.053992,-1.076801,-1.452541,-1.236086,-1.440877
-0.836897,-7.962580,-0.379728,-1.011256,-1.360069,-1.412638,-2.597290,-9.707728,-1.072101,-1.541955,-1.308694,-1.559864
-1.056239,-7.687580,-0.260266,-1.055810,-1.387864,-1.474161,-2.701273,-9.350644,-1.040773,-1.644645,-1.357410,-1.660843
-1.266011,-7.373008,-0.160508,-1.117001,-1.394748,-1.544104,-2.798225,-8.975989,-0.966503,-1.749408,-1.383417,-1.758229
-1.413387,-7.013316,-0.089790,-1.185045,-1.389587,-1.637944,-2.859641,-8.579149,-0.839670,-1.847091,-1.392192,-1.860728
-1.464958,-6.616923,-0.051151,-1.248220,-1.384497,-1.750465,-2.873443,-8.172976,-0.669785,-1.933622,-1.396398,-1.966724
-1.418025,-6.196615,-0.039594,-1.297028,-1.399248,-1.864966,-2.848536,-7.771798,-0.481355,-2.004494,-1.417176,-2.063313
-1.299433,-5.761405,-0.045361,-1.324719,-1.454220,-1.958976,-2.807651,-7.375289,-0.301672,-2.051382,-1.473410,-2.126416
-1.157444,-5.316448,-0.059207,-1.330159,-1.556878,-2.009117,-2.779610,-6.972148,-0.153995,-2.068404,-1.567356,-2.131610
-1.051374,-4.869323,-0.073207,-1.313623,-1.695708,-2.002410,-2.792736,-6.545524,-0.052378,-2.053460,-1.680043,-2.071130
-1.034043,-4.428190,-0.080723,-1.280217,-1.841847,-1.937813,-2.858933,-6.079363,-0.000185,-2.012813,-1.781844,-1.961372
-1.129533,-3.997061,-0.077192,-1.244348,-1.955822,-1.821448,-2.963547,-5.566701,0.005499,-1.964113,-1.842614,-1.837229
-1.322433,-3.573253,-0.060809,-1.221898,-2.000602,-1.673350,-3.071159,-5.001503,-0.026442,-1.921973,-1.833912,-1.736452
-1.565914,-3.146801,-0.031350,-1.213773,-1.947619,-1.519132,-3.128409,-4.375774,-0.077482,-1.882751,-1.732505,-1.677896
-1.796471,-2.701928,0.010848,-1.208625,-1.776966,-1.364931,-3.071388,-3.705946,-0.125001,-1.835980,-1.534041,-1.654429
-1.945257,-2.227019,0.064143,-1.190986,-1.490891,-1.201498,-2.853775,-3.042827,-0.149998,-1.769530,-1.261103,-1.638854
-1.949813,-1.717608,0.126237,-1.143270,-1.126471,-1.026884,-2.468323,-2.437617,-0.135373,-1.661158,-0.956734,-1.591449
-1.773764,-1.173282,0.195395,-1.047055,-0.744770,-0.844812,-1.948572,-1.914825,-0.063868,-1.485311,-0.668397,-1.471247
-1.429286,-0.606220,0.267576,-0.893439,-0.408894,-0.659963,-1.368503,-1.479313,0.074705,-1.232680,-0.431270,-1.259419
-0.982467,-0.051825,0.335697,-0.686251,-0.164917,-0.483579,-0.828485,-1.126019,0.275354,-0.914340,-0.258138,-0.972537
-0.531682,0.441237,0.395037,-0.444480,-0.024824,-0.328409,-0.418366,-0.850650,0.515080,-0.562647,-0.146272,-0.655983
-0.170316,0.829238,0.445330,-0.201986,0.030064,-0.200653,-0.189929,-0.657415,0.757354,-0.226221,-0.087157,-0.366746
0.041431,1.086230,0.486940,0.006708,0.025616,-0.108579,-0.151843,-0.541105,0.964230,0.055304,-0.066258,-0.150854
0.081598,1.212266,0.517854,0.167318,-0.013222,-0.058770,-0.266800,-0.473482,1.107686,0.271919,-0.061627,-0.023187
-0.039139,1.230330,0.532909,0.282886,-0.055289,-0.040963,-0.460866,-0.429496,1.171700,0.427287,-0.054127,0.026092
-0.282674,1.168961,0.522009,0.358976,-0.074835,-0.038309,-0.655243,-0.408538,1.150055,0.523424,-0.036507,0.016736
-0.592210,1.052136,0.475121,0.399471,-0.067378,-0.045256,-0.792216,-0.416195,1.047562,0.565293,-0.015219,-0.023542
-0.913180,0.902262,0.390545,0.410312,-0.044436,-0.058418,-0.844844,-0.445805,0.881411,0.561360,-0.005262,-0.061883
-1.216793,0.737164,0.275039,0.397146,-0.024044,-0.069702,-0.824234,-0.487338,0.677567,0.517829,-0.021298,-0.074490
-1.507193,0.566933,0.140875,0.363486,-0.024739,-0.069879,-0.774802,-0.536031,0.463657,0.440980,-0.072205,-0.053489
-1.804449,0.400814,0.007276,0.311679,-0.054023,-0.049827,-0.753566,-0.590680,0.263604,0.336446,-0.163879,-0.008253
-2.122083,0.252428,-0.101126,0.243909,-0.109414,-0.007924,-0.810486,-0.648716,0.095525,0.207557,-0.295148,0.037064
-2.456532,0.139335,-0.168664,0.164736,-0.190962,0.035448,-0.975119,-0.694150,-0.027798,0.061908,-0.448085,0.053769
-2.791776,0.083370,-0.192877,0.082656,-0.292039,0.048965,-1.241956,-0.694815,-0.100786,-0.085834,-0.588931,0.018439
-3.101239,0.101708,-0.176063,0.003143,-0.387949,0.008840,-1.561026,-0.626518,-0.127898,-0.225760,-0.683228,-0.086331
-3.347586,0.191719,-0.132409,-0.078471,-0.454175,-0.101065,-1.846774,-0.495982,-0.122704,-0.361345,-0.712534,-0.263502
-3.488854,0.329947,-0.095437,-0.172453,-0.487744,-0.294705,-2.004620,-0.331784,-0.101966,-0.503491,-0.684805,-0.494245
-3.497096,0.490219,-0.083554,-0.286639,-0.505225,-0.569641,-1.963979,-0.160373,-0.079734,-0.663070,-0.630660,-0.748663
-3.377315,0.656764,-0.080505,-0.425550,-0.534147,-0.893820,-1.706341,0.008841,-0.063830,-0.848119,-0.586290,-1.003829
-3.175096,0.833577,-0.058618,-0.591532,-0.596433,-1.196990,-1.279285,0.195103,-0.056140,-1.062791,-0.578307,-1.248828
-2.957557,1.044537,-0.007751,-0.783422,-0.687455,-1.392563,-0.788858,0.439429,-0.055112,-1.308883,-0.618035,-1.485828
-2.788511,1.332027,0.061832,-0.996030,-0.780447,-1.427785,-0.364161,0.792983,-0.057785,-1.586366,-0.695664,-1.719004
-2.528269,40.997403,-0.217596,-0.680152,0.599154,-2.376669,-0.430704,30.386399,1.498187,-2.056886,0.495710,-1.060499
-2.164691,39.096232,-0.015834,-0.095990,0.614198,-1.752604,-0.090179,28.447953,1.629998,-1.259277,0.898037,-1.007638
-1.882070,36.384911,0.379357,0.592707,0.688187,-1.044752,0.667860,25.564466,1.840351,-0.406207,1.217144,-0.789864
-1.582587,32.715725,0.977638,1.278097,0.732206,-0.436163,1.673663,21.706261,2.185313,0.347761,1.352058,-0.509443
-1.232860,28.355807,1.740465,1.881451,0.698012,-0.008440,2.687705,17.295779,2.691000,0.922962,1.267547,-0.260180
-0.843840,23.881296,2.580807,2.349973,0.573422,0.204829,3.477734,13.040305,3.331216,1.307134,1.009466,-0.084954
-0.471898,19.911131,3.385807,2.681483,0.383355,0.217548,3.880517,9.611506,4.040043,1.542647,0.671970,0.017242
-0.199148,16.844383,4.035427,2.913385,0.185441,0.118728,3.830443,7.389726,4.716962,1.701852,0.351981,0.047053
-0.093196,14.671518,4.434671,3.070414,0.030353,0.009454,3.351835,6.309098,5.242993,1.840226,0.104836,0.016478
-0.203655,13.029629,4.539479,3.135601,-0.062495,-0.061605,2.556138,5.919482,5.523221,1.955362,-0.059230,-0.040084
-0.534923,11.438601,4.348584,3.061483,-0.103383,-0.095287,1.628811,5.621811,5.501143,1.988017,-0.156619,-0.086223
-1.027264,9.490847,3.879825,2.791576,-0.132784,-0.131126,0.758391,4.882200,5.140104,1.860298,-0.216568,-0.104257
-1.583966,6.963997,3.187016,2.307795,-0.204913,-0.217298,0.070623,3.369057,4.458350,1.531012,-0.284454,-0.099410
-2.119884,3.931433,2.367264,1.664171,-0.337614,-0.349100,-0.387015,1.083422,3.563728,1.035095,-0.393752,-0.094872
-2.568017,0.743690,1.538479,0.966323,-0.501090,-0.472450,-0.629376,-1.637046,2.604436,0.478140,-0.535455,-0.103554
-2.883003,-2.135759,0.809060,0.325365,-0.651791,-0.544511,-0.720615,-4.290300,1.718659,-0.016836,-0.662958,-0.114560
-3.054045,-4.321527,0.258043,-0.163760,-0.751494,-0.547676,-0.749140,-6.429943,1.027471,-0.357244,-0.729209,-0.107361
-3.101572,-5.668858,-0.088048,-0.449823,-0.773978,-0.469827,-0.799030,-7.830957,0.606371,-0.510841,-0.716030,-0.068153
-3.050628,-6.313234,-0.249738,-0.546709,-0.719309,-0.314848,-0.913776,-8.540982,0.451538,-0.513876,-0.644100,0.020388
-2.914645,-6.520967,-0.268980,-0.527097,-0.616223,-0.108598,-1.073380,-8.770900,0.513756,-0.457273,-0.559918,0.177590
-2.693867,-6.532817,-0.197748,-0.483486,-0.503498,0.119491,-1.208469,-8.753305,0.718104,-0.432643,-0.508594,0.403282
-2.390226,-6.527103,-0.100960,-0.494242,-0.417002,0.337998,-1.244522,-8.677633,0.950586,-0.497861,-0.503879,0.663758
-2.017671,-6.588859,-0.031563,-0.596469,-0.384345,0.504203,-1.132086,-8.645568,1.101287,-0.671018,-0.532378,0.899274
-1.607458,-6.699740,-0.010926,-0.785023,-0.415463,0.568064,-0.869243,-8.648572,1.129375,-0.939894,-0.576381,1.036408
-1.207013,-6.773486,-0.041055,-1.035360,-0.502021,0.490901,-0.504155,-8.603462,1.033443,-1.271831,-0.618132,1.020308
-0.875557,-6.677944,-0.118723,-1.337387,-0.638825,0.265492,-0.119055,-8.381948,0.823744,-1.647260,-0.639816,0.842505
-0.671136,-6.284101,-0.228169,-1.695081,-0.819122,-0.087079,0.201793,-7.881132,0.541113,-2.060505,-0.638681,0.538283
-0.635376,-5.557233,-0.338135,-2.106812,-1.013565,-0.532100,0.390204,-7.062144,0.260699,-2.509320,-0.627623,0.156268
-0.768624,-4.588485,-0.407324,-2.543602,-1.169726,-0.994985,0.416882,-5.946088,0.049224,-2.975646,-0.616783,-0.246341
-1.014537,-3.491515,-0.405900,-2.948358,-1.239522,-1.364082,0.302393,-4.661488,-0.053204,-3.403829,-0.612108,-0.593384
-1.269195,-2.324443,-0.350125,-3.238346,-1.188157,-1.550153,0.108763,-3.455275,-0.058386,-3.679854,-0.615029,-0.793311
-1.422416,-1.162110,-0.304776,-3.318745,-1.004078,-1.528251,-0.112872,-2.520185,-0.039270,-3.683318,-0.612478,-0.784931
-1.393159,-0.256382,-0.331562,-3.113003,-0.715794,-1.326365,-0.355763,-2.042036,-0.093081,-3.349459,-0.587361,-0.569259
-1.164684,0.053420,-0.469009,-2.604703,-0.390648,-1.021718,-0.672387,-2.201054,-0.284304,-2.707394,-0.543803,-0.249119
-0.801267,-0.447853,-0.747483,-1.851651,-0.102329,-0.705739,-1.154501,-2.927278,-0.644336,-1.877329,-0.498716,-0.012465
-0.427342,-1.769383,-1.164588,-0.978766,0.086109,-0.440928,-1.882193,-3.837158,-1.158061,-1.050986,-0.467559,-0.043381
-0.162480,-3.965261,-1.616710,-0.144834,0.151636,-0.313280,-2.844776,-4.734642,-1.732185,-0.420368,-0.460766,-0.439802
-0.087921,-7.144337,-1.914772,0.510585,0.136441,-0.484230,-3.951303,-5.802931,-2.202340,-0.129727,-0.473483,-1.227857
-0.225790,-11.198560,-1.887609,0.912827,0.127990,-1.053585,-5.070397,-7.247804,-2.414859,-0.233526,-0.467956,-2.329449
-0.510084,-15.391929,-1.512158,1.052661,0.206681,-1.981260,-6.046274,-9.033559,-2.304043,-0.669770,-0.389591,-3.523284
-0.770691,-18.460520,-0.945904,0.977832,0.429519,-3.177012,-6.692825,-11.071903,-1.924374,-1.267007,-0.193045,-4.480074
-0.791783,-19.533691,-0.393852,0.788430,0.815216,-4.520235,-6.855846,-13.330980,-1.410184,-1.824755,0.137144,-4.922163
-0.363852,-19.401135,0.109526,0.598443,1.319967,-5.806399,-6.436805,-16.225562,-0.895858,-2.176582,0.576284,-4.720732
0.661411,-19.940654,0.679535,0.475847,1.841209,-6.785550,-5.412823,-20.544589,-0.457455,-2.246714,1.054042,-3.942176
2.328001,-22.680074,1.422854,0.432455,2.260157,-7.198924,-3.848914,-26.632325,-0.114382,-2.065751,1.470807,-2.778213
4.583798,-28.275311,2.377612,0.439150,2.474194,-6.818935,-1.846041,-34.050817,0.148278,-1.745949,1.716606,-1.392985
7.335700,-36.800474,3.561315,0.437889,2.435879,-5.616781,0.561710,-42.263510,0.363929,-1.414500,1.705460,0.174532
10.409222,-47.353145,4.920426,0.373848,2.172410,-3.864006,3.322585,-50.888209,0.557834,-1.187579,1.408580,1.890484
13.514166,-58.162162,6.298292,0.244665,1.753850,-1.935688,6.254796,-59.168671,0.720614,-1.127060,0.871363,3.666424
16.311174,-66.978697,7.414572,0.115037,1.253042,-0.128504,9.070433,-65.636332,0.796194,-1.195643,0.197151,5.362293
16.311174,-66.978697,7.414572,0.115037,1.253042,-0.128504,9.070433,-65.636332,0.796194,-1.195643,0.197151,5.362293
18.522021,-71.657353,7.936861,0.110050,0.750043,1.299769,11.493479,-68.700502,0.702721,-1.254028,-0.485751,6.800746
19.954516,-71.396634,7.697523,0.385241,0.323664,2.152610,13.303458,-67.462827,0.390668,-1.132131,-1.062284,7.745109
20.532633,-68.257997,6.916912,1.052195,0.022156,2.381765,14.385850,-62.373644,-0.092038,-0.681554,-1.444179,7.973762
20.299046,-65.456448,5.992148,2.100439,-0.147914,2.080657,14.717005,-55.134079,-0.618827,0.163931,-1.581198,7.366052
19.371364,-64.776708,5.190453,3.398823,-0.209709,1.460948,14.294724,-47.424693,-1.047147,1.351651,-1.473749,6.001467
17.905794,-66.371264,4.614633,4.733918,-0.201581,0.808132,13.138691,-40.046684,-1.282273,2.709885,-1.176323,4.188874
16.104501,-69.628851,4.307058,5.851828,-0.150918,0.317689,11.390508,-33.387917,-1.302178,4.001361,-0.775909,2.374253
14.138244,-73.093977,4.254540,6.511545,-0.071456,-0.000151,9.276531,-28.076812,-1.156794,4.967617,-0.371118,0.904135
12.093716,-75.417489,4.458434,6.564155,0.010029,-0.203923,7.042897,-24.775609,-0.919037,5.406563,-0.051621,-0.069520
10.018321,-75.834715,4.892626,5.999907,0.047414,-0.299664,4.934455,-23.512999,-0.645775,5.244853,0.119242,-0.559690
7.983167,-73.609241,5.421133,4.947046,0.004433,-0.298314,3.176442,-23.542534,-0.356549,4.549660,0.107501,-0.678246
6.048890,-68.288028,5.881932,3.614151,-0.132840,-0.250976,1.895202,-23.967210,-0.031037,3.465740,-0.096896,-0.595006
4.231086,-60.898035,6.227333,2.218878,-0.357169,-0.209803,1.059033,-24.216548,0.384777,2.184301,-0.463670,-0.479034
2.492163,-52.799026,6.377307,0.927049,-0.637687,-0.210824,0.453566,-24.150082,0.915172,0.908137,-0.918579,-0.454015
0.768506,-44.377773,6.153213,-0.150111,-0.927181,-0.262306,-0.237883,-23.560764,1.509318,-0.189759,-1.367817,-0.554387
-0.985366,-35.782175,5.446447,-0.948588,-1.179499,-0.331909,-1.281312,-21.958639,2.053928,-1.004657,-1.730845,-0.735672
-2.745959,-27.605599,4.325516,-1.448025,-1.354902,-0.395188,-2.739003,-18.967343,2.417571,-1.499198,-1.957430,-0.928790
-4.440945,-20.299059,2.989339,-1.676503,-1.429541,-0.462956,-4.447067,-14.758352,2.483577,-1.703022,-2.032779,-1.107359
-5.992164,-14.312762,1.730452,-1.694393,-1.409414,-0.542773,-6.092258,-9.968399,2.208466,-1.692147,-1.975378,-1.275728
-7.331924,-9.855258,0.770277,-1.580455,-1.328282,-0.598812,-7.330542,-5.443038,1.675429,-1.562567,-1.838727,-1.413311
-8.404412,-6.458994,0.127408,-1.400123,-1.222502,-0.582792,-7.920527,-1.775818,1.053249,-1.395313,-1.691823,-1.462623
-9.186151,-3.411853,-0.287993,-1.191621,-1.113141,-0.471040,-7.778892,0.868775,0.491719,-1.247228,-1.586907,-1.374401
-9.679426,-0.361595,-0.528110,-0.972890,-1.008315,-0.258375,-6.901607,2.567096,0.074942,-1.150811,-1.547840,-1.131660
-9.885775,2.761117,-0.592309,-0.753890,-0.911476,0.056823,-5.280100,3.341146,-0.169335,-1.118512,-1.581882,-0.734029
-9.811382,5.912733,-0.471472,-0.534441,-0.820327,0.470399,-2.927583,3.195296,-0.258450,-1.143780,-1.682270,-0.192316
-9.482805,9.074962,-0.201366,-0.295236,-0.721365,0.961754,0.053823,2.300989,-0.248607,-1.198232,-1.825204,0.471311
-8.938599,11.964415,0.218003,-0.006722,-0.594910,1.503587,3.528730,0.902669,-0.243408,-1.231621,-1.967891,1.212286
16.104501,-69.628851,4.307058,5.851828,-0.150918,0.317689,11.390508,-33.387917,-1.302178,4.001361,-0.775909,2.374253
14.138244,-73.093977,4.254540,6.511545,-0.071456,-0.000151,9.276531,-28.076812,-1.156794,4.967617,-0.371118,0.904135
12.093716,-75.417489,4.458434,6.564155,0.010029,-0.203923,7.042897,-24.775609,-0.919037,5.406563,-0.051621,-0.069520
10.018321,-75.834715,4.892626,5.999907,0.047414,-0.299664,4.934455,-23.512999,-0.645775,5.244853,0.119242,-0.559690
7.983167,-73.609241,5.421133,4.947046,0.004433,-0.298314,3.176442,-23.542534,-0.356549,4.549660,0.107501,-0.678246
6.048890,-68.288028,5.881932,3.614151,-0.132840,-0.250976,1.895202,-23.967210,-0.031037,3.465740,-0.096896,-0.595006
4.231086,-60.898035,6.227333,2.218878,-0.357169,-0.209803,1.059033,-24.216548,0.384777,2.184301,-0.463670,-0.479034
2.492163,-52.799026,6.377307,0.927049,-0.637687,-0.210824,0.453566,-24.150082,0.915172,0.908137,-0.918579,-0.454015
0.768506,-44.377773,6.153213,-0.150111,-0.927181,-0.262306,-0.237883,-23.560764,1.509318,-0.189759,-1.367817,-0.554387
-0.985366,-35.782175,5.446447,-0.948588,-1.179499,-0.331909,-1.281312,-21.958639,2.053928,-1.004657,-1.730845,-0.735672
-2.745959,-27.605599,4.325516,-1.448025,-1.354902,-0.395188,-2.739003,-18.967343,2.417571,-1.499198,-1.957430,-0.928790
-4.440945,-20.299059,2.989339,-1.676503,-1.429541,-0.462956,-4.447067,-14.758352,2.483577,-1.703022,-2.032779,-1.107359
-5.992164,-14.312762,1.730452,-1.694393,-1.409414,-0.542773,-6.092258,-9.968399,2.208466,-1.692147,-1.975378,-1.275728
-7.331924,-9.855258,0.770277,-1.580455,-1.328282,-0.598812,-7.330542,-5.443038,1.675429,-1.562567,-1.838727,-1.413311
-8.404412,-6.458994,0.127408,-1.400123,-1.222502,-0.582792,-7.920527,-1.775818,1.053249,-1.395313,-1.691823,-1.462623
-9.186151,-3.411853,-0.287993,-1.191621,-1.113141,-0.471040,-7.778892,0.868775,0.491719,-1.247228,-1.586907,-1.374401
-9.679426,-0.361595,-0.528110,-0.972890,-1.008315,-0.258375,-6.901607,2.567096,0.074942,-1.150811,-1.547840,-1.131660
-9.885775,2.761117,-0.592309,-0.753890,-0.911476,0.056823,-5.280100,3.341146,-0.169335,-1.118512,-1.581882,-0.734029
-9.811382,5.912733,-0.471472,-0.534441,-0.820327,0.470399,-2.927583,3.195296,-0.258450,-1.143780,-1.682270,-0.192316
-9.482805,9.074962,-0.201366,-0.295236,-0.721365,0.961754,0.053823,2.300989,-0.248607,-1.198232,-1.825204,0.471311
-8.938599,11.964415,0.218003,-0.006722,-0.594910,1.503587,3.528730,0.902669,-0.243408,-1.231621,-1.967891,1.212286
